<?xml version="1.0" encoding="UTF-8"?>
<gpx version="1.1" creator="Marando" xmlns="http://www.topografix.com/GPX/1/1">
<wpt lat="49.5826533" lon="0.21433"><ele>39.27</ele><name>Départ</name><desc>Grande randonnéeHeure de départ: 09:03 18 août 2026
Heure d'arrivée: 11:29 18 août 2026
Distance: 10,9km (02:26)
Temps déplacement: 02:17
Vitesse moyenne: 4,46 km/h
Vitesse en mouvement: 4,74 km/h
Vitesse Max.: 6,40 km/h
Altitude minimale: 36 m
Altitude maximale: 116 m
Vitesse de montée: 117,7 m/h
Vitesse de descente: 160,2 m/h
Dénivelé positif: 137 m
Dénivelé négatif: 136 m
Temps de montée: 01:10
Temps de descente: 00:51</desc></wpt>
<wpt lat="49.5835017" lon="0.2138817"><ele>38.04</ele><name>Tonnelle</name><desc>Nés au XIXe siècle, les jardins ouvriers (ou familiaux) offraient aux familles modestes des villes un lopin de terre pour cultiver des légumes et améliorer leur alimentation. Au-delà du soutien nourricier, ces espaces prônaient l'hygiénisme, l'autonomie et le lien social face à l'industrialisation. Aujourd'hui, ils perdurent sous forme de havres de verdure partagés, alliant écologie urbaine, convivialité et défense de la biodiversité.</desc></wpt>
<wpt lat="49.5921617" lon="0.21293"><ele>56.29</ele><name>Chene-pedoncule</name><desc>Le chêne pédonculé se distingue par ses glands portés par un long pédoncule (contrairement au chêne sessile, dont les glands sont collés aux rameaux). Ses feuilles ont un pétiole très court (presque absentes à la base) avec des oreillettes. Son tronc se creuse souvent plus tôt avec l'âge.</desc></wpt>
<wpt lat="49.5909667" lon="0.2262183"><ele>90.15</ele><name>borne GR</name><desc>Le sentier qui traverse Rolleville est le GR® 21, également connu sous le nom de « sentier des falaises ».  Dans cette portion, après avoir quitté Le Havre et traversé Montivilliers, le GR® 21 quitte le littoral pour s'enfoncer vers le nord à travers la campagne cauchoise et les paysages de la vallée de la Lézarde, en direction de Notre-Dame-du-Bec et d'Étretat.  </desc></wpt>
<wpt lat="49.5952467" lon="0.2371733"><ele>66.4</ele><name>Pommier</name><desc>La pomme est reine en Normandie ! Symbole de la région, elle structure le paysage bocager et irrigue la gastronomie locale. Elle se transforme en cidre, calvados ou pommeau grâce au savoir-faire cidricole. En cuisine, elle sublime les plats salés (comme le poulet à la normande) et les desserts incontournables (tarte normande, bourdelot), incarnant à merveille l'art de vivre et la riche tradition fruitière normande.</desc></wpt>
<wpt lat="49.5955883" lon="0.2404117"><ele>68.67</ele><name>Chataignier</name><desc>Le châtaignier et le marronnier se distinguent facilement par leurs fruits et leurs feuilles :

Le fruit : Le châtaignier produit la châtaigne (comestible, bogue très piquante à nombreux petits picots). Le marronnier produit le marron (toxique, bogue épaisse avec des picots espacés).

Les feuilles : Le châtaignier a des feuilles simples, allongées et dentées. Le marronnier a des feuilles composées palmées (en forme de main) avec 5 à 7 folioles.</desc></wpt>
<wpt lat="49.58598500000001" lon="0.246675"><ele>116.98</ele><name>Reservoir</name><desc>La tour permet de créer une pression par gravité indispensable pour alimenter les robinets de chaque foyer sans pompage continu (10 m de hauteur = 1 bar de pression). Elle sert aussi de tampon régulateur, stockant l'eau pompée en heures creuses pour l'injecter dans le réseau lors des pics de consommation diurnes.</desc></wpt>
<wpt lat="49.58185387016015" lon="0.237168124938425"><ele>0</ele><name>limite-commune</name><desc>Les communes limitrophes de Rolleville sont au nombre de huit :

Épouville

Fontenay

Hermeville

Manéglise

Mannevillette

Montivilliers

Notre-Dame-du-Bec

Saint-Martin-du-Bec</desc></wpt>
<wpt lat="49.58443213930635" lon="0.2237122157259175"><ele>0</ele><name>linaire</name><desc>La linaire commune (Linaria vulgaris), ou « gueule de loup sauvage », est une vivace herbacée très commune aux fleurs spectaculaires jaunes et orange, rappelant de petits museaux de🦁. Très appréciée des bourdons, elle pousse sur les talus et chemins. Ses propriétés diurétiques et cicatrisantes lui valurent autrefois un usage en phytothérapie traditionnelle, notamment pour soigner la peau.</desc></wpt>
<wpt lat="49.5827317" lon="0.2145683"><ele>39.24</ele><name>Arrivee</name><desc>Grande randonnéeHeure de départ: 09:03 18 août 2026
Heure d'arrivée: 11:29 18 août 2026
Distance: 10,9km (02:26)
Temps déplacement: 02:17
Vitesse moyenne: 4,46 km/h
Vitesse en mouvement: 4,74 km/h
Vitesse Max.: 6,40 km/h
Altitude minimale: 36 m
Altitude maximale: 116 m
Vitesse de montée: 117,7 m/h
Vitesse de descente: 160,2 m/h
Dénivelé positif: 137 m
Dénivelé négatif: 136 m
Temps de montée: 01:10
Temps de descente: 00:51</desc></wpt>
<trk><name>hermeville-maneglise</name><trkseg>
<trkpt lat="49.5826533" lon="0.21433"><ele>39.27</ele></trkpt>
<trkpt lat="49.582645" lon="0.2143283"><ele>39.31</ele></trkpt>
<trkpt lat="49.58267170000001" lon="0.2143033"><ele>38.26</ele></trkpt>
<trkpt lat="49.5827033" lon="0.214315"><ele>37.64</ele></trkpt>
<trkpt lat="49.5827317" lon="0.2143283"><ele>37.87</ele></trkpt>
<trkpt lat="49.58276169999999" lon="0.2143383"><ele>38.16</ele></trkpt>
<trkpt lat="49.58278" lon="0.2143017"><ele>38.11</ele></trkpt>
<trkpt lat="49.5827783" lon="0.21426"><ele>38.27</ele></trkpt>
<trkpt lat="49.5827783" lon="0.214215"><ele>38.31</ele></trkpt>
<trkpt lat="49.5827833" lon="0.2141717"><ele>38.28</ele></trkpt>
<trkpt lat="49.5827933" lon="0.2141233"><ele>38.76</ele></trkpt>
<trkpt lat="49.5828" lon="0.2140717"><ele>39</ele></trkpt>
<trkpt lat="49.5828133" lon="0.2140183"><ele>38.91</ele></trkpt>
<trkpt lat="49.5828433" lon="0.2139917"><ele>38.93</ele></trkpt>
<trkpt lat="49.58287169999999" lon="0.2139767"><ele>38.89</ele></trkpt>
<trkpt lat="49.5829017" lon="0.2139633"><ele>38.83</ele></trkpt>
<trkpt lat="49.58293330000001" lon="0.213995"><ele>38.55</ele></trkpt>
<trkpt lat="49.582975" lon="0.2139983"><ele>38.08</ele></trkpt>
<trkpt lat="49.5830133" lon="0.2139833"><ele>37.04</ele></trkpt>
<trkpt lat="49.58304" lon="0.2139683"><ele>36.44</ele></trkpt>
<trkpt lat="49.5830683" lon="0.2139483"><ele>35.79</ele></trkpt>
<trkpt lat="49.58309830000001" lon="0.21394"><ele>34.94</ele></trkpt>
<trkpt lat="49.583135" lon="0.2139233"><ele>34.27</ele></trkpt>
<trkpt lat="49.5831633" lon="0.213905"><ele>34.27</ele></trkpt>
<trkpt lat="49.5831933" lon="0.21389"><ele>35.2</ele></trkpt>
<trkpt lat="49.58322170000001" lon="0.213875"><ele>35.75</ele></trkpt>
<trkpt lat="49.583255" lon="0.2138533"><ele>35.99</ele></trkpt>
<trkpt lat="49.58329169999999" lon="0.2138483"><ele>36.12</ele></trkpt>
<trkpt lat="49.5833267" lon="0.21386"><ele>36.31</ele></trkpt>
<trkpt lat="49.58336670000001" lon="0.2138717"><ele>36.7</ele></trkpt>
<trkpt lat="49.58339500000001" lon="0.21388"><ele>37.1</ele></trkpt>
<trkpt lat="49.5834217" lon="0.2138867"><ele>37.29</ele></trkpt>
<trkpt lat="49.5834567" lon="0.213885"><ele>37.05</ele></trkpt>
<trkpt lat="49.5834867" lon="0.2138833"><ele>36.99</ele></trkpt>
<trkpt lat="49.5835167" lon="0.2138567"><ele>38.05</ele></trkpt>
<trkpt lat="49.583555" lon="0.2138417"><ele>37.92</ele></trkpt>
<trkpt lat="49.583595" lon="0.2138283"><ele>37.35</ele></trkpt>
<trkpt lat="49.5836267" lon="0.213825"><ele>36.9</ele></trkpt>
<trkpt lat="49.58366" lon="0.21381"><ele>36.19</ele></trkpt>
<trkpt lat="49.5836917" lon="0.2137783"><ele>36</ele></trkpt>
<trkpt lat="49.58371330000001" lon="0.213735"><ele>36.19</ele></trkpt>
<trkpt lat="49.5837333" lon="0.2137033"><ele>36.34</ele></trkpt>
<trkpt lat="49.58376499999999" lon="0.21367"><ele>36.56</ele></trkpt>
<trkpt lat="49.5838033" lon="0.2136583"><ele>37.24</ele></trkpt>
<trkpt lat="49.58383" lon="0.213645"><ele>37.73</ele></trkpt>
<trkpt lat="49.583865" lon="0.2136383"><ele>38.09</ele></trkpt>
<trkpt lat="49.58390330000001" lon="0.21363"><ele>38.52</ele></trkpt>
<trkpt lat="49.58393829999999" lon="0.2136117"><ele>38.69</ele></trkpt>
<trkpt lat="49.583975" lon="0.21361"><ele>38.79</ele></trkpt>
<trkpt lat="49.5840067" lon="0.2136"><ele>39.15</ele></trkpt>
<trkpt lat="49.58403999999999" lon="0.2135867"><ele>39.74</ele></trkpt>
<trkpt lat="49.5840717" lon="0.213595"><ele>39.8</ele></trkpt>
<trkpt lat="49.5841033" lon="0.2135967"><ele>39.96</ele></trkpt>
<trkpt lat="49.584135" lon="0.2136117"><ele>39.99999999999999</ele></trkpt>
<trkpt lat="49.58417170000001" lon="0.2136"><ele>39.92</ele></trkpt>
<trkpt lat="49.5842067" lon="0.2135933"><ele>39.74</ele></trkpt>
<trkpt lat="49.5842433" lon="0.2135883"><ele>39.45</ele></trkpt>
<trkpt lat="49.5842783" lon="0.2135883"><ele>39.26</ele></trkpt>
<trkpt lat="49.5843167" lon="0.213585"><ele>39.09</ele></trkpt>
<trkpt lat="49.5843533" lon="0.2135783"><ele>39.01</ele></trkpt>
<trkpt lat="49.5843867" lon="0.2135733"><ele>39.45</ele></trkpt>
<trkpt lat="49.5844167" lon="0.2135583"><ele>39.62</ele></trkpt>
<trkpt lat="49.5844533" lon="0.21354"><ele>39.48</ele></trkpt>
<trkpt lat="49.5844917" lon="0.2135233"><ele>39.99999999999999</ele></trkpt>
<trkpt lat="49.5845233" lon="0.213505"><ele>40.46</ele></trkpt>
<trkpt lat="49.5845567" lon="0.2134867"><ele>40.68</ele></trkpt>
<trkpt lat="49.58459" lon="0.213475"><ele>40.6</ele></trkpt>
<trkpt lat="49.58462169999999" lon="0.21345"><ele>40.55</ele></trkpt>
<trkpt lat="49.58465" lon="0.2134133"><ele>40.7</ele></trkpt>
<trkpt lat="49.5846767" lon="0.2133717"><ele>40.93999999999999</ele></trkpt>
<trkpt lat="49.5846983" lon="0.21333"><ele>41.26</ele></trkpt>
<trkpt lat="49.5847217" lon="0.2132917"><ele>41.59</ele></trkpt>
<trkpt lat="49.5847417" lon="0.2132633"><ele>41.58</ele></trkpt>
<trkpt lat="49.58477" lon="0.213235"><ele>41.51</ele></trkpt>
<trkpt lat="49.58479330000001" lon="0.2131833"><ele>41.59</ele></trkpt>
<trkpt lat="49.5848183" lon="0.2131567"><ele>41.44</ele></trkpt>
<trkpt lat="49.58484170000001" lon="0.21313"><ele>41.22</ele></trkpt>
<trkpt lat="49.5848633" lon="0.213105"><ele>41.04</ele></trkpt>
<trkpt lat="49.5848917" lon="0.21307"><ele>40.65</ele></trkpt>
<trkpt lat="49.5849217" lon="0.2130467"><ele>40.16</ele></trkpt>
<trkpt lat="49.584945" lon="0.21302"><ele>39.71</ele></trkpt>
<trkpt lat="49.5849683" lon="0.21298"><ele>39.09</ele></trkpt>
<trkpt lat="49.58499329999999" lon="0.21295"><ele>38.84</ele></trkpt>
<trkpt lat="49.5850233" lon="0.2129267"><ele>38.41</ele></trkpt>
<trkpt lat="49.58505" lon="0.2128983"><ele>38.11</ele></trkpt>
<trkpt lat="49.585085" lon="0.2128667"><ele>37.82</ele></trkpt>
<trkpt lat="49.58511" lon="0.2128467"><ele>37.8</ele></trkpt>
<trkpt lat="49.585145" lon="0.2128217"><ele>38.13</ele></trkpt>
<trkpt lat="49.585175" lon="0.2127983"><ele>38.53</ele></trkpt>
<trkpt lat="49.5852033" lon="0.2127633"><ele>38.94</ele></trkpt>
<trkpt lat="49.5852367" lon="0.212735"><ele>39.29</ele></trkpt>
<trkpt lat="49.58526499999999" lon="0.2127017"><ele>39.27</ele></trkpt>
<trkpt lat="49.5852967" lon="0.2126717"><ele>39.33</ele></trkpt>
<trkpt lat="49.58532829999999" lon="0.2126483"><ele>39.46</ele></trkpt>
<trkpt lat="49.58535329999999" lon="0.2126317"><ele>39.52</ele></trkpt>
<trkpt lat="49.5853883" lon="0.212605"><ele>39.1</ele></trkpt>
<trkpt lat="49.5854217" lon="0.2125767"><ele>38.74</ele></trkpt>
<trkpt lat="49.58545170000001" lon="0.2125567"><ele>38.6</ele></trkpt>
<trkpt lat="49.58548669999999" lon="0.212535"><ele>38.53</ele></trkpt>
<trkpt lat="49.5855217" lon="0.212515"><ele>38.62</ele></trkpt>
<trkpt lat="49.58555" lon="0.212495"><ele>38.63</ele></trkpt>
<trkpt lat="49.5855833" lon="0.212475"><ele>39.14</ele></trkpt>
<trkpt lat="49.585615" lon="0.2124633"><ele>39.6</ele></trkpt>
<trkpt lat="49.58564670000001" lon="0.21245"><ele>40.37</ele></trkpt>
<trkpt lat="49.5856783" lon="0.2124283"><ele>40.93</ele></trkpt>
<trkpt lat="49.5857067" lon="0.2124083"><ele>41.24</ele></trkpt>
<trkpt lat="49.58573830000001" lon="0.2123883"><ele>41.28</ele></trkpt>
<trkpt lat="49.5857667" lon="0.2123717"><ele>41.36</ele></trkpt>
<trkpt lat="49.58579499999999" lon="0.2123533"><ele>41.44</ele></trkpt>
<trkpt lat="49.585825" lon="0.2123217"><ele>41.38</ele></trkpt>
<trkpt lat="49.585855" lon="0.2122883"><ele>41.46</ele></trkpt>
<trkpt lat="49.5858867" lon="0.2122567"><ele>40.93999999999999</ele></trkpt>
<trkpt lat="49.5859133" lon="0.21222"><ele>40.43</ele></trkpt>
<trkpt lat="49.5859417" lon="0.21219"><ele>40.15</ele></trkpt>
<trkpt lat="49.5859717" lon="0.21217"><ele>39.91</ele></trkpt>
<trkpt lat="49.586005" lon="0.2121433"><ele>39.99999999999999</ele></trkpt>
<trkpt lat="49.5860333" lon="0.21213"><ele>40.1</ele></trkpt>
<trkpt lat="49.5860633" lon="0.2121233"><ele>40.26</ele></trkpt>
<trkpt lat="49.5861" lon="0.21211"><ele>40.23</ele></trkpt>
<trkpt lat="49.5861267" lon="0.2120983"><ele>39.95</ele></trkpt>
<trkpt lat="49.586165" lon="0.2120983"><ele>39.64</ele></trkpt>
<trkpt lat="49.5862017" lon="0.212085"><ele>39.13</ele></trkpt>
<trkpt lat="49.5862367" lon="0.2120683"><ele>38.86</ele></trkpt>
<trkpt lat="49.5862733" lon="0.212045"><ele>38.7</ele></trkpt>
<trkpt lat="49.5863067" lon="0.2120283"><ele>38.62</ele></trkpt>
<trkpt lat="49.5863433" lon="0.2120217"><ele>38.57</ele></trkpt>
<trkpt lat="49.58637169999999" lon="0.2120283"><ele>38.74</ele></trkpt>
<trkpt lat="49.5864033" lon="0.2120417"><ele>38.73</ele></trkpt>
<trkpt lat="49.586435" lon="0.212045"><ele>38.64</ele></trkpt>
<trkpt lat="49.58646330000001" lon="0.2120383"><ele>38.79</ele></trkpt>
<trkpt lat="49.5864983" lon="0.21204"><ele>39.17</ele></trkpt>
<trkpt lat="49.586535" lon="0.2120617"><ele>38.92</ele></trkpt>
<trkpt lat="49.58656999999999" lon="0.21208"><ele>38.93</ele></trkpt>
<trkpt lat="49.586605" lon="0.2120917"><ele>38.92</ele></trkpt>
<trkpt lat="49.58663829999999" lon="0.2121233"><ele>38.93</ele></trkpt>
<trkpt lat="49.5866683" lon="0.21214"><ele>38.97</ele></trkpt>
<trkpt lat="49.5866983" lon="0.212155"><ele>38.86</ele></trkpt>
<trkpt lat="49.5867267" lon="0.2121767"><ele>38.89</ele></trkpt>
<trkpt lat="49.58676" lon="0.21218"><ele>39.19</ele></trkpt>
<trkpt lat="49.5867917" lon="0.2121817"><ele>39.04</ele></trkpt>
<trkpt lat="49.58682829999999" lon="0.2121783"><ele>39</ele></trkpt>
<trkpt lat="49.586865" lon="0.2121767"><ele>38.84</ele></trkpt>
<trkpt lat="49.58690000000001" lon="0.2121783"><ele>38.31</ele></trkpt>
<trkpt lat="49.58694" lon="0.212195"><ele>37.84</ele></trkpt>
<trkpt lat="49.5869683" lon="0.2122017"><ele>37.8</ele></trkpt>
<trkpt lat="49.586995" lon="0.2122217"><ele>38.15</ele></trkpt>
<trkpt lat="49.5870267" lon="0.21223"><ele>38.81</ele></trkpt>
<trkpt lat="49.5870583" lon="0.2122433"><ele>39.1</ele></trkpt>
<trkpt lat="49.5870933" lon="0.2122533"><ele>39.1</ele></trkpt>
<trkpt lat="49.5871267" lon="0.2122717"><ele>39.31</ele></trkpt>
<trkpt lat="49.5871617" lon="0.212285"><ele>39.58</ele></trkpt>
<trkpt lat="49.5871983" lon="0.212295"><ele>39.81</ele></trkpt>
<trkpt lat="49.58724" lon="0.2122967"><ele>40.14</ele></trkpt>
<trkpt lat="49.5872783" lon="0.21229"><ele>40.22</ele></trkpt>
<trkpt lat="49.5873083" lon="0.21228"><ele>40.08</ele></trkpt>
<trkpt lat="49.58734830000001" lon="0.2122767"><ele>40.26</ele></trkpt>
<trkpt lat="49.5873817" lon="0.2122567"><ele>40.5</ele></trkpt>
<trkpt lat="49.5874117" lon="0.2122333"><ele>40.91</ele></trkpt>
<trkpt lat="49.58744329999999" lon="0.21221"><ele>41.55</ele></trkpt>
<trkpt lat="49.58747" lon="0.212175"><ele>42.63</ele></trkpt>
<trkpt lat="49.587495" lon="0.2121567"><ele>42.69</ele></trkpt>
<trkpt lat="49.5875283" lon="0.2121233"><ele>43.06</ele></trkpt>
<trkpt lat="49.587565" lon="0.2120917"><ele>43.12</ele></trkpt>
<trkpt lat="49.5875933" lon="0.2120767"><ele>43.26</ele></trkpt>
<trkpt lat="49.587625" lon="0.212065"><ele>43.3</ele></trkpt>
<trkpt lat="49.5876533" lon="0.2120483"><ele>43.65</ele></trkpt>
<trkpt lat="49.5876883" lon="0.21202"><ele>43.93</ele></trkpt>
<trkpt lat="49.5877117" lon="0.211995"><ele>43.92</ele></trkpt>
<trkpt lat="49.5877483" lon="0.2119717"><ele>43.9</ele></trkpt>
<trkpt lat="49.58778170000001" lon="0.2119467"><ele>43.83</ele></trkpt>
<trkpt lat="49.5878067" lon="0.2119217"><ele>43.8</ele></trkpt>
<trkpt lat="49.5878317" lon="0.2119017"><ele>43.73</ele></trkpt>
<trkpt lat="49.5878633" lon="0.2118867"><ele>43.77</ele></trkpt>
<trkpt lat="49.5878917" lon="0.2118717"><ele>44.38</ele></trkpt>
<trkpt lat="49.587925" lon="0.2118483"><ele>45.26</ele></trkpt>
<trkpt lat="49.5879483" lon="0.21182"><ele>45.87</ele></trkpt>
<trkpt lat="49.5879783" lon="0.2117883"><ele>46.28</ele></trkpt>
<trkpt lat="49.5880117" lon="0.2117617"><ele>46.39</ele></trkpt>
<trkpt lat="49.58804330000001" lon="0.21175"><ele>46.14</ele></trkpt>
<trkpt lat="49.5880717" lon="0.2117317"><ele>45.94</ele></trkpt>
<trkpt lat="49.5881083" lon="0.2117133"><ele>45.71</ele></trkpt>
<trkpt lat="49.58813829999999" lon="0.2116917"><ele>45.86</ele></trkpt>
<trkpt lat="49.588165" lon="0.21166"><ele>46.06</ele></trkpt>
<trkpt lat="49.58820170000001" lon="0.2116383"><ele>45.9</ele></trkpt>
<trkpt lat="49.58823000000001" lon="0.211625"><ele>45.9</ele></trkpt>
<trkpt lat="49.58827" lon="0.2115983"><ele>45.73</ele></trkpt>
<trkpt lat="49.5882967" lon="0.211585"><ele>45.45</ele></trkpt>
<trkpt lat="49.5883233" lon="0.211575"><ele>45.24</ele></trkpt>
<trkpt lat="49.58836" lon="0.21156"><ele>44.67</ele></trkpt>
<trkpt lat="49.5883967" lon="0.2115433"><ele>44.44</ele></trkpt>
<trkpt lat="49.588425" lon="0.2115317"><ele>44.22</ele></trkpt>
<trkpt lat="49.58845500000001" lon="0.211525"><ele>43.9</ele></trkpt>
<trkpt lat="49.5884833" lon="0.2115183"><ele>43.64</ele></trkpt>
<trkpt lat="49.58851169999999" lon="0.2115133"><ele>43.28</ele></trkpt>
<trkpt lat="49.5885383" lon="0.2115067"><ele>43.2</ele></trkpt>
<trkpt lat="49.58857829999999" lon="0.2115"><ele>42.96</ele></trkpt>
<trkpt lat="49.5886067" lon="0.2114933"><ele>42.49</ele></trkpt>
<trkpt lat="49.58863330000001" lon="0.211485"><ele>42.06</ele></trkpt>
<trkpt lat="49.5886733" lon="0.2114783"><ele>41.9</ele></trkpt>
<trkpt lat="49.58871000000001" lon="0.2114783"><ele>41.8</ele></trkpt>
<trkpt lat="49.5887433" lon="0.2114917"><ele>41.63</ele></trkpt>
<trkpt lat="49.5887783" lon="0.211515"><ele>41.55</ele></trkpt>
<trkpt lat="49.5888067" lon="0.2115267"><ele>41.84</ele></trkpt>
<trkpt lat="49.58884" lon="0.2115467"><ele>42</ele></trkpt>
<trkpt lat="49.58887499999999" lon="0.2115533"><ele>41.92999999999999</ele></trkpt>
<trkpt lat="49.5889133" lon="0.2115633"><ele>41.64</ele></trkpt>
<trkpt lat="49.58894329999999" lon="0.21158"><ele>41.59</ele></trkpt>
<trkpt lat="49.5889717" lon="0.2115983"><ele>41.4</ele></trkpt>
<trkpt lat="49.5889967" lon="0.211615"><ele>41.41</ele></trkpt>
<trkpt lat="49.589025" lon="0.2116233"><ele>41.49</ele></trkpt>
<trkpt lat="49.5890517" lon="0.2116317"><ele>41.49</ele></trkpt>
<trkpt lat="49.5890783" lon="0.2116433"><ele>41.51</ele></trkpt>
<trkpt lat="49.5891133" lon="0.2116633"><ele>41.47</ele></trkpt>
<trkpt lat="49.5891383" lon="0.2116867"><ele>41.83</ele></trkpt>
<trkpt lat="49.5891733" lon="0.2117117"><ele>42.63</ele></trkpt>
<trkpt lat="49.5892" lon="0.2117283"><ele>43.01</ele></trkpt>
<trkpt lat="49.5892283" lon="0.2117483"><ele>43.09</ele></trkpt>
<trkpt lat="49.589265" lon="0.2117683"><ele>43.09</ele></trkpt>
<trkpt lat="49.5892933" lon="0.2117867"><ele>43.51</ele></trkpt>
<trkpt lat="49.5893267" lon="0.211805"><ele>43.94</ele></trkpt>
<trkpt lat="49.58936" lon="0.2118167"><ele>43.75</ele></trkpt>
<trkpt lat="49.589385" lon="0.2118367"><ele>43.45</ele></trkpt>
<trkpt lat="49.5894183" lon="0.2118567"><ele>42.94</ele></trkpt>
<trkpt lat="49.5894517" lon="0.21187"><ele>42.8</ele></trkpt>
<trkpt lat="49.58948" lon="0.21188"><ele>42.7</ele></trkpt>
<trkpt lat="49.58951669999999" lon="0.2118967"><ele>42.5</ele></trkpt>
<trkpt lat="49.58955" lon="0.2119067"><ele>42.49</ele></trkpt>
<trkpt lat="49.5895867" lon="0.211915"><ele>42.59</ele></trkpt>
<trkpt lat="49.58962830000001" lon="0.21192"><ele>42.82</ele></trkpt>
<trkpt lat="49.5896583" lon="0.2119333"><ele>43.12</ele></trkpt>
<trkpt lat="49.5896967" lon="0.21194"><ele>43.62</ele></trkpt>
<trkpt lat="49.58973169999999" lon="0.211935"><ele>44.10999999999999</ele></trkpt>
<trkpt lat="49.58976830000001" lon="0.2119417"><ele>44.73</ele></trkpt>
<trkpt lat="49.589795" lon="0.21195"><ele>44.95</ele></trkpt>
<trkpt lat="49.58983" lon="0.2119583"><ele>45.21</ele></trkpt>
<trkpt lat="49.5898567" lon="0.21197"><ele>45.34999999999999</ele></trkpt>
<trkpt lat="49.5898933" lon="0.2119767"><ele>45.84</ele></trkpt>
<trkpt lat="49.5899217" lon="0.2119867"><ele>45.75</ele></trkpt>
<trkpt lat="49.58995" lon="0.2119967"><ele>45.61</ele></trkpt>
<trkpt lat="49.5899833" lon="0.2120083"><ele>45.49</ele></trkpt>
<trkpt lat="49.5900133" lon="0.21202"><ele>45.46</ele></trkpt>
<trkpt lat="49.5900533" lon="0.212035"><ele>45.56</ele></trkpt>
<trkpt lat="49.59008" lon="0.2120417"><ele>45.73</ele></trkpt>
<trkpt lat="49.590115" lon="0.2120567"><ele>45.91</ele></trkpt>
<trkpt lat="49.5901483" lon="0.2120683"><ele>46.22</ele></trkpt>
<trkpt lat="49.5901783" lon="0.2120817"><ele>46.35</ele></trkpt>
<trkpt lat="49.5902067" lon="0.2120933"><ele>46.55</ele></trkpt>
<trkpt lat="49.59023830000001" lon="0.2121033"><ele>46.91</ele></trkpt>
<trkpt lat="49.5902667" lon="0.21211"><ele>47.17</ele></trkpt>
<trkpt lat="49.59029830000001" lon="0.2121167"><ele>47.19</ele></trkpt>
<trkpt lat="49.5903267" lon="0.212125"><ele>47.19</ele></trkpt>
<trkpt lat="49.5903533" lon="0.212135"><ele>47.26</ele></trkpt>
<trkpt lat="49.5903883" lon="0.2121433"><ele>47.55</ele></trkpt>
<trkpt lat="49.590415" lon="0.2121517"><ele>47.77</ele></trkpt>
<trkpt lat="49.59044329999999" lon="0.2121617"><ele>47.88</ele></trkpt>
<trkpt lat="49.5904717" lon="0.2121717"><ele>48</ele></trkpt>
<trkpt lat="49.59049829999999" lon="0.2121783"><ele>48.08</ele></trkpt>
<trkpt lat="49.5905383" lon="0.212185"><ele>48.19</ele></trkpt>
<trkpt lat="49.59058" lon="0.2121917"><ele>48.35</ele></trkpt>
<trkpt lat="49.59062169999999" lon="0.2121967"><ele>48.42</ele></trkpt>
<trkpt lat="49.5906483" lon="0.2122067"><ele>48.02</ele></trkpt>
<trkpt lat="49.5906767" lon="0.2122083"><ele>47.58</ele></trkpt>
<trkpt lat="49.59070669999999" lon="0.2122167"><ele>47.43</ele></trkpt>
<trkpt lat="49.59073500000001" lon="0.2122233"><ele>47.39</ele></trkpt>
<trkpt lat="49.5907633" lon="0.21223"><ele>47.46</ele></trkpt>
<trkpt lat="49.5907983" lon="0.21224"><ele>47.84</ele></trkpt>
<trkpt lat="49.5908317" lon="0.2122533"><ele>48.15</ele></trkpt>
<trkpt lat="49.5908667" lon="0.21225"><ele>48.52</ele></trkpt>
<trkpt lat="49.5908883" lon="0.212225"><ele>49.00000000000001</ele></trkpt>
<trkpt lat="49.5909267" lon="0.2122317"><ele>48.89</ele></trkpt>
<trkpt lat="49.59096499999999" lon="0.2122467"><ele>48.6</ele></trkpt>
<trkpt lat="49.59099330000001" lon="0.2122667"><ele>47.77</ele></trkpt>
<trkpt lat="49.59103" lon="0.2122817"><ele>46.89</ele></trkpt>
<trkpt lat="49.591065" lon="0.21229"><ele>46.6</ele></trkpt>
<trkpt lat="49.5911067" lon="0.2122933"><ele>46.41</ele></trkpt>
<trkpt lat="49.591145" lon="0.2123"><ele>46.52</ele></trkpt>
<trkpt lat="49.5911833" lon="0.212315"><ele>47.24</ele></trkpt>
<trkpt lat="49.59122" lon="0.212325"><ele>47.51</ele></trkpt>
<trkpt lat="49.59125670000001" lon="0.2123333"><ele>47.13</ele></trkpt>
<trkpt lat="49.59129000000001" lon="0.212345"><ele>47.25</ele></trkpt>
<trkpt lat="49.5913217" lon="0.212355"><ele>47.01</ele></trkpt>
<trkpt lat="49.59135330000001" lon="0.2123633"><ele>47.22</ele></trkpt>
<trkpt lat="49.59139" lon="0.2123667"><ele>47.73</ele></trkpt>
<trkpt lat="49.59142670000001" lon="0.2123733"><ele>47.86</ele></trkpt>
<trkpt lat="49.5914617" lon="0.2123783"><ele>48.5</ele></trkpt>
<trkpt lat="49.5914917" lon="0.2123967"><ele>49.05</ele></trkpt>
<trkpt lat="49.59152" lon="0.2124117"><ele>49.77</ele></trkpt>
<trkpt lat="49.5915567" lon="0.2124267"><ele>50.26</ele></trkpt>
<trkpt lat="49.5915933" lon="0.212435"><ele>50.73</ele></trkpt>
<trkpt lat="49.5916317" lon="0.2124467"><ele>50.98</ele></trkpt>
<trkpt lat="49.59167" lon="0.2124633"><ele>51.03999999999999</ele></trkpt>
<trkpt lat="49.5917083" lon="0.21248"><ele>51.63</ele></trkpt>
<trkpt lat="49.591735" lon="0.2124933"><ele>51.7</ele></trkpt>
<trkpt lat="49.59176" lon="0.2125133"><ele>51.6</ele></trkpt>
<trkpt lat="49.5917833" lon="0.21254"><ele>51.59</ele></trkpt>
<trkpt lat="49.5918167" lon="0.2125667"><ele>51.26</ele></trkpt>
<trkpt lat="49.59184669999999" lon="0.21259"><ele>51.09</ele></trkpt>
<trkpt lat="49.5918733" lon="0.21261"><ele>51.19</ele></trkpt>
<trkpt lat="49.59190830000001" lon="0.212615"><ele>50.78999999999999</ele></trkpt>
<trkpt lat="49.5919367" lon="0.212625"><ele>50.64</ele></trkpt>
<trkpt lat="49.5919717" lon="0.2126217"><ele>50.53</ele></trkpt>
<trkpt lat="49.5920033" lon="0.21262"><ele>50.10999999999999</ele></trkpt>
<trkpt lat="49.5920317" lon="0.2126267"><ele>49.89</ele></trkpt>
<trkpt lat="49.59206" lon="0.2126333"><ele>49.98</ele></trkpt>
<trkpt lat="49.592095" lon="0.2126367"><ele>50.16</ele></trkpt>
<trkpt lat="49.59213" lon="0.2126517"><ele>50.52</ele></trkpt>
<trkpt lat="49.592165" lon="0.2126717"><ele>51.19</ele></trkpt>
<trkpt lat="49.5922" lon="0.2126983"><ele>52.46</ele></trkpt>
<trkpt lat="49.592225" lon="0.2127233"><ele>53.91</ele></trkpt>
<trkpt lat="49.5922467" lon="0.2127733"><ele>54.24</ele></trkpt>
<trkpt lat="49.59225" lon="0.212825"><ele>54.50999999999999</ele></trkpt>
<trkpt lat="49.5922333" lon="0.2128733"><ele>54.86</ele></trkpt>
<trkpt lat="49.5922217" lon="0.2129133"><ele>55.12</ele></trkpt>
<trkpt lat="49.5922" lon="0.2129567"><ele>55.74</ele></trkpt>
<trkpt lat="49.59217" lon="0.2129533"><ele>55.79000000000001</ele></trkpt>
<trkpt lat="49.59216829999999" lon="0.212995"><ele>58.36</ele></trkpt>
<trkpt lat="49.592165" lon="0.2130383"><ele>58.78</ele></trkpt>
<trkpt lat="49.59214670000001" lon="0.21307"><ele>58.72</ele></trkpt>
<trkpt lat="49.59212170000001" lon="0.213095"><ele>58.52</ele></trkpt>
<trkpt lat="49.592095" lon="0.2131267"><ele>58.56</ele></trkpt>
<trkpt lat="49.59207000000001" lon="0.2131433"><ele>58.68</ele></trkpt>
<trkpt lat="49.5920383" lon="0.2131583"><ele>58.72</ele></trkpt>
<trkpt lat="49.59201" lon="0.2131867"><ele>59.16</ele></trkpt>
<trkpt lat="49.5920283" lon="0.2132267"><ele>59.29</ele></trkpt>
<trkpt lat="49.5920433" lon="0.2132633"><ele>59.39</ele></trkpt>
<trkpt lat="49.5920467" lon="0.2133083"><ele>59.57999999999999</ele></trkpt>
<trkpt lat="49.5920667" lon="0.2133483"><ele>59.75</ele></trkpt>
<trkpt lat="49.5920917" lon="0.2133783"><ele>60.07</ele></trkpt>
<trkpt lat="49.5921033" lon="0.2134233"><ele>60.38</ele></trkpt>
<trkpt lat="49.5921267" lon="0.2134517"><ele>60.65</ele></trkpt>
<trkpt lat="49.59215500000001" lon="0.2134817"><ele>60.79</ele></trkpt>
<trkpt lat="49.592165" lon="0.2135317"><ele>61.34</ele></trkpt>
<trkpt lat="49.5921867" lon="0.213565"><ele>61.73999999999999</ele></trkpt>
<trkpt lat="49.5921983" lon="0.2136067"><ele>62.84</ele></trkpt>
<trkpt lat="49.59223170000001" lon="0.2136033"><ele>63.97</ele></trkpt>
<trkpt lat="49.5922467" lon="0.2136467"><ele>65.39</ele></trkpt>
<trkpt lat="49.5922683" lon="0.2136717"><ele>66.03</ele></trkpt>
<trkpt lat="49.59228" lon="0.2137233"><ele>66.56</ele></trkpt>
<trkpt lat="49.5922883" lon="0.2137633"><ele>67.08</ele></trkpt>
<trkpt lat="49.5922883" lon="0.2138067"><ele>67.89</ele></trkpt>
<trkpt lat="49.59229" lon="0.21385"><ele>68.76</ele></trkpt>
<trkpt lat="49.592275" lon="0.2139017"><ele>69.51</ele></trkpt>
<trkpt lat="49.5922633" lon="0.2139417"><ele>70.17</ele></trkpt>
<trkpt lat="49.5922583" lon="0.21399"><ele>70.69</ele></trkpt>
<trkpt lat="49.5922483" lon="0.214035"><ele>71.02</ele></trkpt>
<trkpt lat="49.59224" lon="0.2140817"><ele>71.7</ele></trkpt>
<trkpt lat="49.59223" lon="0.2141317"><ele>72.49</ele></trkpt>
<trkpt lat="49.5922267" lon="0.2141783"><ele>73.45</ele></trkpt>
<trkpt lat="49.5922233" lon="0.214225"><ele>74.44</ele></trkpt>
<trkpt lat="49.59222" lon="0.214275"><ele>75.36</ele></trkpt>
<trkpt lat="49.59221830000001" lon="0.2143233"><ele>75.98</ele></trkpt>
<trkpt lat="49.59222" lon="0.2143733"><ele>76.51</ele></trkpt>
<trkpt lat="49.59222" lon="0.21442"><ele>76.78</ele></trkpt>
<trkpt lat="49.592225" lon="0.2144683"><ele>77.28</ele></trkpt>
<trkpt lat="49.5922267" lon="0.2145183"><ele>77.64</ele></trkpt>
<trkpt lat="49.5922233" lon="0.21457"><ele>77.88</ele></trkpt>
<trkpt lat="49.592225" lon="0.2146217"><ele>77.91</ele></trkpt>
<trkpt lat="49.5922217" lon="0.21467"><ele>78.12</ele></trkpt>
<trkpt lat="49.59222" lon="0.21472"><ele>78.19</ele></trkpt>
<trkpt lat="49.5922167" lon="0.2147667"><ele>78.19</ele></trkpt>
<trkpt lat="49.592205" lon="0.2148083"><ele>78.84</ele></trkpt>
<trkpt lat="49.59221830000001" lon="0.2148567"><ele>78.82</ele></trkpt>
<trkpt lat="49.5922233" lon="0.2149"><ele>78.62</ele></trkpt>
<trkpt lat="49.59221830000001" lon="0.21495"><ele>78.5</ele></trkpt>
<trkpt lat="49.5922167" lon="0.2149967"><ele>78.49</ele></trkpt>
<trkpt lat="49.5922167" lon="0.2150517"><ele>78.75</ele></trkpt>
<trkpt lat="49.5922167" lon="0.2151067"><ele>78.96</ele></trkpt>
<trkpt lat="49.59221830000001" lon="0.215155"><ele>79.39</ele></trkpt>
<trkpt lat="49.59221830000001" lon="0.2152067"><ele>79.75</ele></trkpt>
<trkpt lat="49.592215" lon="0.2152583"><ele>80.28</ele></trkpt>
<trkpt lat="49.5922017" lon="0.2153067"><ele>80.9</ele></trkpt>
<trkpt lat="49.5921667" lon="0.215335"><ele>81.36</ele></trkpt>
<trkpt lat="49.59213330000001" lon="0.21535"><ele>81.41</ele></trkpt>
<trkpt lat="49.59209999999999" lon="0.2153567"><ele>81.11</ele></trkpt>
<trkpt lat="49.59207330000001" lon="0.2153633"><ele>80.84</ele></trkpt>
<trkpt lat="49.5920317" lon="0.2153683"><ele>80.73</ele></trkpt>
<trkpt lat="49.59199499999999" lon="0.2153683"><ele>80.53</ele></trkpt>
<trkpt lat="49.5919583" lon="0.2153717"><ele>80.68</ele></trkpt>
<trkpt lat="49.5919183" lon="0.2153683"><ele>80.69</ele></trkpt>
<trkpt lat="49.5918817" lon="0.2153683"><ele>80.69</ele></trkpt>
<trkpt lat="49.59184669999999" lon="0.2153617"><ele>80.59</ele></trkpt>
<trkpt lat="49.59181" lon="0.2153583"><ele>80.56</ele></trkpt>
<trkpt lat="49.59177" lon="0.215365"><ele>80.68</ele></trkpt>
<trkpt lat="49.5917317" lon="0.21537"><ele>80.88</ele></trkpt>
<trkpt lat="49.591695" lon="0.21537"><ele>80.98</ele></trkpt>
<trkpt lat="49.5916683" lon="0.2153583"><ele>81.9</ele></trkpt>
<trkpt lat="49.5916367" lon="0.21536"><ele>82.07</ele></trkpt>
<trkpt lat="49.59160000000001" lon="0.21537"><ele>82.12</ele></trkpt>
<trkpt lat="49.5915683" lon="0.21537"><ele>82.17</ele></trkpt>
<trkpt lat="49.59153" lon="0.215365"><ele>82.28</ele></trkpt>
<trkpt lat="49.5914933" lon="0.21536"><ele>82.03</ele></trkpt>
<trkpt lat="49.59145500000001" lon="0.21536"><ele>81.9</ele></trkpt>
<trkpt lat="49.591425" lon="0.2153567"><ele>82.33</ele></trkpt>
<trkpt lat="49.5914033" lon="0.2153817"><ele>82.96</ele></trkpt>
<trkpt lat="49.59137669999999" lon="0.21539"><ele>83.08</ele></trkpt>
<trkpt lat="49.5913467" lon="0.2153917"><ele>83.09</ele></trkpt>
<trkpt lat="49.59131669999999" lon="0.2153867"><ele>83</ele></trkpt>
<trkpt lat="49.591285" lon="0.215385"><ele>82.74</ele></trkpt>
<trkpt lat="49.59125670000001" lon="0.21538"><ele>82.44</ele></trkpt>
<trkpt lat="49.59121829999999" lon="0.2153833"><ele>82.04</ele></trkpt>
<trkpt lat="49.59119" lon="0.2153867"><ele>81.74</ele></trkpt>
<trkpt lat="49.59116" lon="0.2153817"><ele>81.7</ele></trkpt>
<trkpt lat="49.5911317" lon="0.2153783"><ele>81.55</ele></trkpt>
<trkpt lat="49.59110330000001" lon="0.21538"><ele>81.43</ele></trkpt>
<trkpt lat="49.591065" lon="0.215385"><ele>81.46</ele></trkpt>
<trkpt lat="49.5910317" lon="0.215385"><ele>81.93</ele></trkpt>
<trkpt lat="49.5909983" lon="0.2154033"><ele>81.66</ele></trkpt>
<trkpt lat="49.59097" lon="0.215445"><ele>81.24</ele></trkpt>
<trkpt lat="49.5909533" lon="0.215485"><ele>80.87</ele></trkpt>
<trkpt lat="49.5909383" lon="0.2155283"><ele>80.73</ele></trkpt>
<trkpt lat="49.59092" lon="0.21557"><ele>80.63</ele></trkpt>
<trkpt lat="49.59091" lon="0.21561"><ele>80.6</ele></trkpt>
<trkpt lat="49.5909" lon="0.2156667"><ele>80.78</ele></trkpt>
<trkpt lat="49.5908883" lon="0.2157133"><ele>80.86</ele></trkpt>
<trkpt lat="49.5908767" lon="0.2157517"><ele>80.89</ele></trkpt>
<trkpt lat="49.590865" lon="0.21581"><ele>81.05</ele></trkpt>
<trkpt lat="49.5908517" lon="0.2158583"><ele>81.58</ele></trkpt>
<trkpt lat="49.59084170000001" lon="0.2159"><ele>81.89</ele></trkpt>
<trkpt lat="49.5908233" lon="0.2159517"><ele>82.2</ele></trkpt>
<trkpt lat="49.5908067" lon="0.2160067"><ele>82.53</ele></trkpt>
<trkpt lat="49.59079" lon="0.2160567"><ele>82.95</ele></trkpt>
<trkpt lat="49.5907767" lon="0.2160983"><ele>83.25</ele></trkpt>
<trkpt lat="49.5907633" lon="0.2161483"><ele>83.45</ele></trkpt>
<trkpt lat="49.5907467" lon="0.2162033"><ele>83.75</ele></trkpt>
<trkpt lat="49.5907283" lon="0.2162567"><ele>84.12</ele></trkpt>
<trkpt lat="49.59070999999999" lon="0.216305"><ele>84.54</ele></trkpt>
<trkpt lat="49.590695" lon="0.21635"><ele>84.57</ele></trkpt>
<trkpt lat="49.5906767" lon="0.2163983"><ele>84.99</ele></trkpt>
<trkpt lat="49.59067170000001" lon="0.21645"><ele>85.42</ele></trkpt>
<trkpt lat="49.590665" lon="0.216495"><ele>85.43</ele></trkpt>
<trkpt lat="49.5906517" lon="0.2165367"><ele>85.21</ele></trkpt>
<trkpt lat="49.5906383" lon="0.2165833"><ele>84.91</ele></trkpt>
<trkpt lat="49.590625" lon="0.2166383"><ele>84.92</ele></trkpt>
<trkpt lat="49.59060499999999" lon="0.2166867"><ele>85.22</ele></trkpt>
<trkpt lat="49.59058329999999" lon="0.21672"><ele>85.64</ele></trkpt>
<trkpt lat="49.59057000000001" lon="0.2167567"><ele>86.03</ele></trkpt>
<trkpt lat="49.590555" lon="0.2167967"><ele>86.18</ele></trkpt>
<trkpt lat="49.5905417" lon="0.2168383"><ele>86.19</ele></trkpt>
<trkpt lat="49.5905283" lon="0.2168883"><ele>86.26</ele></trkpt>
<trkpt lat="49.5905217" lon="0.2169333"><ele>86.22</ele></trkpt>
<trkpt lat="49.59051000000001" lon="0.216985"><ele>86.26</ele></trkpt>
<trkpt lat="49.5904917" lon="0.2170383"><ele>86.48</ele></trkpt>
<trkpt lat="49.590475" lon="0.2170767"><ele>86.35</ele></trkpt>
<trkpt lat="49.59046000000001" lon="0.2171317"><ele>86.13</ele></trkpt>
<trkpt lat="49.59045" lon="0.21719"><ele>86.02</ele></trkpt>
<trkpt lat="49.59043499999999" lon="0.21723"><ele>86.16</ele></trkpt>
<trkpt lat="49.59042500000001" lon="0.2172867"><ele>86.61</ele></trkpt>
<trkpt lat="49.59041329999999" lon="0.217345"><ele>86.89</ele></trkpt>
<trkpt lat="49.59040000000001" lon="0.2174017"><ele>86.89</ele></trkpt>
<trkpt lat="49.5903917" lon="0.2174417"><ele>86.99</ele></trkpt>
<trkpt lat="49.5903767" lon="0.2174983"><ele>87.32</ele></trkpt>
<trkpt lat="49.5903617" lon="0.2175517"><ele>87.56</ele></trkpt>
<trkpt lat="49.5903483" lon="0.2176"><ele>87.68</ele></trkpt>
<trkpt lat="49.5903417" lon="0.2176417"><ele>87.95</ele></trkpt>
<trkpt lat="49.59033" lon="0.2177017"><ele>88.17</ele></trkpt>
<trkpt lat="49.5903167" lon="0.217755"><ele>88.28</ele></trkpt>
<trkpt lat="49.5903017" lon="0.21781"><ele>88.55</ele></trkpt>
<trkpt lat="49.5902883" lon="0.2178683"><ele>88.85</ele></trkpt>
<trkpt lat="49.5902767" lon="0.2179233"><ele>88.96</ele></trkpt>
<trkpt lat="49.5902667" lon="0.2179833"><ele>89.25</ele></trkpt>
<trkpt lat="49.590255" lon="0.2180417"><ele>89.58</ele></trkpt>
<trkpt lat="49.5902417" lon="0.2180933"><ele>89.66</ele></trkpt>
<trkpt lat="49.59022670000001" lon="0.2181433"><ele>89.94999999999999</ele></trkpt>
<trkpt lat="49.5902167" lon="0.218195"><ele>90.06</ele></trkpt>
<trkpt lat="49.590205" lon="0.2182483"><ele>90.42</ele></trkpt>
<trkpt lat="49.59019" lon="0.218305"><ele>90.49</ele></trkpt>
<trkpt lat="49.5901783" lon="0.21835"><ele>90.33</ele></trkpt>
<trkpt lat="49.5901667" lon="0.2184033"><ele>90.21</ele></trkpt>
<trkpt lat="49.590155" lon="0.2184533"><ele>90.36</ele></trkpt>
<trkpt lat="49.59014670000001" lon="0.2185"><ele>90.49</ele></trkpt>
<trkpt lat="49.59013499999999" lon="0.21855"><ele>90.66</ele></trkpt>
<trkpt lat="49.5901267" lon="0.218605"><ele>90.79</ele></trkpt>
<trkpt lat="49.5901183" lon="0.2186567"><ele>90.47</ele></trkpt>
<trkpt lat="49.5901067" lon="0.2187083"><ele>90.31</ele></trkpt>
<trkpt lat="49.590095" lon="0.2187617"><ele>90.46</ele></trkpt>
<trkpt lat="49.59008" lon="0.2188167"><ele>90.75</ele></trkpt>
<trkpt lat="49.5900683" lon="0.2188717"><ele>90.91</ele></trkpt>
<trkpt lat="49.590055" lon="0.218925"><ele>90.38</ele></trkpt>
<trkpt lat="49.590045" lon="0.2189783"><ele>89.94</ele></trkpt>
<trkpt lat="49.590035" lon="0.2190367"><ele>89.8</ele></trkpt>
<trkpt lat="49.59002330000001" lon="0.2190933"><ele>89.96</ele></trkpt>
<trkpt lat="49.5900133" lon="0.2191467"><ele>89.97</ele></trkpt>
<trkpt lat="49.58999829999999" lon="0.2191983"><ele>90.02</ele></trkpt>
<trkpt lat="49.5899883" lon="0.2192383"><ele>90.16</ele></trkpt>
<trkpt lat="49.58997670000001" lon="0.2192933"><ele>90.44999999999999</ele></trkpt>
<trkpt lat="49.5899667" lon="0.2193467"><ele>90.78</ele></trkpt>
<trkpt lat="49.5899533" lon="0.2194033"><ele>91.19</ele></trkpt>
<trkpt lat="49.589945" lon="0.2194433"><ele>91.63</ele></trkpt>
<trkpt lat="49.58993830000001" lon="0.219485"><ele>91.78</ele></trkpt>
<trkpt lat="49.58993" lon="0.2195417"><ele>91.7</ele></trkpt>
<trkpt lat="49.58992" lon="0.2195917"><ele>91.79</ele></trkpt>
<trkpt lat="49.58991" lon="0.2196467"><ele>92.15</ele></trkpt>
<trkpt lat="49.5898983" lon="0.2197017"><ele>92.1</ele></trkpt>
<trkpt lat="49.5898833" lon="0.2197483"><ele>92.42</ele></trkpt>
<trkpt lat="49.5898733" lon="0.2197983"><ele>92.82</ele></trkpt>
<trkpt lat="49.5898633" lon="0.2198567"><ele>93.16</ele></trkpt>
<trkpt lat="49.5898567" lon="0.2198983"><ele>93.26</ele></trkpt>
<trkpt lat="49.58985000000001" lon="0.2199517"><ele>92.95</ele></trkpt>
<trkpt lat="49.5898433" lon="0.2200067"><ele>92.83</ele></trkpt>
<trkpt lat="49.5898333" lon="0.2200567"><ele>93.22</ele></trkpt>
<trkpt lat="49.5898217" lon="0.220105"><ele>93.9</ele></trkpt>
<trkpt lat="49.58981" lon="0.2201567"><ele>94.09</ele></trkpt>
<trkpt lat="49.5897967" lon="0.2202083"><ele>94</ele></trkpt>
<trkpt lat="49.58978170000001" lon="0.22026"><ele>94.42</ele></trkpt>
<trkpt lat="49.5897733" lon="0.2203"><ele>94.65</ele></trkpt>
<trkpt lat="49.5897633" lon="0.22034"><ele>94.69</ele></trkpt>
<trkpt lat="49.58974829999999" lon="0.2203933"><ele>94.63</ele></trkpt>
<trkpt lat="49.5897367" lon="0.2204317"><ele>94.44</ele></trkpt>
<trkpt lat="49.5897233" lon="0.2204883"><ele>94.05</ele></trkpt>
<trkpt lat="49.5897117" lon="0.2205433"><ele>93.9</ele></trkpt>
<trkpt lat="49.5896983" lon="0.2206017"><ele>94.05999999999999</ele></trkpt>
<trkpt lat="49.5896867" lon="0.22066"><ele>94.26</ele></trkpt>
<trkpt lat="49.58967670000001" lon="0.22071"><ele>94.20999999999998</ele></trkpt>
<trkpt lat="49.589665" lon="0.220765"><ele>93.87</ele></trkpt>
<trkpt lat="49.5896533" lon="0.2208167"><ele>93.38</ele></trkpt>
<trkpt lat="49.5896417" lon="0.2208667"><ele>93.11</ele></trkpt>
<trkpt lat="49.58962999999999" lon="0.2209167"><ele>92.84</ele></trkpt>
<trkpt lat="49.5896183" lon="0.2209617"><ele>92.96</ele></trkpt>
<trkpt lat="49.5896067" lon="0.221"><ele>93</ele></trkpt>
<trkpt lat="49.589585" lon="0.2210367"><ele>93.06</ele></trkpt>
<trkpt lat="49.5895683" lon="0.2210783"><ele>93.26</ele></trkpt>
<trkpt lat="49.589555" lon="0.2211217"><ele>93.46</ele></trkpt>
<trkpt lat="49.58954169999999" lon="0.2211633"><ele>93.59</ele></trkpt>
<trkpt lat="49.589525" lon="0.2212067"><ele>93.67</ele></trkpt>
<trkpt lat="49.5895083" lon="0.221255"><ele>94.20999999999998</ele></trkpt>
<trkpt lat="49.589495" lon="0.2213133"><ele>94.39</ele></trkpt>
<trkpt lat="49.5894883" lon="0.22136"><ele>94.38</ele></trkpt>
<trkpt lat="49.58948169999999" lon="0.2214033"><ele>94.49</ele></trkpt>
<trkpt lat="49.58947" lon="0.2214617"><ele>94.41</ele></trkpt>
<trkpt lat="49.5894583" lon="0.2215117"><ele>94.30999999999999</ele></trkpt>
<trkpt lat="49.58944670000001" lon="0.22156"><ele>94.36</ele></trkpt>
<trkpt lat="49.58943169999999" lon="0.2216083"><ele>94.72</ele></trkpt>
<trkpt lat="49.5894167" lon="0.221655"><ele>95.08</ele></trkpt>
<trkpt lat="49.58940500000001" lon="0.2217083"><ele>95.27</ele></trkpt>
<trkpt lat="49.5893933" lon="0.2217567"><ele>95.49</ele></trkpt>
<trkpt lat="49.58937169999999" lon="0.2217867"><ele>95.78</ele></trkpt>
<trkpt lat="49.58935" lon="0.221825"><ele>95.51</ele></trkpt>
<trkpt lat="49.5893333" lon="0.2218583"><ele>95.5</ele></trkpt>
<trkpt lat="49.5893217" lon="0.2219117"><ele>95.59</ele></trkpt>
<trkpt lat="49.58932000000001" lon="0.221955"><ele>95.76</ele></trkpt>
<trkpt lat="49.5893117" lon="0.2220017"><ele>95.8</ele></trkpt>
<trkpt lat="49.5893017" lon="0.2220433"><ele>95.64</ele></trkpt>
<trkpt lat="49.58929" lon="0.222085"><ele>95.44</ele></trkpt>
<trkpt lat="49.58927829999999" lon="0.2221233"><ele>95.58</ele></trkpt>
<trkpt lat="49.5892633" lon="0.2221817"><ele>95.51</ele></trkpt>
<trkpt lat="49.589245" lon="0.222235"><ele>95.27</ele></trkpt>
<trkpt lat="49.58923" lon="0.2222867"><ele>94.92</ele></trkpt>
<trkpt lat="49.5892167" lon="0.2223417"><ele>94.9</ele></trkpt>
<trkpt lat="49.5892" lon="0.2223933"><ele>94.83</ele></trkpt>
<trkpt lat="49.58918499999999" lon="0.2224433"><ele>94.9</ele></trkpt>
<trkpt lat="49.5891667" lon="0.222475"><ele>95.15</ele></trkpt>
<trkpt lat="49.589145" lon="0.2225017"><ele>95.53</ele></trkpt>
<trkpt lat="49.5891267" lon="0.2225417"><ele>95.95</ele></trkpt>
<trkpt lat="49.5891117" lon="0.2225867"><ele>96.03</ele></trkpt>
<trkpt lat="49.58909830000001" lon="0.2226283"><ele>96.15</ele></trkpt>
<trkpt lat="49.5890833" lon="0.2226733"><ele>96.43999999999998</ele></trkpt>
<trkpt lat="49.58907000000001" lon="0.22271"><ele>96.53</ele></trkpt>
<trkpt lat="49.589075" lon="0.2227633"><ele>96.31</ele></trkpt>
<trkpt lat="49.58908" lon="0.2228183"><ele>96.13</ele></trkpt>
<trkpt lat="49.5890833" lon="0.22286"><ele>95.93999999999998</ele></trkpt>
<trkpt lat="49.5891017" lon="0.222905"><ele>95.62</ele></trkpt>
<trkpt lat="49.58912" lon="0.2229383"><ele>95.53</ele></trkpt>
<trkpt lat="49.58914" lon="0.22297"><ele>95.57</ele></trkpt>
<trkpt lat="49.58915" lon="0.22301"><ele>95.76</ele></trkpt>
<trkpt lat="49.589165" lon="0.2230517"><ele>95.89</ele></trkpt>
<trkpt lat="49.58918499999999" lon="0.2230933"><ele>95.97</ele></trkpt>
<trkpt lat="49.589205" lon="0.22314"><ele>95.91</ele></trkpt>
<trkpt lat="49.5892233" lon="0.2231833"><ele>95.9</ele></trkpt>
<trkpt lat="49.5892417" lon="0.2232333"><ele>95.63</ele></trkpt>
<trkpt lat="49.58925670000001" lon="0.2232683"><ele>95.35</ele></trkpt>
<trkpt lat="49.5892717" lon="0.2233083"><ele>95.16</ele></trkpt>
<trkpt lat="49.589285" lon="0.2233467"><ele>94.71</ele></trkpt>
<trkpt lat="49.58930329999999" lon="0.2233983"><ele>94.25</ele></trkpt>
<trkpt lat="49.58932000000001" lon="0.22345"><ele>94.08</ele></trkpt>
<trkpt lat="49.58934669999999" lon="0.2234983"><ele>94.71</ele></trkpt>
<trkpt lat="49.58937" lon="0.22354"><ele>95.22</ele></trkpt>
<trkpt lat="49.5893867" lon="0.2235933"><ele>95.43</ele></trkpt>
<trkpt lat="49.5894067" lon="0.2236333"><ele>95.33</ele></trkpt>
<trkpt lat="49.5894233" lon="0.2236667"><ele>95.37</ele></trkpt>
<trkpt lat="49.58944670000001" lon="0.2237117"><ele>95.33</ele></trkpt>
<trkpt lat="49.5894717" lon="0.22375"><ele>95.34</ele></trkpt>
<trkpt lat="49.5895" lon="0.223795"><ele>95.57</ele></trkpt>
<trkpt lat="49.589525" lon="0.22384"><ele>95.08</ele></trkpt>
<trkpt lat="49.5895467" lon="0.2238717"><ele>95.01</ele></trkpt>
<trkpt lat="49.58956669999999" lon="0.2239"><ele>94.91</ele></trkpt>
<trkpt lat="49.5895883" lon="0.22393"><ele>94.80999999999999</ele></trkpt>
<trkpt lat="49.58961" lon="0.2239583"><ele>94.59</ele></trkpt>
<trkpt lat="49.5896417" lon="0.2239883"><ele>93.95999999999998</ele></trkpt>
<trkpt lat="49.58967" lon="0.224025"><ele>93.57</ele></trkpt>
<trkpt lat="49.5896967" lon="0.2240633"><ele>93.24</ele></trkpt>
<trkpt lat="49.5897167" lon="0.2240967"><ele>93.13</ele></trkpt>
<trkpt lat="49.5897383" lon="0.2241233"><ele>92.87</ele></trkpt>
<trkpt lat="49.5897667" lon="0.2241567"><ele>92.31</ele></trkpt>
<trkpt lat="49.58979000000001" lon="0.2241967"><ele>91.76</ele></trkpt>
<trkpt lat="49.5898133" lon="0.2242417"><ele>91.35</ele></trkpt>
<trkpt lat="49.5898383" lon="0.2242917"><ele>90.87</ele></trkpt>
<trkpt lat="49.589855" lon="0.2243267"><ele>90.57</ele></trkpt>
<trkpt lat="49.58987500000001" lon="0.2243633"><ele>90.44999999999999</ele></trkpt>
<trkpt lat="49.5899" lon="0.2244"><ele>90.78</ele></trkpt>
<trkpt lat="49.5899217" lon="0.2244333"><ele>90.89</ele></trkpt>
<trkpt lat="49.589945" lon="0.2244667"><ele>90.9</ele></trkpt>
<trkpt lat="49.58996499999999" lon="0.224495"><ele>90.9</ele></trkpt>
<trkpt lat="49.5899917" lon="0.2245367"><ele>91.51</ele></trkpt>
<trkpt lat="49.59001170000001" lon="0.2245683"><ele>91.91</ele></trkpt>
<trkpt lat="49.5900383" lon="0.224615"><ele>92.55</ele></trkpt>
<trkpt lat="49.5900583" lon="0.2246467"><ele>92.59</ele></trkpt>
<trkpt lat="49.59007829999999" lon="0.2246783"><ele>92.78</ele></trkpt>
<trkpt lat="49.59009999999999" lon="0.22471"><ele>92.66</ele></trkpt>
<trkpt lat="49.59013" lon="0.22475"><ele>91.82999999999998</ele></trkpt>
<trkpt lat="49.59015000000001" lon="0.2247783"><ele>91.05</ele></trkpt>
<trkpt lat="49.590175" lon="0.224825"><ele>90.09999999999998</ele></trkpt>
<trkpt lat="49.5902033" lon="0.22487"><ele>89.23</ele></trkpt>
<trkpt lat="49.590225" lon="0.2248983"><ele>88.63</ele></trkpt>
<trkpt lat="49.5902467" lon="0.2249267"><ele>88.19</ele></trkpt>
<trkpt lat="49.59027329999999" lon="0.2249733"><ele>87.91</ele></trkpt>
<trkpt lat="49.5902917" lon="0.2250067"><ele>87.81</ele></trkpt>
<trkpt lat="49.5903183" lon="0.2250483"><ele>87.61</ele></trkpt>
<trkpt lat="49.59034" lon="0.2250733"><ele>87.78</ele></trkpt>
<trkpt lat="49.59036" lon="0.2251033"><ele>88.03</ele></trkpt>
<trkpt lat="49.59038" lon="0.2251317"><ele>88.32</ele></trkpt>
<trkpt lat="49.59040830000001" lon="0.22517"><ele>89.19</ele></trkpt>
<trkpt lat="49.59043" lon="0.2251983"><ele>89.52</ele></trkpt>
<trkpt lat="49.5904517" lon="0.2252267"><ele>90</ele></trkpt>
<trkpt lat="49.59048170000001" lon="0.2252667"><ele>90.64</ele></trkpt>
<trkpt lat="49.5905133" lon="0.2253083"><ele>90.86</ele></trkpt>
<trkpt lat="49.5905433" lon="0.2253483"><ele>90.64</ele></trkpt>
<trkpt lat="49.590575" lon="0.225385"><ele>90.34999999999998</ele></trkpt>
<trkpt lat="49.5905933" lon="0.2254167"><ele>90.37</ele></trkpt>
<trkpt lat="49.59062" lon="0.2254617"><ele>90.69999999999999</ele></trkpt>
<trkpt lat="49.59064" lon="0.22549"><ele>91.13</ele></trkpt>
<trkpt lat="49.59066829999999" lon="0.2255333"><ele>91.71</ele></trkpt>
<trkpt lat="49.59069329999999" lon="0.2255717"><ele>92.17</ele></trkpt>
<trkpt lat="49.5907217" lon="0.225615"><ele>91.8</ele></trkpt>
<trkpt lat="49.5907483" lon="0.22566"><ele>91.25</ele></trkpt>
<trkpt lat="49.5907667" lon="0.2256933"><ele>91.11</ele></trkpt>
<trkpt lat="49.590785" lon="0.225725"><ele>91.26</ele></trkpt>
<trkpt lat="49.5908083" lon="0.2257717"><ele>91.38</ele></trkpt>
<trkpt lat="49.59083" lon="0.2258217"><ele>91.47</ele></trkpt>
<trkpt lat="49.59085" lon="0.2258733"><ele>91.33</ele></trkpt>
<trkpt lat="49.59087169999999" lon="0.2259217"><ele>91.18</ele></trkpt>
<trkpt lat="49.5908933" lon="0.2259717"><ele>91.03</ele></trkpt>
<trkpt lat="49.5909117" lon="0.2260233"><ele>90.81</ele></trkpt>
<trkpt lat="49.5909283" lon="0.2260717"><ele>90.8</ele></trkpt>
<trkpt lat="49.59094" lon="0.2261167"><ele>90.6</ele></trkpt>
<trkpt lat="49.5909417" lon="0.2261633"><ele>90.64</ele></trkpt>
<trkpt lat="49.59096" lon="0.2262"><ele>89.89</ele></trkpt>
<trkpt lat="49.5909917" lon="0.2262183"><ele>89.32</ele></trkpt>
<trkpt lat="49.59102" lon="0.2262117"><ele>88.78</ele></trkpt>
<trkpt lat="49.59105" lon="0.226205"><ele>88.61</ele></trkpt>
<trkpt lat="49.591085" lon="0.2262033"><ele>88.44</ele></trkpt>
<trkpt lat="49.59112" lon="0.2261967"><ele>88.05</ele></trkpt>
<trkpt lat="49.5911533" lon="0.2261867"><ele>87.7</ele></trkpt>
<trkpt lat="49.5911933" lon="0.2261833"><ele>87.17</ele></trkpt>
<trkpt lat="49.59122" lon="0.2261733"><ele>86.94</ele></trkpt>
<trkpt lat="49.5912483" lon="0.2261667"><ele>86.9</ele></trkpt>
<trkpt lat="49.5912867" lon="0.22614"><ele>86.62</ele></trkpt>
<trkpt lat="49.5913217" lon="0.226115"><ele>86.78</ele></trkpt>
<trkpt lat="49.59136" lon="0.2261167"><ele>87.06</ele></trkpt>
<trkpt lat="49.5913967" lon="0.226105"><ele>87.7</ele></trkpt>
<trkpt lat="49.591425" lon="0.2260933"><ele>88.2</ele></trkpt>
<trkpt lat="49.5914533" lon="0.2260867"><ele>88.54</ele></trkpt>
<trkpt lat="49.5914917" lon="0.226085"><ele>89.02</ele></trkpt>
<trkpt lat="49.59153" lon="0.226085"><ele>89.3</ele></trkpt>
<trkpt lat="49.59156" lon="0.226085"><ele>89.16</ele></trkpt>
<trkpt lat="49.5915983" lon="0.2260933"><ele>88.74</ele></trkpt>
<trkpt lat="49.59162830000001" lon="0.2260983"><ele>88.53</ele></trkpt>
<trkpt lat="49.59166329999999" lon="0.2260967"><ele>88.18</ele></trkpt>
<trkpt lat="49.5916917" lon="0.2261"><ele>87.78</ele></trkpt>
<trkpt lat="49.59172" lon="0.2260983"><ele>87.63</ele></trkpt>
<trkpt lat="49.5917467" lon="0.2260917"><ele>87.69</ele></trkpt>
<trkpt lat="49.59178670000001" lon="0.2260817"><ele>87.35</ele></trkpt>
<trkpt lat="49.5918133" lon="0.226075"><ele>86.91</ele></trkpt>
<trkpt lat="49.59184669999999" lon="0.2260567"><ele>86.8</ele></trkpt>
<trkpt lat="49.5918733" lon="0.2260433"><ele>86.78</ele></trkpt>
<trkpt lat="49.59190999999999" lon="0.2260367"><ele>86.82</ele></trkpt>
<trkpt lat="49.5919467" lon="0.2260283"><ele>86.73</ele></trkpt>
<trkpt lat="49.59198500000001" lon="0.2260183"><ele>86.63</ele></trkpt>
<trkpt lat="49.5920183" lon="0.22601"><ele>86.67</ele></trkpt>
<trkpt lat="49.59205" lon="0.2260067"><ele>86.7</ele></trkpt>
<trkpt lat="49.592085" lon="0.2260017"><ele>86.39</ele></trkpt>
<trkpt lat="49.592125" lon="0.226"><ele>86.27</ele></trkpt>
<trkpt lat="49.5921533" lon="0.226"><ele>86.29</ele></trkpt>
<trkpt lat="49.5921917" lon="0.226005"><ele>86.25</ele></trkpt>
<trkpt lat="49.59223170000001" lon="0.2260083"><ele>85.68</ele></trkpt>
<trkpt lat="49.5922633" lon="0.2260133"><ele>85.43</ele></trkpt>
<trkpt lat="49.5923" lon="0.2260183"><ele>85.19</ele></trkpt>
<trkpt lat="49.5923317" lon="0.2260283"><ele>84.74</ele></trkpt>
<trkpt lat="49.5923667" lon="0.226045"><ele>84.19</ele></trkpt>
<trkpt lat="49.5924017" lon="0.2260667"><ele>83.58</ele></trkpt>
<trkpt lat="49.5924283" lon="0.2260783"><ele>83.08</ele></trkpt>
<trkpt lat="49.5924633" lon="0.2260917"><ele>82.84</ele></trkpt>
<trkpt lat="49.5924967" lon="0.2261067"><ele>82.47</ele></trkpt>
<trkpt lat="49.5925317" lon="0.2261133"><ele>81.97</ele></trkpt>
<trkpt lat="49.59257000000001" lon="0.2261133"><ele>81.55</ele></trkpt>
<trkpt lat="49.59260330000001" lon="0.22611"><ele>81.31</ele></trkpt>
<trkpt lat="49.592635" lon="0.2261017"><ele>81.29</ele></trkpt>
<trkpt lat="49.5926733" lon="0.2260967"><ele>81.04</ele></trkpt>
<trkpt lat="49.5927117" lon="0.22609"><ele>80.74</ele></trkpt>
<trkpt lat="49.59275" lon="0.2260867"><ele>80.7</ele></trkpt>
<trkpt lat="49.5927883" lon="0.22608"><ele>80.27</ele></trkpt>
<trkpt lat="49.592825" lon="0.2260783"><ele>80.01</ele></trkpt>
<trkpt lat="49.5928617" lon="0.2260767"><ele>79.99</ele></trkpt>
<trkpt lat="49.59290169999999" lon="0.2260717"><ele>79.83</ele></trkpt>
<trkpt lat="49.5929367" lon="0.2260667"><ele>79.35</ele></trkpt>
<trkpt lat="49.59297329999999" lon="0.22606"><ele>78.78</ele></trkpt>
<trkpt lat="49.59301" lon="0.2260483"><ele>78.41</ele></trkpt>
<trkpt lat="49.59304830000001" lon="0.2260367"><ele>78.19</ele></trkpt>
<trkpt lat="49.59307499999999" lon="0.2260283"><ele>78.19</ele></trkpt>
<trkpt lat="49.5931117" lon="0.226025"><ele>78.12</ele></trkpt>
<trkpt lat="49.5931483" lon="0.22603"><ele>77.93</ele></trkpt>
<trkpt lat="49.5931867" lon="0.2260267"><ele>77.66</ele></trkpt>
<trkpt lat="49.5932267" lon="0.22603"><ele>77.01</ele></trkpt>
<trkpt lat="49.59326170000001" lon="0.2260367"><ele>76.82</ele></trkpt>
<trkpt lat="49.59329000000001" lon="0.226045"><ele>76.05</ele></trkpt>
<trkpt lat="49.59332" lon="0.2260467"><ele>75.33</ele></trkpt>
<trkpt lat="49.59334999999999" lon="0.2260517"><ele>75.12</ele></trkpt>
<trkpt lat="49.59339" lon="0.226055"><ele>75.49</ele></trkpt>
<trkpt lat="49.5934317" lon="0.2260583"><ele>76.2</ele></trkpt>
<trkpt lat="49.5934683" lon="0.2260583"><ele>76.16</ele></trkpt>
<trkpt lat="49.5935067" lon="0.2260583"><ele>75.65</ele></trkpt>
<trkpt lat="49.5935467" lon="0.22606"><ele>75.43</ele></trkpt>
<trkpt lat="49.5935817" lon="0.2260583"><ele>75.39</ele></trkpt>
<trkpt lat="49.5936133" lon="0.2260533"><ele>75.37</ele></trkpt>
<trkpt lat="49.5936517" lon="0.2260533"><ele>75.49</ele></trkpt>
<trkpt lat="49.59368499999999" lon="0.2260533"><ele>75.49</ele></trkpt>
<trkpt lat="49.5937267" lon="0.2260517"><ele>75.27</ele></trkpt>
<trkpt lat="49.593755" lon="0.22605"><ele>75.13</ele></trkpt>
<trkpt lat="49.5937933" lon="0.22605"><ele>75.07</ele></trkpt>
<trkpt lat="49.59382169999999" lon="0.2260533"><ele>75.09</ele></trkpt>
<trkpt lat="49.59386" lon="0.22606"><ele>74.7</ele></trkpt>
<trkpt lat="49.593895" lon="0.2260683"><ele>74.48</ele></trkpt>
<trkpt lat="49.59393169999999" lon="0.2260767"><ele>74.31</ele></trkpt>
<trkpt lat="49.59397" lon="0.226085"><ele>74.15</ele></trkpt>
<trkpt lat="49.5940033" lon="0.2260933"><ele>74</ele></trkpt>
<trkpt lat="49.5940383" lon="0.2260983"><ele>74.16</ele></trkpt>
<trkpt lat="49.5940717" lon="0.226105"><ele>74.46</ele></trkpt>
<trkpt lat="49.59410829999999" lon="0.2261133"><ele>74.52</ele></trkpt>
<trkpt lat="49.5941433" lon="0.2261183"><ele>74.44</ele></trkpt>
<trkpt lat="49.59417670000001" lon="0.226125"><ele>74.51</ele></trkpt>
<trkpt lat="49.594205" lon="0.22612"><ele>73.79</ele></trkpt>
<trkpt lat="49.5942417" lon="0.2261233"><ele>73.05</ele></trkpt>
<trkpt lat="49.59426999999999" lon="0.2261283"><ele>72.99</ele></trkpt>
<trkpt lat="49.5942983" lon="0.2261383"><ele>72.73</ele></trkpt>
<trkpt lat="49.5943317" lon="0.226155"><ele>72.52</ele></trkpt>
<trkpt lat="49.5943583" lon="0.2261683"><ele>72.49</ele></trkpt>
<trkpt lat="49.5943917" lon="0.22618"><ele>71.16</ele></trkpt>
<trkpt lat="49.5944217" lon="0.226185"><ele>70.22</ele></trkpt>
<trkpt lat="49.59445500000001" lon="0.226185"><ele>69.38</ele></trkpt>
<trkpt lat="49.59448999999999" lon="0.2261767"><ele>68.51</ele></trkpt>
<trkpt lat="49.59452499999999" lon="0.2261633"><ele>67.55</ele></trkpt>
<trkpt lat="49.594555" lon="0.22614"><ele>66.69</ele></trkpt>
<trkpt lat="49.5945817" lon="0.22613"><ele>66.26</ele></trkpt>
<trkpt lat="49.5946183" lon="0.22612"><ele>66.1</ele></trkpt>
<trkpt lat="49.5946533" lon="0.22611"><ele>66.16</ele></trkpt>
<trkpt lat="49.59468830000001" lon="0.2261067"><ele>66.22</ele></trkpt>
<trkpt lat="49.594725" lon="0.2261"><ele>66.02</ele></trkpt>
<trkpt lat="49.59476170000001" lon="0.2260917"><ele>65.99</ele></trkpt>
<trkpt lat="49.5947917" lon="0.2260883"><ele>65.92</ele></trkpt>
<trkpt lat="49.5948267" lon="0.2260867"><ele>65.47</ele></trkpt>
<trkpt lat="49.5948567" lon="0.2260817"><ele>64.71</ele></trkpt>
<trkpt lat="49.59488330000001" lon="0.226075"><ele>64.44</ele></trkpt>
<trkpt lat="49.5949167" lon="0.226075"><ele>64.63</ele></trkpt>
<trkpt lat="49.59495" lon="0.22607"><ele>64.79</ele></trkpt>
<trkpt lat="49.59498" lon="0.22606"><ele>64.59</ele></trkpt>
<trkpt lat="49.5950067" lon="0.2260433"><ele>64.17</ele></trkpt>
<trkpt lat="49.5950383" lon="0.2260333"><ele>63.93</ele></trkpt>
<trkpt lat="49.5950667" lon="0.2260133"><ele>64.28</ele></trkpt>
<trkpt lat="49.5950983" lon="0.2259983"><ele>64.65</ele></trkpt>
<trkpt lat="49.5951317" lon="0.2259883"><ele>65.13</ele></trkpt>
<trkpt lat="49.595165" lon="0.2259833"><ele>65.64</ele></trkpt>
<trkpt lat="49.59519329999999" lon="0.2259683"><ele>65.43</ele></trkpt>
<trkpt lat="49.5952233" lon="0.2259433"><ele>65.13</ele></trkpt>
<trkpt lat="49.5952567" lon="0.2259217"><ele>64.51</ele></trkpt>
<trkpt lat="49.59528670000001" lon="0.2258917"><ele>63.59</ele></trkpt>
<trkpt lat="49.595315" lon="0.2258567"><ele>63.34999999999999</ele></trkpt>
<trkpt lat="49.59534" lon="0.2258383"><ele>62.97999999999999</ele></trkpt>
<trkpt lat="49.595365" lon="0.2258217"><ele>62.48999999999999</ele></trkpt>
<trkpt lat="49.5953983" lon="0.2257933"><ele>61.39</ele></trkpt>
<trkpt lat="49.5954267" lon="0.225755"><ele>60.86999999999999</ele></trkpt>
<trkpt lat="49.5954483" lon="0.22572"><ele>60.36999999999999</ele></trkpt>
<trkpt lat="49.59548" lon="0.22569"><ele>60.29</ele></trkpt>
<trkpt lat="49.59550329999999" lon="0.2256667"><ele>59.95000000000001</ele></trkpt>
<trkpt lat="49.5955317" lon="0.2256283"><ele>59.77</ele></trkpt>
<trkpt lat="49.59555" lon="0.2255867"><ele>59.48999999999999</ele></trkpt>
<trkpt lat="49.59557000000001" lon="0.2255583"><ele>59.27</ele></trkpt>
<trkpt lat="49.5956" lon="0.2255217"><ele>59.57</ele></trkpt>
<trkpt lat="49.5956367" lon="0.2254933"><ele>59.16</ele></trkpt>
<trkpt lat="49.5956683" lon="0.2254683"><ele>59.43999999999999</ele></trkpt>
<trkpt lat="49.59568830000001" lon="0.2254333"><ele>59.40000000000001</ele></trkpt>
<trkpt lat="49.59571" lon="0.2253867"><ele>59.47</ele></trkpt>
<trkpt lat="49.595745" lon="0.2253667"><ele>58.8</ele></trkpt>
<trkpt lat="49.59578" lon="0.2253417"><ele>58.07999999999999</ele></trkpt>
<trkpt lat="49.595805" lon="0.2253133"><ele>57.28</ele></trkpt>
<trkpt lat="49.5958333" lon="0.2252783"><ele>56.56</ele></trkpt>
<trkpt lat="49.5958667" lon="0.225245"><ele>56.41</ele></trkpt>
<trkpt lat="49.595895" lon="0.2252167"><ele>56.42</ele></trkpt>
<trkpt lat="49.59592" lon="0.2251983"><ele>56.3</ele></trkpt>
<trkpt lat="49.5959517" lon="0.225175"><ele>55.92</ele></trkpt>
<trkpt lat="49.5959783" lon="0.2251483"><ele>55.46</ele></trkpt>
<trkpt lat="49.596005" lon="0.2251167"><ele>55.14</ele></trkpt>
<trkpt lat="49.5960333" lon="0.2250883"><ele>54.93</ele></trkpt>
<trkpt lat="49.59606" lon="0.2250683"><ele>55.11</ele></trkpt>
<trkpt lat="49.5960883" lon="0.22504"><ele>54.95</ele></trkpt>
<trkpt lat="49.59612" lon="0.2250183"><ele>54.87</ele></trkpt>
<trkpt lat="49.596155" lon="0.2250083"><ele>55.31</ele></trkpt>
<trkpt lat="49.59619" lon="0.2250083"><ele>56.36</ele></trkpt>
<trkpt lat="49.59621499999999" lon="0.225025"><ele>56.98</ele></trkpt>
<trkpt lat="49.59623" lon="0.225065"><ele>57.64</ele></trkpt>
<trkpt lat="49.59625" lon="0.2250983"><ele>58.04</ele></trkpt>
<trkpt lat="49.5962683" lon="0.225135"><ele>58.6</ele></trkpt>
<trkpt lat="49.596285" lon="0.22517"><ele>58.45</ele></trkpt>
<trkpt lat="49.5962967" lon="0.2252083"><ele>58.03</ele></trkpt>
<trkpt lat="49.5963117" lon="0.225245"><ele>57.79</ele></trkpt>
<trkpt lat="49.59633329999999" lon="0.2252717"><ele>58.11</ele></trkpt>
<trkpt lat="49.59636" lon="0.225315"><ele>57.2</ele></trkpt>
<trkpt lat="49.5963733" lon="0.2253567"><ele>56.63</ele></trkpt>
<trkpt lat="49.5963483" lon="0.2254483"><ele>54.93</ele></trkpt>
<trkpt lat="49.596355" lon="0.2255017"><ele>54.96</ele></trkpt>
<trkpt lat="49.596355" lon="0.2255583"><ele>54.98</ele></trkpt>
<trkpt lat="49.59634670000001" lon="0.2256"><ele>54.99</ele></trkpt>
<trkpt lat="49.5963383" lon="0.2256467"><ele>54.99</ele></trkpt>
<trkpt lat="49.5963267" lon="0.2257017"><ele>55.31</ele></trkpt>
<trkpt lat="49.5963117" lon="0.225755"><ele>55.64</ele></trkpt>
<trkpt lat="49.596305" lon="0.22581"><ele>56.55</ele></trkpt>
<trkpt lat="49.59629169999999" lon="0.22586"><ele>57.14</ele></trkpt>
<trkpt lat="49.5962767" lon="0.2258967"><ele>57.64999999999999</ele></trkpt>
<trkpt lat="49.59626170000001" lon="0.2259417"><ele>58.16</ele></trkpt>
<trkpt lat="49.59625" lon="0.2259867"><ele>58.63</ele></trkpt>
<trkpt lat="49.596235" lon="0.2260333"><ele>59.04</ele></trkpt>
<trkpt lat="49.59622" lon="0.226075"><ele>58.93</ele></trkpt>
<trkpt lat="49.59621499999999" lon="0.226125"><ele>58.64</ele></trkpt>
<trkpt lat="49.596205" lon="0.2261767"><ele>58.81</ele></trkpt>
<trkpt lat="49.59619" lon="0.226225"><ele>59.07</ele></trkpt>
<trkpt lat="49.5961733" lon="0.2262717"><ele>59.25</ele></trkpt>
<trkpt lat="49.59616" lon="0.2263133"><ele>59.64</ele></trkpt>
<trkpt lat="49.5961467" lon="0.22636"><ele>60.20000000000001</ele></trkpt>
<trkpt lat="49.5961367" lon="0.226415"><ele>60.71</ele></trkpt>
<trkpt lat="49.59612669999999" lon="0.2264733"><ele>61.07</ele></trkpt>
<trkpt lat="49.596115" lon="0.226525"><ele>61.34999999999999</ele></trkpt>
<trkpt lat="49.596105" lon="0.2265767"><ele>61.22</ele></trkpt>
<trkpt lat="49.596095" lon="0.2266267"><ele>61.02</ele></trkpt>
<trkpt lat="49.5960817" lon="0.226685"><ele>60.57</ele></trkpt>
<trkpt lat="49.5960733" lon="0.226745"><ele>60.14</ele></trkpt>
<trkpt lat="49.5960633" lon="0.226795"><ele>60.25</ele></trkpt>
<trkpt lat="49.59605329999999" lon="0.2268383"><ele>60.68</ele></trkpt>
<trkpt lat="49.59604169999999" lon="0.22688"><ele>61.09999999999999</ele></trkpt>
<trkpt lat="49.596035" lon="0.2269233"><ele>61.59</ele></trkpt>
<trkpt lat="49.5960267" lon="0.2269733"><ele>62.11</ele></trkpt>
<trkpt lat="49.59601170000001" lon="0.2270267"><ele>62.63</ele></trkpt>
<trkpt lat="49.59599830000001" lon="0.2270717"><ele>63.41999999999999</ele></trkpt>
<trkpt lat="49.59599000000001" lon="0.227115"><ele>64.22</ele></trkpt>
<trkpt lat="49.5959767" lon="0.22717"><ele>65.09</ele></trkpt>
<trkpt lat="49.5959683" lon="0.2272267"><ele>65.24</ele></trkpt>
<trkpt lat="49.5959583" lon="0.2272683"><ele>64.96</ele></trkpt>
<trkpt lat="49.5959517" lon="0.22731"><ele>64.64</ele></trkpt>
<trkpt lat="49.5959467" lon="0.2273517"><ele>64.29</ele></trkpt>
<trkpt lat="49.59593830000001" lon="0.2273967"><ele>63.84</ele></trkpt>
<trkpt lat="49.59593169999999" lon="0.2274533"><ele>63.34</ele></trkpt>
<trkpt lat="49.5959283" lon="0.2275117"><ele>62.75</ele></trkpt>
<trkpt lat="49.5959217" lon="0.2275683"><ele>62.61999999999999</ele></trkpt>
<trkpt lat="49.5959083" lon="0.2276083"><ele>62.52</ele></trkpt>
<trkpt lat="49.5958917" lon="0.2276617"><ele>62.22999999999999</ele></trkpt>
<trkpt lat="49.5958817" lon="0.2277083"><ele>62.4</ele></trkpt>
<trkpt lat="49.5958733" lon="0.2277483"><ele>62.83</ele></trkpt>
<trkpt lat="49.5958583" lon="0.227785"><ele>63.21</ele></trkpt>
<trkpt lat="49.59585000000001" lon="0.2278317"><ele>63.63</ele></trkpt>
<trkpt lat="49.595835" lon="0.2278683"><ele>64.01</ele></trkpt>
<trkpt lat="49.595815" lon="0.2279167"><ele>64.33</ele></trkpt>
<trkpt lat="49.5957967" lon="0.2279517"><ele>64.52</ele></trkpt>
<trkpt lat="49.5957817" lon="0.228005"><ele>64.59</ele></trkpt>
<trkpt lat="49.5957717" lon="0.228045"><ele>64.6</ele></trkpt>
<trkpt lat="49.59575" lon="0.2280967"><ele>64.45</ele></trkpt>
<trkpt lat="49.5957367" lon="0.228135"><ele>64.16</ele></trkpt>
<trkpt lat="49.5957217" lon="0.228175"><ele>63.21</ele></trkpt>
<trkpt lat="49.59571" lon="0.2282233"><ele>62.47999999999999</ele></trkpt>
<trkpt lat="49.5957017" lon="0.228265"><ele>62.33</ele></trkpt>
<trkpt lat="49.5956867" lon="0.2283217"><ele>62.2</ele></trkpt>
<trkpt lat="49.59567" lon="0.22836"><ele>61.96</ele></trkpt>
<trkpt lat="49.5956433" lon="0.2284033"><ele>61.43999999999999</ele></trkpt>
<trkpt lat="49.595625" lon="0.228435"><ele>61.41999999999999</ele></trkpt>
<trkpt lat="49.5956117" lon="0.2284733"><ele>61.21</ele></trkpt>
<trkpt lat="49.5955933" lon="0.2285117"><ele>61.23999999999999</ele></trkpt>
<trkpt lat="49.5955717" lon="0.22856"><ele>61.58000000000001</ele></trkpt>
<trkpt lat="49.59555" lon="0.22861"><ele>61.86</ele></trkpt>
<trkpt lat="49.595535" lon="0.22865"><ele>61.79999999999999</ele></trkpt>
<trkpt lat="49.59551830000001" lon="0.2286833"><ele>61.79</ele></trkpt>
<trkpt lat="49.5955" lon="0.2287283"><ele>62.06</ele></trkpt>
<trkpt lat="49.59548" lon="0.2287683"><ele>62.27999999999999</ele></trkpt>
<trkpt lat="49.5954617" lon="0.2288033"><ele>62.77</ele></trkpt>
<trkpt lat="49.59544" lon="0.2288383"><ele>62.88</ele></trkpt>
<trkpt lat="49.59541" lon="0.2288833"><ele>62.54999999999999</ele></trkpt>
<trkpt lat="49.5953917" lon="0.2289167"><ele>62.15</ele></trkpt>
<trkpt lat="49.5953683" lon="0.2289617"><ele>61.91</ele></trkpt>
<trkpt lat="49.5953483" lon="0.2290083"><ele>62.21</ele></trkpt>
<trkpt lat="49.59532830000001" lon="0.2290533"><ele>62.97999999999999</ele></trkpt>
<trkpt lat="49.5953133" lon="0.2290933"><ele>63.66</ele></trkpt>
<trkpt lat="49.5953033" lon="0.2291383"><ele>63.63</ele></trkpt>
<trkpt lat="49.59529" lon="0.2291917"><ele>63.11</ele></trkpt>
<trkpt lat="49.5952767" lon="0.229245"><ele>63.07</ele></trkpt>
<trkpt lat="49.5952567" lon="0.229295"><ele>62.84999999999999</ele></trkpt>
<trkpt lat="49.59523170000001" lon="0.2293433"><ele>62.86999999999999</ele></trkpt>
<trkpt lat="49.5952133" lon="0.2293767"><ele>62.89</ele></trkpt>
<trkpt lat="49.5951983" lon="0.2294117"><ele>62.93999999999999</ele></trkpt>
<trkpt lat="49.59518" lon="0.229455"><ele>62.71</ele></trkpt>
<trkpt lat="49.595165" lon="0.229505"><ele>62.5</ele></trkpt>
<trkpt lat="49.59515669999999" lon="0.229565"><ele>62.33</ele></trkpt>
<trkpt lat="49.5951483" lon="0.2296217"><ele>62.13000000000001</ele></trkpt>
<trkpt lat="49.59514" lon="0.2296833"><ele>62.50999999999999</ele></trkpt>
<trkpt lat="49.5951317" lon="0.229725"><ele>62.52</ele></trkpt>
<trkpt lat="49.5951183" lon="0.2297833"><ele>62.36999999999999</ele></trkpt>
<trkpt lat="49.5951067" lon="0.2298417"><ele>62.47999999999999</ele></trkpt>
<trkpt lat="49.5951" lon="0.2298833"><ele>62.81</ele></trkpt>
<trkpt lat="49.595095" lon="0.2299283"><ele>63.29999999999999</ele></trkpt>
<trkpt lat="49.5950917" lon="0.2299717"><ele>63.54999999999999</ele></trkpt>
<trkpt lat="49.59508329999999" lon="0.2300283"><ele>64.09</ele></trkpt>
<trkpt lat="49.5950767" lon="0.2300783"><ele>64.78</ele></trkpt>
<trkpt lat="49.59507499999999" lon="0.2301333"><ele>65.24</ele></trkpt>
<trkpt lat="49.5950667" lon="0.230195"><ele>65.74</ele></trkpt>
<trkpt lat="49.59506" lon="0.2302517"><ele>65.68</ele></trkpt>
<trkpt lat="49.595055" lon="0.230305"><ele>65.78</ele></trkpt>
<trkpt lat="49.5950517" lon="0.2303567"><ele>65.35</ele></trkpt>
<trkpt lat="49.59505" lon="0.2304167"><ele>65.13</ele></trkpt>
<trkpt lat="49.59505" lon="0.2304767"><ele>64.84</ele></trkpt>
<trkpt lat="49.59505" lon="0.23054"><ele>65.21</ele></trkpt>
<trkpt lat="49.59504830000001" lon="0.2306"><ele>65.01</ele></trkpt>
<trkpt lat="49.5950417" lon="0.2306567"><ele>64.99</ele></trkpt>
<trkpt lat="49.5950433" lon="0.2307117"><ele>64.74</ele></trkpt>
<trkpt lat="49.59504500000001" lon="0.23077"><ele>64.67</ele></trkpt>
<trkpt lat="49.5950517" lon="0.2308267"><ele>64.92</ele></trkpt>
<trkpt lat="49.595055" lon="0.2308717"><ele>64.85</ele></trkpt>
<trkpt lat="49.59506170000001" lon="0.2309133"><ele>64.71</ele></trkpt>
<trkpt lat="49.5950667" lon="0.2309733"><ele>64.5</ele></trkpt>
<trkpt lat="49.595065" lon="0.2310333"><ele>64.69</ele></trkpt>
<trkpt lat="49.5950633" lon="0.231075"><ele>64.37</ele></trkpt>
<trkpt lat="49.59507000000001" lon="0.2311367"><ele>64.2</ele></trkpt>
<trkpt lat="49.5950767" lon="0.231195"><ele>64.62</ele></trkpt>
<trkpt lat="49.5950817" lon="0.2312383"><ele>64.94</ele></trkpt>
<trkpt lat="49.595085" lon="0.23128"><ele>65.13</ele></trkpt>
<trkpt lat="49.5950883" lon="0.231335"><ele>65.45</ele></trkpt>
<trkpt lat="49.5950883" lon="0.2313883"><ele>65.78</ele></trkpt>
<trkpt lat="49.5950883" lon="0.2314417"><ele>65.86</ele></trkpt>
<trkpt lat="49.59509" lon="0.2314967"><ele>65.73</ele></trkpt>
<trkpt lat="49.59509" lon="0.2315567"><ele>65.69</ele></trkpt>
<trkpt lat="49.5950917" lon="0.2316"><ele>65.62</ele></trkpt>
<trkpt lat="49.5950883" lon="0.2316567"><ele>65.52</ele></trkpt>
<trkpt lat="49.59509" lon="0.2317117"><ele>65.42</ele></trkpt>
<trkpt lat="49.595095" lon="0.2317667"><ele>65.72</ele></trkpt>
<trkpt lat="49.5950983" lon="0.2318267"><ele>65.14</ele></trkpt>
<trkpt lat="49.595105" lon="0.2318867"><ele>64.27</ele></trkpt>
<trkpt lat="49.59510829999999" lon="0.2319283"><ele>64.2</ele></trkpt>
<trkpt lat="49.5951133" lon="0.23197"><ele>64.19</ele></trkpt>
<trkpt lat="49.5951233" lon="0.2320283"><ele>64.21</ele></trkpt>
<trkpt lat="49.5951283" lon="0.232085"><ele>63.84999999999999</ele></trkpt>
<trkpt lat="49.5951367" lon="0.23214"><ele>63.89</ele></trkpt>
<trkpt lat="49.59514670000001" lon="0.23219"><ele>63.96</ele></trkpt>
<trkpt lat="49.5951483" lon="0.2322317"><ele>64.08</ele></trkpt>
<trkpt lat="49.5951533" lon="0.2322733"><ele>63.86</ele></trkpt>
<trkpt lat="49.59515830000001" lon="0.232315"><ele>63.77999999999999</ele></trkpt>
<trkpt lat="49.59516829999999" lon="0.232355"><ele>64.02</ele></trkpt>
<trkpt lat="49.5951767" lon="0.232415"><ele>64.44</ele></trkpt>
<trkpt lat="49.59518499999999" lon="0.2324583"><ele>64.74</ele></trkpt>
<trkpt lat="49.5951883" lon="0.2325017"><ele>64.88</ele></trkpt>
<trkpt lat="49.5951917" lon="0.2325533"><ele>64.89</ele></trkpt>
<trkpt lat="49.5951967" lon="0.2326017"><ele>65.05</ele></trkpt>
<trkpt lat="49.5951967" lon="0.232645"><ele>65.02</ele></trkpt>
<trkpt lat="49.5951983" lon="0.2327017"><ele>64.22</ele></trkpt>
<trkpt lat="49.5952" lon="0.2327517"><ele>63.79999999999999</ele></trkpt>
<trkpt lat="49.59520670000001" lon="0.2327983"><ele>63.89</ele></trkpt>
<trkpt lat="49.5952217" lon="0.2328483"><ele>63.76000000000001</ele></trkpt>
<trkpt lat="49.5952383" lon="0.232895"><ele>63</ele></trkpt>
<trkpt lat="49.59525" lon="0.2329433"><ele>63.93999999999999</ele></trkpt>
<trkpt lat="49.5952667" lon="0.2329933"><ele>64.1</ele></trkpt>
<trkpt lat="49.59527829999999" lon="0.2330517"><ele>64.21</ele></trkpt>
<trkpt lat="49.5952967" lon="0.2331"><ele>64.65</ele></trkpt>
<trkpt lat="49.5953183" lon="0.2331467"><ele>65.09</ele></trkpt>
<trkpt lat="49.5953383" lon="0.2331967"><ele>65.83</ele></trkpt>
<trkpt lat="49.59536" lon="0.2332467"><ele>65.98</ele></trkpt>
<trkpt lat="49.59538330000001" lon="0.2332933"><ele>65.92</ele></trkpt>
<trkpt lat="49.59541" lon="0.233325"><ele>65.64</ele></trkpt>
<trkpt lat="49.5954367" lon="0.2333667"><ele>65.6</ele></trkpt>
<trkpt lat="49.5954667" lon="0.233405"><ele>65.43</ele></trkpt>
<trkpt lat="49.595495" lon="0.2334433"><ele>65.42</ele></trkpt>
<trkpt lat="49.59551830000001" lon="0.2334833"><ele>65.11</ele></trkpt>
<trkpt lat="49.59553" lon="0.2335233"><ele>65.39</ele></trkpt>
<trkpt lat="49.5955583" lon="0.2335567"><ele>65.46</ele></trkpt>
<trkpt lat="49.595585" lon="0.2335817"><ele>65.65</ele></trkpt>
<trkpt lat="49.5956183" lon="0.23361"><ele>65.85</ele></trkpt>
<trkpt lat="49.59565" lon="0.23363"><ele>66.16</ele></trkpt>
<trkpt lat="49.5956767" lon="0.23365"><ele>66.53</ele></trkpt>
<trkpt lat="49.595705" lon="0.2336733"><ele>66.75</ele></trkpt>
<trkpt lat="49.595735" lon="0.2337083"><ele>66.47</ele></trkpt>
<trkpt lat="49.59576" lon="0.2337317"><ele>66.54</ele></trkpt>
<trkpt lat="49.5957867" lon="0.23375"><ele>66.68</ele></trkpt>
<trkpt lat="49.5958083" lon="0.2337783"><ele>66.76</ele></trkpt>
<trkpt lat="49.59582830000001" lon="0.2338083"><ele>67.29</ele></trkpt>
<trkpt lat="49.595835" lon="0.23387"><ele>67.97</ele></trkpt>
<trkpt lat="49.59584" lon="0.233915"><ele>67.92</ele></trkpt>
<trkpt lat="49.595845" lon="0.2339683"><ele>67.87</ele></trkpt>
<trkpt lat="49.5958433" lon="0.2340283"><ele>68.01</ele></trkpt>
<trkpt lat="49.5958217" lon="0.2340883"><ele>68.23</ele></trkpt>
<trkpt lat="49.595805" lon="0.23413"><ele>68.03</ele></trkpt>
<trkpt lat="49.5957933" lon="0.2341783"><ele>66.96</ele></trkpt>
<trkpt lat="49.5957767" lon="0.234235"><ele>66.02</ele></trkpt>
<trkpt lat="49.59576" lon="0.2342767"><ele>65.7</ele></trkpt>
<trkpt lat="49.5957467" lon="0.2343183"><ele>65.51</ele></trkpt>
<trkpt lat="49.59573170000001" lon="0.2343767"><ele>65.15</ele></trkpt>
<trkpt lat="49.5957267" lon="0.2344183"><ele>65.56</ele></trkpt>
<trkpt lat="49.5957217" lon="0.234465"><ele>66.1</ele></trkpt>
<trkpt lat="49.59571" lon="0.2345033"><ele>66.65</ele></trkpt>
<trkpt lat="49.5956983" lon="0.2345433"><ele>67.36</ele></trkpt>
<trkpt lat="49.59568000000001" lon="0.2345917"><ele>67.25</ele></trkpt>
<trkpt lat="49.5956617" lon="0.2346433"><ele>67.29</ele></trkpt>
<trkpt lat="49.59565" lon="0.2346933"><ele>67.13</ele></trkpt>
<trkpt lat="49.5956433" lon="0.2347433"><ele>66.91</ele></trkpt>
<trkpt lat="49.5956433" lon="0.2348033"><ele>66.73</ele></trkpt>
<trkpt lat="49.5956333" lon="0.2348633"><ele>66.53</ele></trkpt>
<trkpt lat="49.595625" lon="0.2349233"><ele>66.57</ele></trkpt>
<trkpt lat="49.595615" lon="0.2349783"><ele>66.8</ele></trkpt>
<trkpt lat="49.5956067" lon="0.2350333"><ele>66.89</ele></trkpt>
<trkpt lat="49.59559669999999" lon="0.23509"><ele>66.82</ele></trkpt>
<trkpt lat="49.59559" lon="0.2351417"><ele>66.89</ele></trkpt>
<trkpt lat="49.59557830000001" lon="0.235195"><ele>67.15</ele></trkpt>
<trkpt lat="49.5955683" lon="0.2352383"><ele>67.37</ele></trkpt>
<trkpt lat="49.5955683" lon="0.2352917"><ele>67.39</ele></trkpt>
<trkpt lat="49.5955633" lon="0.2353383"><ele>67.33</ele></trkpt>
<trkpt lat="49.5955633" lon="0.235385"><ele>67.37</ele></trkpt>
<trkpt lat="49.59556" lon="0.2354333"><ele>67.62</ele></trkpt>
<trkpt lat="49.59555" lon="0.235475"><ele>67.85</ele></trkpt>
<trkpt lat="49.59555" lon="0.2355167"><ele>68.05</ele></trkpt>
<trkpt lat="49.59554170000001" lon="0.2355617"><ele>68.32</ele></trkpt>
<trkpt lat="49.5955267" lon="0.235605"><ele>68.87</ele></trkpt>
<trkpt lat="49.5955083" lon="0.2356533"><ele>69.15</ele></trkpt>
<trkpt lat="49.59549330000001" lon="0.23571"><ele>69.19</ele></trkpt>
<trkpt lat="49.59548" lon="0.2357667"><ele>69.34</ele></trkpt>
<trkpt lat="49.59547" lon="0.2358067"><ele>69.46</ele></trkpt>
<trkpt lat="49.5954617" lon="0.2358633"><ele>69.82</ele></trkpt>
<trkpt lat="49.5954583" lon="0.2359233"><ele>69.74</ele></trkpt>
<trkpt lat="49.5954533" lon="0.2359817"><ele>69.6</ele></trkpt>
<trkpt lat="49.5954467" lon="0.23604"><ele>69.15</ele></trkpt>
<trkpt lat="49.5954383" lon="0.2360933"><ele>68.94</ele></trkpt>
<trkpt lat="49.59543169999999" lon="0.2361517"><ele>69.23</ele></trkpt>
<trkpt lat="49.59542" lon="0.23619"><ele>69.22</ele></trkpt>
<trkpt lat="49.59541" lon="0.2362317"><ele>69.36</ele></trkpt>
<trkpt lat="49.5954117" lon="0.236275"><ele>69.77</ele></trkpt>
<trkpt lat="49.5954117" lon="0.23633"><ele>69.44</ele></trkpt>
<trkpt lat="49.5954017" lon="0.2363733"><ele>69.4</ele></trkpt>
<trkpt lat="49.5954017" lon="0.2364183"><ele>69.63</ele></trkpt>
<trkpt lat="49.59540500000001" lon="0.2364733"><ele>70.54</ele></trkpt>
<trkpt lat="49.5954133" lon="0.23652"><ele>70.66</ele></trkpt>
<trkpt lat="49.59540669999999" lon="0.2365617"><ele>71.02</ele></trkpt>
<trkpt lat="49.5953933" lon="0.2366017"><ele>71.32</ele></trkpt>
<trkpt lat="49.59539" lon="0.2366517"><ele>71.44</ele></trkpt>
<trkpt lat="49.5953683" lon="0.2367083"><ele>70.71</ele></trkpt>
<trkpt lat="49.5953567" lon="0.23676"><ele>70.26</ele></trkpt>
<trkpt lat="49.5953517" lon="0.236815"><ele>69.88</ele></trkpt>
<trkpt lat="49.59534669999999" lon="0.2368733"><ele>68.86</ele></trkpt>
<trkpt lat="49.5953417" lon="0.23693"><ele>68.17</ele></trkpt>
<trkpt lat="49.59532999999999" lon="0.2369867"><ele>67.3</ele></trkpt>
<trkpt lat="49.5953183" lon="0.23704"><ele>66.68</ele></trkpt>
<trkpt lat="49.595305" lon="0.2370917"><ele>66.36</ele></trkpt>
<trkpt lat="49.595285" lon="0.2371433"><ele>65.7</ele></trkpt>
<trkpt lat="49.5952717" lon="0.2371867"><ele>65.32</ele></trkpt>
<trkpt lat="49.5952583" lon="0.2372283"><ele>66.82</ele></trkpt>
<trkpt lat="49.5952583" lon="0.2372867"><ele>66.44</ele></trkpt>
<trkpt lat="49.5952583" lon="0.2373433"><ele>66.2</ele></trkpt>
<trkpt lat="49.5952633" lon="0.2374017"><ele>66.68</ele></trkpt>
<trkpt lat="49.5952683" lon="0.23745"><ele>67.02</ele></trkpt>
<trkpt lat="49.5952717" lon="0.2374983"><ele>67.16</ele></trkpt>
<trkpt lat="49.59527829999999" lon="0.2375417"><ele>67.54</ele></trkpt>
<trkpt lat="49.5952883" lon="0.2375833"><ele>67.66</ele></trkpt>
<trkpt lat="49.5953" lon="0.2376367"><ele>67.34</ele></trkpt>
<trkpt lat="49.5953067" lon="0.2376783"><ele>67.23</ele></trkpt>
<trkpt lat="49.59531670000001" lon="0.2377333"><ele>67.04</ele></trkpt>
<trkpt lat="49.5953317" lon="0.2377883"><ele>66.74</ele></trkpt>
<trkpt lat="49.5953417" lon="0.23783"><ele>66.47</ele></trkpt>
<trkpt lat="49.59534669999999" lon="0.2378733"><ele>66.24</ele></trkpt>
<trkpt lat="49.59535829999999" lon="0.2379217"><ele>65.65</ele></trkpt>
<trkpt lat="49.595375" lon="0.237975"><ele>65.57</ele></trkpt>
<trkpt lat="49.5953883" lon="0.23803"><ele>65.18</ele></trkpt>
<trkpt lat="49.59540669999999" lon="0.2380833"><ele>64.77</ele></trkpt>
<trkpt lat="49.5954233" lon="0.2381283"><ele>64.09</ele></trkpt>
<trkpt lat="49.5954233" lon="0.23817"><ele>63.58</ele></trkpt>
<trkpt lat="49.5954267" lon="0.2382183"><ele>63.4</ele></trkpt>
<trkpt lat="49.59543499999999" lon="0.2382767"><ele>63.41999999999999</ele></trkpt>
<trkpt lat="49.59544329999999" lon="0.238335"><ele>63.29999999999999</ele></trkpt>
<trkpt lat="49.595455" lon="0.23839"><ele>63.48999999999999</ele></trkpt>
<trkpt lat="49.5954733" lon="0.2384417"><ele>63.68999999999999</ele></trkpt>
<trkpt lat="49.59549000000001" lon="0.23848"><ele>63.7</ele></trkpt>
<trkpt lat="49.59550329999999" lon="0.238525"><ele>64.32</ele></trkpt>
<trkpt lat="49.595515" lon="0.2385717"><ele>65.2</ele></trkpt>
<trkpt lat="49.59551999999999" lon="0.2386167"><ele>65.93</ele></trkpt>
<trkpt lat="49.59552829999999" lon="0.2386633"><ele>66.18</ele></trkpt>
<trkpt lat="49.5955367" lon="0.238715"><ele>66.74</ele></trkpt>
<trkpt lat="49.5955433" lon="0.2387683"><ele>67.14</ele></trkpt>
<trkpt lat="49.5955467" lon="0.23881"><ele>67.12</ele></trkpt>
<trkpt lat="49.59555" lon="0.2388683"><ele>66.51</ele></trkpt>
<trkpt lat="49.59555330000001" lon="0.2389183"><ele>66.38</ele></trkpt>
<trkpt lat="49.595565" lon="0.2389683"><ele>67.14</ele></trkpt>
<trkpt lat="49.5955583" lon="0.2390133"><ele>67.77</ele></trkpt>
<trkpt lat="49.59555330000001" lon="0.239075"><ele>67.89</ele></trkpt>
<trkpt lat="49.59555330000001" lon="0.239135"><ele>67.99</ele></trkpt>
<trkpt lat="49.5955583" lon="0.2392"><ele>68.23</ele></trkpt>
<trkpt lat="49.59556" lon="0.2392433"><ele>68.66</ele></trkpt>
<trkpt lat="49.5955617" lon="0.23929"><ele>68.88</ele></trkpt>
<trkpt lat="49.5955633" lon="0.2393483"><ele>69.06</ele></trkpt>
<trkpt lat="49.5955617" lon="0.2393917"><ele>69.33</ele></trkpt>
<trkpt lat="49.5955617" lon="0.239435"><ele>69.32</ele></trkpt>
<trkpt lat="49.595565" lon="0.2394833"><ele>69.3</ele></trkpt>
<trkpt lat="49.59557000000001" lon="0.23953"><ele>69.39</ele></trkpt>
<trkpt lat="49.5955733" lon="0.2395883"><ele>69.37</ele></trkpt>
<trkpt lat="49.5955767" lon="0.239635"><ele>69.63</ele></trkpt>
<trkpt lat="49.59557830000001" lon="0.2396833"><ele>69.78</ele></trkpt>
<trkpt lat="49.595575" lon="0.2397283"><ele>69.8</ele></trkpt>
<trkpt lat="49.595575" lon="0.239785"><ele>69.48</ele></trkpt>
<trkpt lat="49.59557830000001" lon="0.2398417"><ele>69.02</ele></trkpt>
<trkpt lat="49.5955767" lon="0.239885"><ele>68.91</ele></trkpt>
<trkpt lat="49.595575" lon="0.239945"><ele>68.67</ele></trkpt>
<trkpt lat="49.595575" lon="0.2400033"><ele>68.43</ele></trkpt>
<trkpt lat="49.59557000000001" lon="0.2400567"><ele>68.06</ele></trkpt>
<trkpt lat="49.5955733" lon="0.240115"><ele>68.07</ele></trkpt>
<trkpt lat="49.5955767" lon="0.2401683"><ele>67.93</ele></trkpt>
<trkpt lat="49.59558" lon="0.2402167"><ele>67.9</ele></trkpt>
<trkpt lat="49.5955833" lon="0.2402717"><ele>67.69</ele></trkpt>
<trkpt lat="49.5955883" lon="0.2403233"><ele>67.35</ele></trkpt>
<trkpt lat="49.5955883" lon="0.24037"><ele>67.89</ele></trkpt>
<trkpt lat="49.5955883" lon="0.2404117"><ele>68.67</ele></trkpt>
<trkpt lat="49.5955683" lon="0.240445"><ele>70.19</ele></trkpt>
<trkpt lat="49.59557000000001" lon="0.240505"><ele>69.88</ele></trkpt>
<trkpt lat="49.5955933" lon="0.2405583"><ele>69.19</ele></trkpt>
<trkpt lat="49.595615" lon="0.2406067"><ele>68.42</ele></trkpt>
<trkpt lat="49.5956267" lon="0.240665"><ele>67.76</ele></trkpt>
<trkpt lat="49.59562999999999" lon="0.2407067"><ele>67.61</ele></trkpt>
<trkpt lat="49.5956367" lon="0.24075"><ele>67.51</ele></trkpt>
<trkpt lat="49.59564" lon="0.2407933"><ele>67.43</ele></trkpt>
<trkpt lat="49.5956433" lon="0.24084"><ele>67.47</ele></trkpt>
<trkpt lat="49.595645" lon="0.240885"><ele>67.68</ele></trkpt>
<trkpt lat="49.595645" lon="0.2409283"><ele>67.93</ele></trkpt>
<trkpt lat="49.5956433" lon="0.2409717"><ele>68.19</ele></trkpt>
<trkpt lat="49.595645" lon="0.241035"><ele>68.01</ele></trkpt>
<trkpt lat="49.595645" lon="0.2410833"><ele>67.93</ele></trkpt>
<trkpt lat="49.5956517" lon="0.24113"><ele>67.74</ele></trkpt>
<trkpt lat="49.59565500000001" lon="0.2411783"><ele>67.45</ele></trkpt>
<trkpt lat="49.59566" lon="0.2412267"><ele>67.47</ele></trkpt>
<trkpt lat="49.59566330000001" lon="0.2412733"><ele>67.8</ele></trkpt>
<trkpt lat="49.5956683" lon="0.24132"><ele>68.39</ele></trkpt>
<trkpt lat="49.595675" lon="0.241365"><ele>68.74</ele></trkpt>
<trkpt lat="49.59568830000001" lon="0.241425"><ele>69.14</ele></trkpt>
<trkpt lat="49.59569329999999" lon="0.2414683"><ele>69.35</ele></trkpt>
<trkpt lat="49.5956983" lon="0.2415233"><ele>69.59</ele></trkpt>
<trkpt lat="49.5957083" lon="0.24158"><ele>69.53</ele></trkpt>
<trkpt lat="49.5957167" lon="0.241625"><ele>69.82</ele></trkpt>
<trkpt lat="49.5957217" lon="0.2416683"><ele>70.21</ele></trkpt>
<trkpt lat="49.5957367" lon="0.241725"><ele>70.26</ele></trkpt>
<trkpt lat="49.5957533" lon="0.2417767"><ele>69.87</ele></trkpt>
<trkpt lat="49.595775" lon="0.2418133"><ele>69.55</ele></trkpt>
<trkpt lat="49.59579999999999" lon="0.241865"><ele>69.05</ele></trkpt>
<trkpt lat="49.59581670000001" lon="0.2418983"><ele>69</ele></trkpt>
<trkpt lat="49.5958317" lon="0.2419333"><ele>68.68</ele></trkpt>
<trkpt lat="49.59585330000001" lon="0.2419783"><ele>68.05</ele></trkpt>
<trkpt lat="49.595875" lon="0.2420083"><ele>67.77</ele></trkpt>
<trkpt lat="49.595895" lon="0.2420383"><ele>67.61</ele></trkpt>
<trkpt lat="49.59592" lon="0.2420783"><ele>67.72</ele></trkpt>
<trkpt lat="49.595945" lon="0.242125"><ele>67.51</ele></trkpt>
<trkpt lat="49.5959783" lon="0.2421567"><ele>67.31</ele></trkpt>
<trkpt lat="49.5960033" lon="0.242175"><ele>67.46</ele></trkpt>
<trkpt lat="49.596035" lon="0.24221"><ele>67.57</ele></trkpt>
<trkpt lat="49.596065" lon="0.2422383"><ele>67.69</ele></trkpt>
<trkpt lat="49.59610169999999" lon="0.2422667"><ele>67.75</ele></trkpt>
<trkpt lat="49.596125" lon="0.24229"><ele>68.05</ele></trkpt>
<trkpt lat="49.5961583" lon="0.2423267"><ele>68.77</ele></trkpt>
<trkpt lat="49.59618830000001" lon="0.2423517"><ele>69.32</ele></trkpt>
<trkpt lat="49.5962183" lon="0.2423833"><ele>70.4</ele></trkpt>
<trkpt lat="49.59624829999999" lon="0.2424167"><ele>71.14</ele></trkpt>
<trkpt lat="49.59627" lon="0.2424583"><ele>71.06</ele></trkpt>
<trkpt lat="49.59629169999999" lon="0.2424867"><ele>69.73</ele></trkpt>
<trkpt lat="49.59632" lon="0.242505"><ele>69.13</ele></trkpt>
<trkpt lat="49.59634670000001" lon="0.2425283"><ele>68.69</ele></trkpt>
<trkpt lat="49.59637500000001" lon="0.2425567"><ele>68.35</ele></trkpt>
<trkpt lat="49.596395" lon="0.242585"><ele>68.6</ele></trkpt>
<trkpt lat="49.5964183" lon="0.24262"><ele>69.38</ele></trkpt>
<trkpt lat="49.596445" lon="0.2426433"><ele>69.92</ele></trkpt>
<trkpt lat="49.59647329999999" lon="0.2426683"><ele>70.16</ele></trkpt>
<trkpt lat="49.59649829999999" lon="0.2426867"><ele>70.47</ele></trkpt>
<trkpt lat="49.59652330000001" lon="0.2427033"><ele>71.23</ele></trkpt>
<trkpt lat="49.59654830000001" lon="0.2427467"><ele>71.74</ele></trkpt>
<trkpt lat="49.59657499999999" lon="0.2427667"><ele>72.19</ele></trkpt>
<trkpt lat="49.59659" lon="0.24281"><ele>72.17</ele></trkpt>
<trkpt lat="49.59662170000001" lon="0.2428333"><ele>72.53</ele></trkpt>
<trkpt lat="49.5966483" lon="0.2428483"><ele>72.98</ele></trkpt>
<trkpt lat="49.596675" lon="0.24287"><ele>73.07</ele></trkpt>
<trkpt lat="49.5967033" lon="0.24289"><ele>73.58</ele></trkpt>
<trkpt lat="49.59673" lon="0.242905"><ele>73.85</ele></trkpt>
<trkpt lat="49.596765" lon="0.2429383"><ele>74.34</ele></trkpt>
<trkpt lat="49.5967917" lon="0.24296"><ele>74.9</ele></trkpt>
<trkpt lat="49.5968233" lon="0.2429883"><ele>74.53</ele></trkpt>
<trkpt lat="49.59684669999999" lon="0.2430117"><ele>73.86</ele></trkpt>
<trkpt lat="49.59687" lon="0.243035"><ele>73.57</ele></trkpt>
<trkpt lat="49.59689670000001" lon="0.2430567"><ele>73.27</ele></trkpt>
<trkpt lat="49.5969217" lon="0.2430733"><ele>72.88</ele></trkpt>
<trkpt lat="49.596955" lon="0.2430983"><ele>72.41</ele></trkpt>
<trkpt lat="49.5969867" lon="0.2431267"><ele>71.78</ele></trkpt>
<trkpt lat="49.59701999999999" lon="0.2431583"><ele>71.19</ele></trkpt>
<trkpt lat="49.5970517" lon="0.2431917"><ele>71.07</ele></trkpt>
<trkpt lat="49.597075" lon="0.243215"><ele>71.33</ele></trkpt>
<trkpt lat="49.59710499999999" lon="0.2432467"><ele>71.58</ele></trkpt>
<trkpt lat="49.5971317" lon="0.2432733"><ele>71.78</ele></trkpt>
<trkpt lat="49.59716" lon="0.2433117"><ele>72.22</ele></trkpt>
<trkpt lat="49.5971917" lon="0.2433433"><ele>72.62</ele></trkpt>
<trkpt lat="49.5972167" lon="0.2433767"><ele>73.41</ele></trkpt>
<trkpt lat="49.5972383" lon="0.2434133"><ele>73.52</ele></trkpt>
<trkpt lat="49.59726" lon="0.243455"><ele>73.5</ele></trkpt>
<trkpt lat="49.59728" lon="0.2435067"><ele>73.08</ele></trkpt>
<trkpt lat="49.5973133" lon="0.2435317"><ele>72.8</ele></trkpt>
<trkpt lat="49.597345" lon="0.24357"><ele>72.63</ele></trkpt>
<trkpt lat="49.5973683" lon="0.243595"><ele>72.85</ele></trkpt>
<trkpt lat="49.5973933" lon="0.2436217"><ele>73.6</ele></trkpt>
<trkpt lat="49.597415" lon="0.2436617"><ele>74.15</ele></trkpt>
<trkpt lat="49.597445" lon="0.2437017"><ele>74.36</ele></trkpt>
<trkpt lat="49.5974717" lon="0.243735"><ele>74.42</ele></trkpt>
<trkpt lat="49.597495" lon="0.2437717"><ele>73.91</ele></trkpt>
<trkpt lat="49.5975217" lon="0.2438067"><ele>73.21</ele></trkpt>
<trkpt lat="49.5975433" lon="0.2438333"><ele>72.72</ele></trkpt>
<trkpt lat="49.5975717" lon="0.243865"><ele>72.64</ele></trkpt>
<trkpt lat="49.597595" lon="0.2438917"><ele>73.08</ele></trkpt>
<trkpt lat="49.5976167" lon="0.2439167"><ele>73.6</ele></trkpt>
<trkpt lat="49.59763829999999" lon="0.243945"><ele>73.92</ele></trkpt>
<trkpt lat="49.597665" lon="0.24398"><ele>74.81</ele></trkpt>
<trkpt lat="49.59768500000001" lon="0.2440217"><ele>75.16</ele></trkpt>
<trkpt lat="49.5977067" lon="0.2440483"><ele>75.07</ele></trkpt>
<trkpt lat="49.5977267" lon="0.2440817"><ele>75</ele></trkpt>
<trkpt lat="49.59774830000001" lon="0.24411"><ele>75.09</ele></trkpt>
<trkpt lat="49.5977717" lon="0.244135"><ele>75.17</ele></trkpt>
<trkpt lat="49.5977933" lon="0.2441667"><ele>75.26</ele></trkpt>
<trkpt lat="49.5978167" lon="0.2441933"><ele>75.22</ele></trkpt>
<trkpt lat="49.59784" lon="0.244215"><ele>75.04</ele></trkpt>
<trkpt lat="49.597865" lon="0.2442317"><ele>75.32</ele></trkpt>
<trkpt lat="49.5979" lon="0.244255"><ele>74.96</ele></trkpt>
<trkpt lat="49.5979317" lon="0.2442867"><ele>74.64</ele></trkpt>
<trkpt lat="49.59796169999999" lon="0.24432"><ele>74.46</ele></trkpt>
<trkpt lat="49.5979967" lon="0.24434"><ele>73.67</ele></trkpt>
<trkpt lat="49.5980267" lon="0.2443517"><ele>73.49</ele></trkpt>
<trkpt lat="49.5980567" lon="0.24436"><ele>73.33</ele></trkpt>
<trkpt lat="49.598095" lon="0.2443617"><ele>72.83</ele></trkpt>
<trkpt lat="49.5981317" lon="0.244375"><ele>72.09</ele></trkpt>
<trkpt lat="49.5981667" lon="0.2443817"><ele>71.39</ele></trkpt>
<trkpt lat="49.598205" lon="0.2443833"><ele>71.01</ele></trkpt>
<trkpt lat="49.59824" lon="0.2443983"><ele>71.09</ele></trkpt>
<trkpt lat="49.5982667" lon="0.2444167"><ele>71.35</ele></trkpt>
<trkpt lat="49.59829669999999" lon="0.24443"><ele>72.17</ele></trkpt>
<trkpt lat="49.5983267" lon="0.2444367"><ele>72.27</ele></trkpt>
<trkpt lat="49.5983533" lon="0.244425"><ele>72.27</ele></trkpt>
<trkpt lat="49.598325" lon="0.2444067"><ele>71.87</ele></trkpt>
<trkpt lat="49.598285" lon="0.2444517"><ele>72.13</ele></trkpt>
<trkpt lat="49.59829830000001" lon="0.244415"><ele>71.63</ele></trkpt>
<trkpt lat="49.5983167" lon="0.2444517"><ele>70.79</ele></trkpt>
<trkpt lat="49.5982917" lon="0.2444783"><ele>71.91</ele></trkpt>
<trkpt lat="49.5983067" lon="0.24454"><ele>71.88</ele></trkpt>
<trkpt lat="49.59829" lon="0.2445917"><ele>71.6</ele></trkpt>
<trkpt lat="49.5982783" lon="0.2446333"><ele>71.6</ele></trkpt>
<trkpt lat="49.598275" lon="0.2446767"><ele>71.6</ele></trkpt>
<trkpt lat="49.5982683" lon="0.2447267"><ele>71.62</ele></trkpt>
<trkpt lat="49.5982633" lon="0.2447733"><ele>71.76</ele></trkpt>
<trkpt lat="49.5982583" lon="0.2448183"><ele>71.89</ele></trkpt>
<trkpt lat="49.598255" lon="0.2448683"><ele>72.06</ele></trkpt>
<trkpt lat="49.5982517" lon="0.2449133"><ele>72.42</ele></trkpt>
<trkpt lat="49.5982517" lon="0.2449667"><ele>72.69</ele></trkpt>
<trkpt lat="49.59825" lon="0.2450217"><ele>72.91</ele></trkpt>
<trkpt lat="49.5982433" lon="0.245065"><ele>73.52</ele></trkpt>
<trkpt lat="49.598235" lon="0.2451217"><ele>74.28</ele></trkpt>
<trkpt lat="49.5982167" lon="0.2451767"><ele>74.71</ele></trkpt>
<trkpt lat="49.5982033" lon="0.245215"><ele>74.88</ele></trkpt>
<trkpt lat="49.5981883" lon="0.245265"><ele>74.45</ele></trkpt>
<trkpt lat="49.5981733" lon="0.2453133"><ele>74.15</ele></trkpt>
<trkpt lat="49.598155" lon="0.24536"><ele>74.05</ele></trkpt>
<trkpt lat="49.5981383" lon="0.2454067"><ele>73.65</ele></trkpt>
<trkpt lat="49.5981233" lon="0.2454583"><ele>73.36</ele></trkpt>
<trkpt lat="49.59810830000001" lon="0.2454983"><ele>72.91</ele></trkpt>
<trkpt lat="49.5980917" lon="0.2455517"><ele>72.35</ele></trkpt>
<trkpt lat="49.59807169999999" lon="0.2455983"><ele>71.36</ele></trkpt>
<trkpt lat="49.5980533" lon="0.24565"><ele>70.8</ele></trkpt>
<trkpt lat="49.59804500000001" lon="0.2457033"><ele>69.88</ele></trkpt>
<trkpt lat="49.598035" lon="0.2457433"><ele>69.55</ele></trkpt>
<trkpt lat="49.5980217" lon="0.2457983"><ele>69.5</ele></trkpt>
<trkpt lat="49.5980133" lon="0.24585"><ele>69.14</ele></trkpt>
<trkpt lat="49.59799829999999" lon="0.245905"><ele>68.63</ele></trkpt>
<trkpt lat="49.59799" lon="0.24595"><ele>68.42</ele></trkpt>
<trkpt lat="49.5979783" lon="0.2460033"><ele>68.13</ele></trkpt>
<trkpt lat="49.59797329999999" lon="0.2460583"><ele>68.03</ele></trkpt>
<trkpt lat="49.59796169999999" lon="0.246115"><ele>68</ele></trkpt>
<trkpt lat="49.5979483" lon="0.2461683"><ele>68.02</ele></trkpt>
<trkpt lat="49.5979333" lon="0.24622"><ele>67.93</ele></trkpt>
<trkpt lat="49.597925" lon="0.2462767"><ele>67.97</ele></trkpt>
<trkpt lat="49.5979183" lon="0.2463317"><ele>67.84</ele></trkpt>
<trkpt lat="49.5979067" lon="0.2463833"><ele>67.73</ele></trkpt>
<trkpt lat="49.5978967" lon="0.2464367"><ele>68.12</ele></trkpt>
<trkpt lat="49.59788829999999" lon="0.2464917"><ele>68.71</ele></trkpt>
<trkpt lat="49.5978783" lon="0.246545"><ele>69.86</ele></trkpt>
<trkpt lat="49.5978683" lon="0.2466017"><ele>70.87</ele></trkpt>
<trkpt lat="49.59786" lon="0.246655"><ele>71.8</ele></trkpt>
<trkpt lat="49.5978483" lon="0.2467117"><ele>72.71</ele></trkpt>
<trkpt lat="49.5978433" lon="0.2467533"><ele>73.13</ele></trkpt>
<trkpt lat="49.5978267" lon="0.2468017"><ele>74.33</ele></trkpt>
<trkpt lat="49.5978183" lon="0.2468417"><ele>74.9</ele></trkpt>
<trkpt lat="49.59780829999999" lon="0.2468817"><ele>75.88</ele></trkpt>
<trkpt lat="49.59779830000001" lon="0.2469217"><ele>76.7</ele></trkpt>
<trkpt lat="49.5977883" lon="0.2469833"><ele>77.83</ele></trkpt>
<trkpt lat="49.5977717" lon="0.24704"><ele>78.51</ele></trkpt>
<trkpt lat="49.5977633" lon="0.24708"><ele>78.75</ele></trkpt>
<trkpt lat="49.59775" lon="0.2471333"><ele>79.26</ele></trkpt>
<trkpt lat="49.5977383" lon="0.24719"><ele>79.95</ele></trkpt>
<trkpt lat="49.597735" lon="0.2472467"><ele>80.38</ele></trkpt>
<trkpt lat="49.5977283" lon="0.2472967"><ele>80.73</ele></trkpt>
<trkpt lat="49.5977267" lon="0.2473517"><ele>81.15</ele></trkpt>
<trkpt lat="49.59772" lon="0.24741"><ele>81.27</ele></trkpt>
<trkpt lat="49.5977167" lon="0.2474667"><ele>81.23</ele></trkpt>
<trkpt lat="49.59771169999999" lon="0.2475233"><ele>80.42</ele></trkpt>
<trkpt lat="49.59771169999999" lon="0.2475683"><ele>80.08</ele></trkpt>
<trkpt lat="49.59771330000001" lon="0.2476183"><ele>79.97</ele></trkpt>
<trkpt lat="49.5977183" lon="0.247675"><ele>79.74</ele></trkpt>
<trkpt lat="49.5977317" lon="0.247735"><ele>79.78</ele></trkpt>
<trkpt lat="49.5977333" lon="0.247785"><ele>80.21</ele></trkpt>
<trkpt lat="49.5977383" lon="0.2478283"><ele>80.52</ele></trkpt>
<trkpt lat="49.5977467" lon="0.247875"><ele>81.27</ele></trkpt>
<trkpt lat="49.5977567" lon="0.2479317"><ele>81.84</ele></trkpt>
<trkpt lat="49.5977567" lon="0.2479767"><ele>81.82</ele></trkpt>
<trkpt lat="49.5977567" lon="0.2480333"><ele>81.87</ele></trkpt>
<trkpt lat="49.5977583" lon="0.248075"><ele>81.83</ele></trkpt>
<trkpt lat="49.5977583" lon="0.2481167"><ele>81.64</ele></trkpt>
<trkpt lat="49.5977583" lon="0.24817"><ele>81.11</ele></trkpt>
<trkpt lat="49.597755" lon="0.2482233"><ele>80.42</ele></trkpt>
<trkpt lat="49.59775" lon="0.248265"><ele>79.83</ele></trkpt>
<trkpt lat="49.5977433" lon="0.2483117"><ele>79.78</ele></trkpt>
<trkpt lat="49.5977383" lon="0.2483583"><ele>79.68</ele></trkpt>
<trkpt lat="49.597735" lon="0.2484017"><ele>79.45</ele></trkpt>
<trkpt lat="49.5977317" lon="0.2484433"><ele>79.17</ele></trkpt>
<trkpt lat="49.5977283" lon="0.248485"><ele>78.78</ele></trkpt>
<trkpt lat="49.597725" lon="0.2485433"><ele>78.34</ele></trkpt>
<trkpt lat="49.5977217" lon="0.2485983"><ele>78.37</ele></trkpt>
<trkpt lat="49.5977167" lon="0.2486517"><ele>78.56</ele></trkpt>
<trkpt lat="49.59771169999999" lon="0.2487033"><ele>78.41</ele></trkpt>
<trkpt lat="49.597705" lon="0.2487533"><ele>78.37</ele></trkpt>
<trkpt lat="49.5977033" lon="0.2488067"><ele>78.3</ele></trkpt>
<trkpt lat="49.5977033" lon="0.2488667"><ele>78.39</ele></trkpt>
<trkpt lat="49.597705" lon="0.24891"><ele>78.38</ele></trkpt>
<trkpt lat="49.5977" lon="0.24896"><ele>78.8</ele></trkpt>
<trkpt lat="49.59769829999999" lon="0.24901"><ele>79.27</ele></trkpt>
<trkpt lat="49.5976967" lon="0.2490617"><ele>79.47</ele></trkpt>
<trkpt lat="49.597695" lon="0.249115"><ele>79.9</ele></trkpt>
<trkpt lat="49.597695" lon="0.249165"><ele>80.77</ele></trkpt>
<trkpt lat="49.597695" lon="0.2492183"><ele>81.58</ele></trkpt>
<trkpt lat="49.5977017" lon="0.24927"><ele>81.96</ele></trkpt>
<trkpt lat="49.59771" lon="0.249325"><ele>82.51</ele></trkpt>
<trkpt lat="49.5977217" lon="0.2493683"><ele>82.65</ele></trkpt>
<trkpt lat="49.5977383" lon="0.2494067"><ele>83.6</ele></trkpt>
<trkpt lat="49.5977567" lon="0.2494433"><ele>83.78</ele></trkpt>
<trkpt lat="49.5977783" lon="0.249485"><ele>84.55</ele></trkpt>
<trkpt lat="49.59779999999999" lon="0.2495183"><ele>85.1</ele></trkpt>
<trkpt lat="49.5978217" lon="0.2495533"><ele>85.51</ele></trkpt>
<trkpt lat="49.597855" lon="0.249585"><ele>85.9</ele></trkpt>
<trkpt lat="49.59788330000001" lon="0.2496117"><ele>86.26</ele></trkpt>
<trkpt lat="49.597915" lon="0.24965"><ele>86.2</ele></trkpt>
<trkpt lat="49.5979367" lon="0.2496767"><ele>86.27</ele></trkpt>
<trkpt lat="49.5979583" lon="0.249705"><ele>86.18</ele></trkpt>
<trkpt lat="49.597985" lon="0.249725"><ele>86.08999999999999</ele></trkpt>
<trkpt lat="49.59801170000001" lon="0.2497517"><ele>86.36</ele></trkpt>
<trkpt lat="49.5980383" lon="0.2497767"><ele>86.91</ele></trkpt>
<trkpt lat="49.59807" lon="0.2498083"><ele>87.55</ele></trkpt>
<trkpt lat="49.5981017" lon="0.2498383"><ele>87.66</ele></trkpt>
<trkpt lat="49.5981233" lon="0.2498633"><ele>87.93</ele></trkpt>
<trkpt lat="49.59815" lon="0.24989"><ele>88.15</ele></trkpt>
<trkpt lat="49.5981733" lon="0.2499117"><ele>88.52</ele></trkpt>
<trkpt lat="49.59819330000001" lon="0.2499567"><ele>89.53</ele></trkpt>
<trkpt lat="49.59821169999999" lon="0.2499883"><ele>90.31</ele></trkpt>
<trkpt lat="49.59823669999999" lon="0.250035"><ele>91.19</ele></trkpt>
<trkpt lat="49.5982633" lon="0.2500817"><ele>91.48</ele></trkpt>
<trkpt lat="49.598285" lon="0.2501283"><ele>91.99</ele></trkpt>
<trkpt lat="49.5983183" lon="0.25016"><ele>92.64</ele></trkpt>
<trkpt lat="49.5983433" lon="0.2501883"><ele>93.2</ele></trkpt>
<trkpt lat="49.59837" lon="0.2502217"><ele>93.81</ele></trkpt>
<trkpt lat="49.5983983" lon="0.2502317"><ele>94.22</ele></trkpt>
<trkpt lat="49.59843499999999" lon="0.2502583"><ele>94.45999999999998</ele></trkpt>
<trkpt lat="49.5984717" lon="0.250265"><ele>94.59</ele></trkpt>
<trkpt lat="49.59851" lon="0.250265"><ele>94.77</ele></trkpt>
<trkpt lat="49.59854170000001" lon="0.250265"><ele>95.31</ele></trkpt>
<trkpt lat="49.5985733" lon="0.2502533"><ele>95.49</ele></trkpt>
<trkpt lat="49.5986083" lon="0.25024"><ele>95.92</ele></trkpt>
<trkpt lat="49.598635" lon="0.2502233"><ele>96.28</ele></trkpt>
<trkpt lat="49.59867" lon="0.250205"><ele>96.16</ele></trkpt>
<trkpt lat="49.59870670000001" lon="0.2501833"><ele>95.49</ele></trkpt>
<trkpt lat="49.59874169999999" lon="0.2501683"><ele>94.95</ele></trkpt>
<trkpt lat="49.59876669999999" lon="0.2501483"><ele>94.80999999999999</ele></trkpt>
<trkpt lat="49.5987933" lon="0.250155"><ele>94.64</ele></trkpt>
<trkpt lat="49.59881670000001" lon="0.25019"><ele>95.34</ele></trkpt>
<trkpt lat="49.5988333" lon="0.25023"><ele>96.33</ele></trkpt>
<trkpt lat="49.5988467" lon="0.2502717"><ele>96.49</ele></trkpt>
<trkpt lat="49.598865" lon="0.25032"><ele>96.64</ele></trkpt>
<trkpt lat="49.5988783" lon="0.2503667"><ele>97.07</ele></trkpt>
<trkpt lat="49.5988983" lon="0.2504117"><ele>97.18</ele></trkpt>
<trkpt lat="49.59891499999999" lon="0.25045"><ele>97.48</ele></trkpt>
<trkpt lat="49.5989333" lon="0.25049"><ele>97.82</ele></trkpt>
<trkpt lat="49.59895" lon="0.2505283"><ele>98.6</ele></trkpt>
<trkpt lat="49.5989617" lon="0.2505767"><ele>98.28</ele></trkpt>
<trkpt lat="49.5989783" lon="0.2506133"><ele>97.93999999999998</ele></trkpt>
<trkpt lat="49.598995" lon="0.2506633"><ele>97.72999999999999</ele></trkpt>
<trkpt lat="49.5990133" lon="0.2507133"><ele>97.37000000000002</ele></trkpt>
<trkpt lat="49.5990333" lon="0.25076"><ele>96.59</ele></trkpt>
<trkpt lat="49.5990517" lon="0.2508083"><ele>96.4</ele></trkpt>
<trkpt lat="49.5990683" lon="0.250855"><ele>96.36</ele></trkpt>
<trkpt lat="49.5990833" lon="0.2509033"><ele>95.66</ele></trkpt>
<trkpt lat="49.59910169999999" lon="0.25095"><ele>95.57</ele></trkpt>
<trkpt lat="49.59912" lon="0.2509983"><ele>95.69</ele></trkpt>
<trkpt lat="49.59913829999999" lon="0.2510383"><ele>96.14</ele></trkpt>
<trkpt lat="49.59915170000001" lon="0.2510817"><ele>96.64</ele></trkpt>
<trkpt lat="49.599165" lon="0.2511267"><ele>96.72</ele></trkpt>
<trkpt lat="49.599175" lon="0.25117"><ele>96.86</ele></trkpt>
<trkpt lat="49.59918830000001" lon="0.25121"><ele>97.16</ele></trkpt>
<trkpt lat="49.5992033" lon="0.2512533"><ele>97.35999999999999</ele></trkpt>
<trkpt lat="49.59922329999999" lon="0.2512933"><ele>97.38</ele></trkpt>
<trkpt lat="49.599245" lon="0.251335"><ele>97.75</ele></trkpt>
<trkpt lat="49.59926170000001" lon="0.2513833"><ele>97.89</ele></trkpt>
<trkpt lat="49.5992767" lon="0.2514217"><ele>98.06</ele></trkpt>
<trkpt lat="49.5992933" lon="0.2514617"><ele>98.07999999999998</ele></trkpt>
<trkpt lat="49.59931" lon="0.251495"><ele>99.57999999999998</ele></trkpt>
<trkpt lat="49.59932500000001" lon="0.2515433"><ele>99.89</ele></trkpt>
<trkpt lat="49.5993183" lon="0.2515933"><ele>100.06</ele></trkpt>
<trkpt lat="49.5992983" lon="0.2516317"><ele>100.26</ele></trkpt>
<trkpt lat="49.5992717" lon="0.2516567"><ele>100.46</ele></trkpt>
<trkpt lat="49.5992467" lon="0.25169"><ele>101</ele></trkpt>
<trkpt lat="49.5992217" lon="0.2517133"><ele>101.16</ele></trkpt>
<trkpt lat="49.59919829999999" lon="0.2517417"><ele>101.78</ele></trkpt>
<trkpt lat="49.59917" lon="0.2517733"><ele>102.44</ele></trkpt>
<trkpt lat="49.599145" lon="0.2518067"><ele>102.59</ele></trkpt>
<trkpt lat="49.5991167" lon="0.251835"><ele>102.7</ele></trkpt>
<trkpt lat="49.59909170000001" lon="0.251865"><ele>102.38</ele></trkpt>
<trkpt lat="49.5990683" lon="0.2519"><ele>102.04</ele></trkpt>
<trkpt lat="49.599045" lon="0.25194"><ele>102.23</ele></trkpt>
<trkpt lat="49.5990217" lon="0.2519733"><ele>102.65</ele></trkpt>
<trkpt lat="49.598995" lon="0.2520083"><ele>102.86</ele></trkpt>
<trkpt lat="49.598975" lon="0.2520483"><ele>103.19</ele></trkpt>
<trkpt lat="49.59895" lon="0.2520933"><ele>103.62</ele></trkpt>
<trkpt lat="49.5989333" lon="0.2521267"><ele>103.85</ele></trkpt>
<trkpt lat="49.5989117" lon="0.25217"><ele>104.09</ele></trkpt>
<trkpt lat="49.5988867" lon="0.2522133"><ele>103.96</ele></trkpt>
<trkpt lat="49.5988567" lon="0.2522517"><ele>103.64</ele></trkpt>
<trkpt lat="49.5988367" lon="0.2522817"><ele>103.53</ele></trkpt>
<trkpt lat="49.5988133" lon="0.25232"><ele>103.57</ele></trkpt>
<trkpt lat="49.5987867" lon="0.2523667"><ele>103.4</ele></trkpt>
<trkpt lat="49.5987617" lon="0.2524133"><ele>103.59</ele></trkpt>
<trkpt lat="49.5987383" lon="0.252455"><ele>103.77</ele></trkpt>
<trkpt lat="49.59871500000001" lon="0.2524967"><ele>103.8</ele></trkpt>
<trkpt lat="49.5986883" lon="0.2525367"><ele>103.54</ele></trkpt>
<trkpt lat="49.5986617" lon="0.252575"><ele>103.43</ele></trkpt>
<trkpt lat="49.5986383" lon="0.2526167"><ele>103.3</ele></trkpt>
<trkpt lat="49.59861329999999" lon="0.2526567"><ele>102.95</ele></trkpt>
<trkpt lat="49.5985883" lon="0.2527"><ele>102.81</ele></trkpt>
<trkpt lat="49.5985633" lon="0.25274"><ele>102.54</ele></trkpt>
<trkpt lat="49.59854" lon="0.2527817"><ele>102.5</ele></trkpt>
<trkpt lat="49.59851669999999" lon="0.2528233"><ele>102.4</ele></trkpt>
<trkpt lat="49.59849330000001" lon="0.25286"><ele>102.37</ele></trkpt>
<trkpt lat="49.5984733" lon="0.252895"><ele>102.66</ele></trkpt>
<trkpt lat="49.5984517" lon="0.2529283"><ele>103.12</ele></trkpt>
<trkpt lat="49.5984283" lon="0.2529683"><ele>103.2</ele></trkpt>
<trkpt lat="49.5984017" lon="0.2530017"><ele>103.2</ele></trkpt>
<trkpt lat="49.598375" lon="0.2530367"><ele>103.03</ele></trkpt>
<trkpt lat="49.598345" lon="0.2530667"><ele>103.17</ele></trkpt>
<trkpt lat="49.5983183" lon="0.2530917"><ele>103.48</ele></trkpt>
<trkpt lat="49.59829" lon="0.2531233"><ele>103.48</ele></trkpt>
<trkpt lat="49.5982583" lon="0.25315"><ele>103.31</ele></trkpt>
<trkpt lat="49.598225" lon="0.2531767"><ele>103.73</ele></trkpt>
<trkpt lat="49.59819330000001" lon="0.2532017"><ele>104.05</ele></trkpt>
<trkpt lat="49.5981617" lon="0.25323"><ele>104.29</ele></trkpt>
<trkpt lat="49.59813330000001" lon="0.253245"><ele>104.13</ele></trkpt>
<trkpt lat="49.59810000000001" lon="0.25327"><ele>104.08</ele></trkpt>
<trkpt lat="49.5980667" lon="0.253285"><ele>103.91</ele></trkpt>
<trkpt lat="49.59803670000001" lon="0.25331"><ele>104.16</ele></trkpt>
<trkpt lat="49.5980067" lon="0.2533317"><ele>104.36</ele></trkpt>
<trkpt lat="49.5979783" lon="0.2533583"><ele>104.54</ele></trkpt>
<trkpt lat="49.59795170000001" lon="0.2533833"><ele>104.93</ele></trkpt>
<trkpt lat="49.597925" lon="0.2534083"><ele>105.03</ele></trkpt>
<trkpt lat="49.5978983" lon="0.253435"><ele>104.72</ele></trkpt>
<trkpt lat="49.5978733" lon="0.2534667"><ele>104.35</ele></trkpt>
<trkpt lat="49.59784670000001" lon="0.2535067"><ele>104.2</ele></trkpt>
<trkpt lat="49.5978217" lon="0.2535333"><ele>104.64</ele></trkpt>
<trkpt lat="49.5978017" lon="0.2535783"><ele>104.78</ele></trkpt>
<trkpt lat="49.5977717" lon="0.2536117"><ele>104.7</ele></trkpt>
<trkpt lat="49.5977467" lon="0.2536433"><ele>104.61</ele></trkpt>
<trkpt lat="49.5977267" lon="0.253675"><ele>104.86</ele></trkpt>
<trkpt lat="49.597705" lon="0.2537167"><ele>105.06</ele></trkpt>
<trkpt lat="49.5976817" lon="0.2537533"><ele>105.18</ele></trkpt>
<trkpt lat="49.5976617" lon="0.253805"><ele>105.3</ele></trkpt>
<trkpt lat="49.5976467" lon="0.2538417"><ele>105.3</ele></trkpt>
<trkpt lat="49.5976283" lon="0.2538917"><ele>105.37</ele></trkpt>
<trkpt lat="49.5976117" lon="0.253935"><ele>105.64</ele></trkpt>
<trkpt lat="49.59759170000001" lon="0.2539833"><ele>105.79</ele></trkpt>
<trkpt lat="49.59757" lon="0.2540283"><ele>106.25</ele></trkpt>
<trkpt lat="49.59754999999999" lon="0.2540767"><ele>106.47</ele></trkpt>
<trkpt lat="49.59753" lon="0.2541283"><ele>106.41</ele></trkpt>
<trkpt lat="49.59751" lon="0.2541717"><ele>106.49</ele></trkpt>
<trkpt lat="49.5974917" lon="0.2542133"><ele>106.5</ele></trkpt>
<trkpt lat="49.5974683" lon="0.2542567"><ele>106.44</ele></trkpt>
<trkpt lat="49.59745" lon="0.2543"><ele>106.58</ele></trkpt>
<trkpt lat="49.5974283" lon="0.254345"><ele>107.05</ele></trkpt>
<trkpt lat="49.5974067" lon="0.254395"><ele>107.13</ele></trkpt>
<trkpt lat="49.59739" lon="0.2544433"><ele>106.94</ele></trkpt>
<trkpt lat="49.597375" lon="0.254495"><ele>107.03</ele></trkpt>
<trkpt lat="49.5973567" lon="0.2545467"><ele>106.91</ele></trkpt>
<trkpt lat="49.597335" lon="0.2545983"><ele>106.64</ele></trkpt>
<trkpt lat="49.5973183" lon="0.254645"><ele>106.34</ele></trkpt>
<trkpt lat="49.59730329999999" lon="0.2546833"><ele>106.09</ele></trkpt>
<trkpt lat="49.5972883" lon="0.2547267"><ele>106.01</ele></trkpt>
<trkpt lat="49.59726999999999" lon="0.2547733"><ele>106.11</ele></trkpt>
<trkpt lat="49.59725670000001" lon="0.25481"><ele>106.1</ele></trkpt>
<trkpt lat="49.597245" lon="0.25485"><ele>106.26</ele></trkpt>
<trkpt lat="49.5972267" lon="0.2549017"><ele>106.58</ele></trkpt>
<trkpt lat="49.59720669999999" lon="0.25495"><ele>106.74</ele></trkpt>
<trkpt lat="49.597185" lon="0.255"><ele>106.97</ele></trkpt>
<trkpt lat="49.5971667" lon="0.2550417"><ele>107</ele></trkpt>
<trkpt lat="49.59714670000001" lon="0.2550867"><ele>106.94</ele></trkpt>
<trkpt lat="49.59713000000001" lon="0.2551333"><ele>107.06</ele></trkpt>
<trkpt lat="49.5971083" lon="0.2551783"><ele>106.75</ele></trkpt>
<trkpt lat="49.597085" lon="0.2552233"><ele>106.68</ele></trkpt>
<trkpt lat="49.59706670000001" lon="0.2552667"><ele>106.7</ele></trkpt>
<trkpt lat="49.5970517" lon="0.2553167"><ele>106.93</ele></trkpt>
<trkpt lat="49.5970333" lon="0.2553617"><ele>106.88</ele></trkpt>
<trkpt lat="49.597015" lon="0.2554017"><ele>107.54</ele></trkpt>
<trkpt lat="49.5969983" lon="0.2554367"><ele>107.86</ele></trkpt>
<trkpt lat="49.59698" lon="0.25547"><ele>108.24</ele></trkpt>
<trkpt lat="49.5969633" lon="0.2555067"><ele>107.83</ele></trkpt>
<trkpt lat="49.5969467" lon="0.25554"><ele>107.62</ele></trkpt>
<trkpt lat="49.59693" lon="0.2555733"><ele>107.32</ele></trkpt>
<trkpt lat="49.5969133" lon="0.255615"><ele>107.3</ele></trkpt>
<trkpt lat="49.5969" lon="0.2556583"><ele>107.14</ele></trkpt>
<trkpt lat="49.5968817" lon="0.255705"><ele>106.92</ele></trkpt>
<trkpt lat="49.5968617" lon="0.25575"><ele>106.97</ele></trkpt>
<trkpt lat="49.59684" lon="0.2557967"><ele>107.16</ele></trkpt>
<trkpt lat="49.59682000000001" lon="0.25584"><ele>107.45</ele></trkpt>
<trkpt lat="49.5968" lon="0.2558817"><ele>107.62</ele></trkpt>
<trkpt lat="49.59678" lon="0.255925"><ele>107.53</ele></trkpt>
<trkpt lat="49.5967583" lon="0.25597"><ele>107.25</ele></trkpt>
<trkpt lat="49.59674" lon="0.2560117"><ele>107.44</ele></trkpt>
<trkpt lat="49.59671999999999" lon="0.256055"><ele>107.74</ele></trkpt>
<trkpt lat="49.5967" lon="0.2560983"><ele>108.06</ele></trkpt>
<trkpt lat="49.5966767" lon="0.256145"><ele>108.03</ele></trkpt>
<trkpt lat="49.596655" lon="0.2561967"><ele>107.65</ele></trkpt>
<trkpt lat="49.59663499999999" lon="0.2562467"><ele>107.09</ele></trkpt>
<trkpt lat="49.5966167" lon="0.2562967"><ele>106.14</ele></trkpt>
<trkpt lat="49.5966" lon="0.2563417"><ele>105.39</ele></trkpt>
<trkpt lat="49.59658" lon="0.2563933"><ele>104.62</ele></trkpt>
<trkpt lat="49.5965667" lon="0.25643"><ele>104.19</ele></trkpt>
<trkpt lat="49.5965517" lon="0.256475"><ele>103.59</ele></trkpt>
<trkpt lat="49.5965383" lon="0.256525"><ele>102.96</ele></trkpt>
<trkpt lat="49.59654" lon="0.2565817"><ele>102.48</ele></trkpt>
<trkpt lat="49.59654500000001" lon="0.2566433"><ele>101.98</ele></trkpt>
<trkpt lat="49.5965533" lon="0.2566833"><ele>101.84</ele></trkpt>
<trkpt lat="49.5965633" lon="0.25674"><ele>101.88</ele></trkpt>
<trkpt lat="49.5965733" lon="0.2567817"><ele>101.95</ele></trkpt>
<trkpt lat="49.596585" lon="0.2568367"><ele>102.38</ele></trkpt>
<trkpt lat="49.5965917" lon="0.25688"><ele>102.45</ele></trkpt>
<trkpt lat="49.5966033" lon="0.25693"><ele>102.34</ele></trkpt>
<trkpt lat="49.59661" lon="0.256975"><ele>102.64</ele></trkpt>
<trkpt lat="49.5966183" lon="0.25703"><ele>102.98</ele></trkpt>
<trkpt lat="49.59663" lon="0.2570883"><ele>103.35</ele></trkpt>
<trkpt lat="49.5966367" lon="0.2571467"><ele>103.54</ele></trkpt>
<trkpt lat="49.59664329999999" lon="0.2572"><ele>103.79</ele></trkpt>
<trkpt lat="49.5966517" lon="0.2572433"><ele>103.96</ele></trkpt>
<trkpt lat="49.59665999999999" lon="0.257285"><ele>103.77</ele></trkpt>
<trkpt lat="49.5966783" lon="0.257335"><ele>103.47</ele></trkpt>
<trkpt lat="49.59669" lon="0.2573833"><ele>103.29</ele></trkpt>
<trkpt lat="49.5966983" lon="0.25743"><ele>103.07</ele></trkpt>
<trkpt lat="49.59671000000001" lon="0.2574717"><ele>102.74</ele></trkpt>
<trkpt lat="49.5967217" lon="0.2575167"><ele>102.71</ele></trkpt>
<trkpt lat="49.59673170000001" lon="0.2575633"><ele>102.45</ele></trkpt>
<trkpt lat="49.59674829999999" lon="0.257605"><ele>101.86</ele></trkpt>
<trkpt lat="49.596775" lon="0.25765"><ele>101.55</ele></trkpt>
<trkpt lat="49.59679" lon="0.2576983"><ele>100.96</ele></trkpt>
<trkpt lat="49.5968083" lon="0.25775"><ele>101.05</ele></trkpt>
<trkpt lat="49.59682169999999" lon="0.2577867"><ele>101.17</ele></trkpt>
<trkpt lat="49.5968367" lon="0.2578217"><ele>101.2</ele></trkpt>
<trkpt lat="49.5968533" lon="0.2578717"><ele>101.62</ele></trkpt>
<trkpt lat="49.5968683" lon="0.25792"><ele>102.06</ele></trkpt>
<trkpt lat="49.5968867" lon="0.2579783"><ele>102.26</ele></trkpt>
<trkpt lat="49.5969" lon="0.258015"><ele>102.48</ele></trkpt>
<trkpt lat="49.59690999999999" lon="0.2580567"><ele>102.59</ele></trkpt>
<trkpt lat="49.5969233" lon="0.2581117"><ele>102.44</ele></trkpt>
<trkpt lat="49.5969367" lon="0.258155"><ele>102.41</ele></trkpt>
<trkpt lat="49.5969483" lon="0.2581933"><ele>102.49</ele></trkpt>
<trkpt lat="49.5969617" lon="0.25823"><ele>102.89</ele></trkpt>
<trkpt lat="49.59698" lon="0.258285"><ele>103.54</ele></trkpt>
<trkpt lat="49.59699169999999" lon="0.2583233"><ele>104.01</ele></trkpt>
<trkpt lat="49.59700329999999" lon="0.2583817"><ele>104.45</ele></trkpt>
<trkpt lat="49.5970183" lon="0.25844"><ele>104.93</ele></trkpt>
<trkpt lat="49.5970317" lon="0.2584967"><ele>105.1</ele></trkpt>
<trkpt lat="49.59704500000001" lon="0.2585533"><ele>105.22</ele></trkpt>
<trkpt lat="49.5970567" lon="0.2585917"><ele>105.21</ele></trkpt>
<trkpt lat="49.59707000000001" lon="0.2586483"><ele>104.97</ele></trkpt>
<trkpt lat="49.5970817" lon="0.2586967"><ele>104.72</ele></trkpt>
<trkpt lat="49.59709500000001" lon="0.2587483"><ele>104.85</ele></trkpt>
<trkpt lat="49.59710499999999" lon="0.2588083"><ele>104.73</ele></trkpt>
<trkpt lat="49.597115" lon="0.2588483"><ele>104.78</ele></trkpt>
<trkpt lat="49.5971283" lon="0.2589017"><ele>104.36</ele></trkpt>
<trkpt lat="49.59714" lon="0.2589583"><ele>103.79</ele></trkpt>
<trkpt lat="49.5971533" lon="0.259015"><ele>103.4</ele></trkpt>
<trkpt lat="49.59716499999999" lon="0.2590733"><ele>102.69</ele></trkpt>
<trkpt lat="49.5971783" lon="0.2591217"><ele>102.51</ele></trkpt>
<trkpt lat="49.597195" lon="0.2591733"><ele>102.57</ele></trkpt>
<trkpt lat="49.5972083" lon="0.25921"><ele>102.76</ele></trkpt>
<trkpt lat="49.5972217" lon="0.2592517"><ele>103.21</ele></trkpt>
<trkpt lat="49.5972367" lon="0.259305"><ele>104.08</ele></trkpt>
<trkpt lat="49.59725" lon="0.2593583"><ele>104.65</ele></trkpt>
<trkpt lat="49.59726" lon="0.2594133"><ele>104.54</ele></trkpt>
<trkpt lat="49.5972733" lon="0.2594617"><ele>104.67</ele></trkpt>
<trkpt lat="49.597285" lon="0.2595133"><ele>104.86</ele></trkpt>
<trkpt lat="49.5972983" lon="0.25957"><ele>105.33</ele></trkpt>
<trkpt lat="49.59731" lon="0.259625"><ele>105.73</ele></trkpt>
<trkpt lat="49.5973233" lon="0.25968"><ele>106.32</ele></trkpt>
<trkpt lat="49.597335" lon="0.2597317"><ele>106.73</ele></trkpt>
<trkpt lat="49.5973483" lon="0.2597817"><ele>107.65</ele></trkpt>
<trkpt lat="49.59736" lon="0.2598267"><ele>108.55</ele></trkpt>
<trkpt lat="49.5973717" lon="0.2598717"><ele>108.63</ele></trkpt>
<trkpt lat="49.59737999999999" lon="0.2599233"><ele>108.32</ele></trkpt>
<trkpt lat="49.5973983" lon="0.2599683"><ele>108.53</ele></trkpt>
<trkpt lat="49.59741330000001" lon="0.2600133"><ele>108.5</ele></trkpt>
<trkpt lat="49.59743000000001" lon="0.260065"><ele>108.29</ele></trkpt>
<trkpt lat="49.59743169999999" lon="0.2601067"><ele>108.14</ele></trkpt>
<trkpt lat="49.59740170000001" lon="0.26013"><ele>107.45</ele></trkpt>
<trkpt lat="49.5973733" lon="0.2601317"><ele>107.02</ele></trkpt>
<trkpt lat="49.5973433" lon="0.2601383"><ele>106.43</ele></trkpt>
<trkpt lat="49.597315" lon="0.26015"><ele>106.15</ele></trkpt>
<trkpt lat="49.5972867" lon="0.2601533"><ele>105.62</ele></trkpt>
<trkpt lat="49.5972483" lon="0.2601483"><ele>104.73</ele></trkpt>
<trkpt lat="49.5972167" lon="0.2601383"><ele>104.29</ele></trkpt>
<trkpt lat="49.59718169999999" lon="0.2601283"><ele>103.83</ele></trkpt>
<trkpt lat="49.59715" lon="0.2601233"><ele>103.64</ele></trkpt>
<trkpt lat="49.5971183" lon="0.260115"><ele>103.5</ele></trkpt>
<trkpt lat="49.597085" lon="0.2601067"><ele>103.59</ele></trkpt>
<trkpt lat="49.5970467" lon="0.2601"><ele>103.56</ele></trkpt>
<trkpt lat="49.5970083" lon="0.2600867"><ele>103.51</ele></trkpt>
<trkpt lat="49.59698" lon="0.26008"><ele>103.25</ele></trkpt>
<trkpt lat="49.59695" lon="0.2600733"><ele>103.05</ele></trkpt>
<trkpt lat="49.59692" lon="0.26007"><ele>102.71</ele></trkpt>
<trkpt lat="49.59688000000001" lon="0.260065"><ele>101.86</ele></trkpt>
<trkpt lat="49.5968517" lon="0.260055"><ele>101.81</ele></trkpt>
<trkpt lat="49.5968183" lon="0.2600433"><ele>102.23</ele></trkpt>
<trkpt lat="49.5967833" lon="0.2600367"><ele>102.53</ele></trkpt>
<trkpt lat="49.596755" lon="0.2600317"><ele>102.6</ele></trkpt>
<trkpt lat="49.596725" lon="0.2600233"><ele>102.51</ele></trkpt>
<trkpt lat="49.5966867" lon="0.2600133"><ele>102.51</ele></trkpt>
<trkpt lat="49.5966583" lon="0.26001"><ele>102.67</ele></trkpt>
<trkpt lat="49.5966167" lon="0.2600033"><ele>103.14</ele></trkpt>
<trkpt lat="49.5965817" lon="0.2599933"><ele>103.42</ele></trkpt>
<trkpt lat="49.5965417" lon="0.2599967"><ele>103.48</ele></trkpt>
<trkpt lat="49.5965133" lon="0.2599917"><ele>103.52</ele></trkpt>
<trkpt lat="49.596475" lon="0.2599817"><ele>103.64</ele></trkpt>
<trkpt lat="49.59643500000001" lon="0.259975"><ele>104.24</ele></trkpt>
<trkpt lat="49.5964" lon="0.259965"><ele>104.4</ele></trkpt>
<trkpt lat="49.5963667" lon="0.25996"><ele>104.59</ele></trkpt>
<trkpt lat="49.5963267" lon="0.2599583"><ele>104.84</ele></trkpt>
<trkpt lat="49.59629999999999" lon="0.25995"><ele>105.06</ele></trkpt>
<trkpt lat="49.59627330000001" lon="0.25994"><ele>105.42</ele></trkpt>
<trkpt lat="49.596245" lon="0.2599283"><ele>105.73</ele></trkpt>
<trkpt lat="49.59622" lon="0.25991"><ele>106.12</ele></trkpt>
<trkpt lat="49.5961833" lon="0.2598917"><ele>106.54</ele></trkpt>
<trkpt lat="49.5961567" lon="0.2598717"><ele>106.69</ele></trkpt>
<trkpt lat="49.5961333" lon="0.2598483"><ele>106.61</ele></trkpt>
<trkpt lat="49.5960983" lon="0.25982"><ele>106.92</ele></trkpt>
<trkpt lat="49.5960733" lon="0.2598"><ele>107</ele></trkpt>
<trkpt lat="49.5960483" lon="0.2597767"><ele>107</ele></trkpt>
<trkpt lat="49.59601500000001" lon="0.2597383"><ele>106.91</ele></trkpt>
<trkpt lat="49.5959867" lon="0.259705"><ele>106.91</ele></trkpt>
<trkpt lat="49.5959567" lon="0.2596783"><ele>106.93</ele></trkpt>
<trkpt lat="49.59593000000001" lon="0.259635"><ele>106.82</ele></trkpt>
<trkpt lat="49.59590500000001" lon="0.259585"><ele>106.97</ele></trkpt>
<trkpt lat="49.59589" lon="0.2595467"><ele>107.07</ele></trkpt>
<trkpt lat="49.5958667" lon="0.2595017"><ele>107.52</ele></trkpt>
<trkpt lat="49.5958433" lon="0.2594583"><ele>107.72</ele></trkpt>
<trkpt lat="49.59581670000001" lon="0.259415"><ele>107.55</ele></trkpt>
<trkpt lat="49.5957983" lon="0.2593633"><ele>107.18</ele></trkpt>
<trkpt lat="49.59578" lon="0.2593283"><ele>107.27</ele></trkpt>
<trkpt lat="49.5957617" lon="0.259295"><ele>107.28</ele></trkpt>
<trkpt lat="49.5957467" lon="0.2592483"><ele>107.47</ele></trkpt>
<trkpt lat="49.595725" lon="0.2591983"><ele>107.57</ele></trkpt>
<trkpt lat="49.59571" lon="0.2591567"><ele>107.76</ele></trkpt>
<trkpt lat="49.595695" lon="0.2591"><ele>107.73</ele></trkpt>
<trkpt lat="49.5956833" lon="0.2590617"><ele>107.8</ele></trkpt>
<trkpt lat="49.5956667" lon="0.2590117"><ele>107.55</ele></trkpt>
<trkpt lat="49.59565" lon="0.2589667"><ele>107.32</ele></trkpt>
<trkpt lat="49.59562999999999" lon="0.2589167"><ele>107.45</ele></trkpt>
<trkpt lat="49.59561329999999" lon="0.25888"><ele>107.66</ele></trkpt>
<trkpt lat="49.5955983" lon="0.2588383"><ele>107.86</ele></trkpt>
<trkpt lat="49.5955883" lon="0.2587967"><ele>108.06</ele></trkpt>
<trkpt lat="49.59557830000001" lon="0.2587567"><ele>108.33</ele></trkpt>
<trkpt lat="49.59556670000001" lon="0.2587167"><ele>108.33</ele></trkpt>
<trkpt lat="49.5955567" lon="0.2586767"><ele>107.97</ele></trkpt>
<trkpt lat="49.59554" lon="0.2586217"><ele>107.39</ele></trkpt>
<trkpt lat="49.5955267" lon="0.2585717"><ele>107.05</ele></trkpt>
<trkpt lat="49.5955083" lon="0.2585167"><ele>107.13</ele></trkpt>
<trkpt lat="49.59549330000001" lon="0.2584617"><ele>106.76</ele></trkpt>
<trkpt lat="49.59548" lon="0.2584117"><ele>106</ele></trkpt>
<trkpt lat="49.5954633" lon="0.25836"><ele>105.65</ele></trkpt>
<trkpt lat="49.5954517" lon="0.2583217"><ele>105.52</ele></trkpt>
<trkpt lat="49.59544" lon="0.2582833"><ele>105.35</ele></trkpt>
<trkpt lat="49.5954233" lon="0.2582283"><ele>104.85</ele></trkpt>
<trkpt lat="49.59540830000001" lon="0.2581783"><ele>104.37</ele></trkpt>
<trkpt lat="49.5953917" lon="0.258125"><ele>104.21</ele></trkpt>
<trkpt lat="49.5953767" lon="0.25807"><ele>104.21</ele></trkpt>
<trkpt lat="49.595365" lon="0.2580317"><ele>104.28</ele></trkpt>
<trkpt lat="49.59534669999999" lon="0.2579783"><ele>104.49</ele></trkpt>
<trkpt lat="49.59532830000001" lon="0.257925"><ele>104.83</ele></trkpt>
<trkpt lat="49.59531170000001" lon="0.2578717"><ele>105.18</ele></trkpt>
<trkpt lat="49.5953" lon="0.2578333"><ele>105.3</ele></trkpt>
<trkpt lat="49.5952817" lon="0.2577817"><ele>105.38</ele></trkpt>
<trkpt lat="49.59526169999999" lon="0.2577333"><ele>105.31</ele></trkpt>
<trkpt lat="49.59524330000001" lon="0.2576833"><ele>105.54</ele></trkpt>
<trkpt lat="49.5952267" lon="0.25765"><ele>105.76</ele></trkpt>
<trkpt lat="49.5952133" lon="0.25761"><ele>105.89</ele></trkpt>
<trkpt lat="49.5952" lon="0.2575533"><ele>105.81</ele></trkpt>
<trkpt lat="49.5951833" lon="0.2574983"><ele>105.74</ele></trkpt>
<trkpt lat="49.5951667" lon="0.2574483"><ele>105.61</ele></trkpt>
<trkpt lat="49.59515" lon="0.2574"><ele>105.77</ele></trkpt>
<trkpt lat="49.59513330000001" lon="0.257345"><ele>106.09</ele></trkpt>
<trkpt lat="49.59512" lon="0.2572917"><ele>106.18</ele></trkpt>
<trkpt lat="49.59510829999999" lon="0.2572533"><ele>106.11</ele></trkpt>
<trkpt lat="49.59509669999999" lon="0.257215"><ele>106.02</ele></trkpt>
<trkpt lat="49.5950817" lon="0.25716"><ele>106.17</ele></trkpt>
<trkpt lat="49.595065" lon="0.2571133"><ele>106.65</ele></trkpt>
<trkpt lat="49.59504830000001" lon="0.2570567"><ele>106.89</ele></trkpt>
<trkpt lat="49.5950333" lon="0.257"><ele>106.75</ele></trkpt>
<trkpt lat="49.5950183" lon="0.25695"><ele>106.71</ele></trkpt>
<trkpt lat="49.5950067" lon="0.2569117"><ele>106.55</ele></trkpt>
<trkpt lat="49.59499829999999" lon="0.2568717"><ele>106.42</ele></trkpt>
<trkpt lat="49.5949883" lon="0.2568317"><ele>106.34</ele></trkpt>
<trkpt lat="49.5949783" lon="0.2567917"><ele>106.38</ele></trkpt>
<trkpt lat="49.5949617" lon="0.2567367"><ele>106.5</ele></trkpt>
<trkpt lat="49.5949433" lon="0.2566817"><ele>106.86</ele></trkpt>
<trkpt lat="49.59493" lon="0.2566283"><ele>107.37</ele></trkpt>
<trkpt lat="49.59491329999999" lon="0.2565817"><ele>107.4</ele></trkpt>
<trkpt lat="49.59490000000001" lon="0.256535"><ele>107.48</ele></trkpt>
<trkpt lat="49.5948817" lon="0.2564883"><ele>107.6</ele></trkpt>
<trkpt lat="49.5948683" lon="0.2564333"><ele>107.51</ele></trkpt>
<trkpt lat="49.5948533" lon="0.256375"><ele>107.53</ele></trkpt>
<trkpt lat="49.5948383" lon="0.2563217"><ele>107.44</ele></trkpt>
<trkpt lat="49.5948267" lon="0.25627"><ele>107.5</ele></trkpt>
<trkpt lat="49.5948133" lon="0.25622"><ele>107.5</ele></trkpt>
<trkpt lat="49.59479999999999" lon="0.25617"><ele>107.44</ele></trkpt>
<trkpt lat="49.594785" lon="0.2561283"><ele>107.46</ele></trkpt>
<trkpt lat="49.5947717" lon="0.256075"><ele>107.38</ele></trkpt>
<trkpt lat="49.5947633" lon="0.2560217"><ele>107.43</ele></trkpt>
<trkpt lat="49.5947517" lon="0.2559683"><ele>107.38</ele></trkpt>
<trkpt lat="49.5947383" lon="0.25592"><ele>107.22</ele></trkpt>
<trkpt lat="49.594725" lon="0.255875"><ele>107.1</ele></trkpt>
<trkpt lat="49.59471000000001" lon="0.2558217"><ele>107.3</ele></trkpt>
<trkpt lat="49.594695" lon="0.2557733"><ele>107.47</ele></trkpt>
<trkpt lat="49.5946783" lon="0.255725"><ele>107.46</ele></trkpt>
<trkpt lat="49.594665" lon="0.255675"><ele>107.13</ele></trkpt>
<trkpt lat="49.59465" lon="0.2556267"><ele>106.68</ele></trkpt>
<trkpt lat="49.5946367" lon="0.25558"><ele>106.34</ele></trkpt>
<trkpt lat="49.5946217" lon="0.25553"><ele>106.58</ele></trkpt>
<trkpt lat="49.5946067" lon="0.25548"><ele>106.77</ele></trkpt>
<trkpt lat="49.59459" lon="0.2554283"><ele>106.74</ele></trkpt>
<trkpt lat="49.5945733" lon="0.255375"><ele>106.29</ele></trkpt>
<trkpt lat="49.5945583" lon="0.2553267"><ele>105.79</ele></trkpt>
<trkpt lat="49.5945383" lon="0.2552783"><ele>105.27</ele></trkpt>
<trkpt lat="49.5945183" lon="0.2552333"><ele>104.57</ele></trkpt>
<trkpt lat="49.59449830000001" lon="0.2551983"><ele>103.89</ele></trkpt>
<trkpt lat="49.59448" lon="0.2551617"><ele>103.58</ele></trkpt>
<trkpt lat="49.59445500000001" lon="0.2551217"><ele>103.41</ele></trkpt>
<trkpt lat="49.5944317" lon="0.2550783"><ele>103.71</ele></trkpt>
<trkpt lat="49.59441330000001" lon="0.255045"><ele>104.12</ele></trkpt>
<trkpt lat="49.5943933" lon="0.2550083"><ele>104.39</ele></trkpt>
<trkpt lat="49.5943733" lon="0.2549733"><ele>104.64</ele></trkpt>
<trkpt lat="49.5943467" lon="0.2549467"><ele>105.1</ele></trkpt>
<trkpt lat="49.5943267" lon="0.2549083"><ele>105.88</ele></trkpt>
<trkpt lat="49.5943067" lon="0.254865"><ele>107.06</ele></trkpt>
<trkpt lat="49.594285" lon="0.254825"><ele>107.91</ele></trkpt>
<trkpt lat="49.5942633" lon="0.25478"><ele>107.85</ele></trkpt>
<trkpt lat="49.5942383" lon="0.254735"><ele>107.55</ele></trkpt>
<trkpt lat="49.5942083" lon="0.25469"><ele>107.23</ele></trkpt>
<trkpt lat="49.59419329999999" lon="0.2546533"><ele>107.05</ele></trkpt>
<trkpt lat="49.59417" lon="0.2546117"><ele>107.02</ele></trkpt>
<trkpt lat="49.5941433" lon="0.2545683"><ele>106.35</ele></trkpt>
<trkpt lat="49.5941183" lon="0.2545233"><ele>105.98</ele></trkpt>
<trkpt lat="49.59409669999999" lon="0.2544767"><ele>106.1</ele></trkpt>
<trkpt lat="49.5940733" lon="0.2544317"><ele>105.48</ele></trkpt>
<trkpt lat="49.594055" lon="0.2543833"><ele>104.53</ele></trkpt>
<trkpt lat="49.5940367" lon="0.25434"><ele>104.13</ele></trkpt>
<trkpt lat="49.594015" lon="0.2542933"><ele>104.17</ele></trkpt>
<trkpt lat="49.59399169999999" lon="0.2542517"><ele>104.58</ele></trkpt>
<trkpt lat="49.59397" lon="0.2542167"><ele>105.32</ele></trkpt>
<trkpt lat="49.59394329999999" lon="0.2541667"><ele>105.82</ele></trkpt>
<trkpt lat="49.5939233" lon="0.2541133"><ele>106.04</ele></trkpt>
<trkpt lat="49.5939033" lon="0.25406"><ele>106.45</ele></trkpt>
<trkpt lat="49.593885" lon="0.2540133"><ele>106.9</ele></trkpt>
<trkpt lat="49.5938667" lon="0.25397"><ele>106.98</ele></trkpt>
<trkpt lat="49.593845" lon="0.2539217"><ele>107.1</ele></trkpt>
<trkpt lat="49.5938267" lon="0.2538717"><ele>107.76</ele></trkpt>
<trkpt lat="49.5938067" lon="0.2538167"><ele>107.71</ele></trkpt>
<trkpt lat="49.5937933" lon="0.25378"><ele>107.78</ele></trkpt>
<trkpt lat="49.59377829999999" lon="0.253725"><ele>107.72</ele></trkpt>
<trkpt lat="49.59376169999999" lon="0.2536633"><ele>107.69</ele></trkpt>
<trkpt lat="49.5937533" lon="0.25362"><ele>108.17</ele></trkpt>
<trkpt lat="49.59374" lon="0.2535617"><ele>108.69</ele></trkpt>
<trkpt lat="49.59373500000001" lon="0.25352"><ele>109.14</ele></trkpt>
<trkpt lat="49.5937233" lon="0.2534617"><ele>109.39</ele></trkpt>
<trkpt lat="49.5937133" lon="0.2534067"><ele>109.41</ele></trkpt>
<trkpt lat="49.593705" lon="0.253365"><ele>109.38</ele></trkpt>
<trkpt lat="49.5936967" lon="0.2533117"><ele>108.86</ele></trkpt>
<trkpt lat="49.5936883" lon="0.2532583"><ele>108.61</ele></trkpt>
<trkpt lat="49.5936833" lon="0.253205"><ele>108.99</ele></trkpt>
<trkpt lat="49.593675" lon="0.253165"><ele>108.71</ele></trkpt>
<trkpt lat="49.5936717" lon="0.2531067"><ele>108.71</ele></trkpt>
<trkpt lat="49.5936667" lon="0.25306"><ele>108.94</ele></trkpt>
<trkpt lat="49.5936633" lon="0.253"><ele>109.09</ele></trkpt>
<trkpt lat="49.59365830000001" lon="0.2529517"><ele>109.47</ele></trkpt>
<trkpt lat="49.59365669999999" lon="0.252905"><ele>109.19</ele></trkpt>
<trkpt lat="49.59365500000001" lon="0.2528517"><ele>109.08</ele></trkpt>
<trkpt lat="49.5936533" lon="0.2527917"><ele>109.27</ele></trkpt>
<trkpt lat="49.5936483" lon="0.2527467"><ele>109.28</ele></trkpt>
<trkpt lat="49.593645" lon="0.2526917"><ele>109.36</ele></trkpt>
<trkpt lat="49.5936383" lon="0.2526367"><ele>109.36</ele></trkpt>
<trkpt lat="49.5936317" lon="0.2525767"><ele>108.97</ele></trkpt>
<trkpt lat="49.5936267" lon="0.2525217"><ele>108.94</ele></trkpt>
<trkpt lat="49.5936233" lon="0.2524783"><ele>108.84</ele></trkpt>
<trkpt lat="49.5936167" lon="0.2524367"><ele>108.65</ele></trkpt>
<trkpt lat="49.59360829999999" lon="0.252375"><ele>108.49</ele></trkpt>
<trkpt lat="49.5936" lon="0.2523183"><ele>108.32</ele></trkpt>
<trkpt lat="49.5935883" lon="0.252265"><ele>108.21</ele></trkpt>
<trkpt lat="49.5935783" lon="0.2522233"><ele>108.21</ele></trkpt>
<trkpt lat="49.5935683" lon="0.2521767"><ele>108.28</ele></trkpt>
<trkpt lat="49.59356" lon="0.25212"><ele>108.08</ele></trkpt>
<trkpt lat="49.5935533" lon="0.2520783"><ele>108.27</ele></trkpt>
<trkpt lat="49.59354500000001" lon="0.2520183"><ele>108.15</ele></trkpt>
<trkpt lat="49.59353670000001" lon="0.2519583"><ele>108.11</ele></trkpt>
<trkpt lat="49.593525" lon="0.2519017"><ele>108.34</ele></trkpt>
<trkpt lat="49.5935167" lon="0.25186"><ele>108.56</ele></trkpt>
<trkpt lat="49.5935017" lon="0.2518"><ele>108.52</ele></trkpt>
<trkpt lat="49.59349" lon="0.25176"><ele>108.51</ele></trkpt>
<trkpt lat="49.59348" lon="0.2517033"><ele>108.41</ele></trkpt>
<trkpt lat="49.5934683" lon="0.2516467"><ele>108.31</ele></trkpt>
<trkpt lat="49.59346000000001" lon="0.251605"><ele>108.15</ele></trkpt>
<trkpt lat="49.5934467" lon="0.25155"><ele>107.94</ele></trkpt>
<trkpt lat="49.5934367" lon="0.2515"><ele>108</ele></trkpt>
<trkpt lat="49.5934233" lon="0.2514433"><ele>108.04</ele></trkpt>
<trkpt lat="49.5934167" lon="0.2514017"><ele>107.78</ele></trkpt>
<trkpt lat="49.59340999999999" lon="0.25136"><ele>107.53</ele></trkpt>
<trkpt lat="49.5933967" lon="0.2513017"><ele>107.58</ele></trkpt>
<trkpt lat="49.5933867" lon="0.2512617"><ele>107.61</ele></trkpt>
<trkpt lat="49.5933783" lon="0.2512183"><ele>107.29</ele></trkpt>
<trkpt lat="49.59337170000001" lon="0.2511767"><ele>106.96</ele></trkpt>
<trkpt lat="49.59336" lon="0.2511233"><ele>107.01</ele></trkpt>
<trkpt lat="49.5933433" lon="0.2510717"><ele>107.1</ele></trkpt>
<trkpt lat="49.59333329999999" lon="0.25103"><ele>107.34</ele></trkpt>
<trkpt lat="49.59332" lon="0.2509717"><ele>107.85</ele></trkpt>
<trkpt lat="49.5933067" lon="0.2509133"><ele>107.93</ele></trkpt>
<trkpt lat="49.593295" lon="0.2508633"><ele>107.97</ele></trkpt>
<trkpt lat="49.59328670000001" lon="0.2508067"><ele>107.94</ele></trkpt>
<trkpt lat="49.5932783" lon="0.2507667"><ele>107.91</ele></trkpt>
<trkpt lat="49.5932667" lon="0.2507267"><ele>108.16</ele></trkpt>
<trkpt lat="49.5932583" lon="0.250685"><ele>108.29</ele></trkpt>
<trkpt lat="49.593245" lon="0.2506283"><ele>108.38</ele></trkpt>
<trkpt lat="49.5932317" lon="0.2505717"><ele>108.36</ele></trkpt>
<trkpt lat="49.59322329999999" lon="0.2505317"><ele>108.06</ele></trkpt>
<trkpt lat="49.59321169999999" lon="0.2504767"><ele>107.75</ele></trkpt>
<trkpt lat="49.5931983" lon="0.250425"><ele>107.79</ele></trkpt>
<trkpt lat="49.59318" lon="0.2503733"><ele>108.13</ele></trkpt>
<trkpt lat="49.5931617" lon="0.25032"><ele>108.39</ele></trkpt>
<trkpt lat="49.5931433" lon="0.2502717"><ele>108.74</ele></trkpt>
<trkpt lat="49.59313" lon="0.2502233"><ele>108.98</ele></trkpt>
<trkpt lat="49.59311670000001" lon="0.2501717"><ele>109.27</ele></trkpt>
<trkpt lat="49.5931017" lon="0.2501267"><ele>109.71</ele></trkpt>
<trkpt lat="49.593085" lon="0.2500933"><ele>110.05</ele></trkpt>
<trkpt lat="49.5930717" lon="0.2500567"><ele>110.31</ele></trkpt>
<trkpt lat="49.593055" lon="0.2500217"><ele>110.15</ele></trkpt>
<trkpt lat="49.59304169999999" lon="0.2499833"><ele>109.7</ele></trkpt>
<trkpt lat="49.593025" lon="0.2499483"><ele>109.46</ele></trkpt>
<trkpt lat="49.5930067" lon="0.2498967"><ele>108.52</ele></trkpt>
<trkpt lat="49.5929917" lon="0.2498617"><ele>108.15</ele></trkpt>
<trkpt lat="49.59298" lon="0.2498233"><ele>107.91</ele></trkpt>
<trkpt lat="49.59296499999999" lon="0.2497817"><ele>107.77</ele></trkpt>
<trkpt lat="49.592945" lon="0.249725"><ele>107.56</ele></trkpt>
<trkpt lat="49.59293000000001" lon="0.249685"><ele>107.84</ele></trkpt>
<trkpt lat="49.592915" lon="0.2496433"><ele>107.9</ele></trkpt>
<trkpt lat="49.5928933" lon="0.2495967"><ele>107.86</ele></trkpt>
<trkpt lat="49.5928683" lon="0.2495533"><ele>107.41</ele></trkpt>
<trkpt lat="49.5928367" lon="0.249515"><ele>106.9</ele></trkpt>
<trkpt lat="49.59281" lon="0.2494767"><ele>107.16</ele></trkpt>
<trkpt lat="49.5927867" lon="0.2494383"><ele>107.43</ele></trkpt>
<trkpt lat="49.59275670000001" lon="0.2494033"><ele>108.39</ele></trkpt>
<trkpt lat="49.5927367" lon="0.249355"><ele>108.95</ele></trkpt>
<trkpt lat="49.59271499999999" lon="0.2493133"><ele>109.71</ele></trkpt>
<trkpt lat="49.5926867" lon="0.2492967"><ele>110.16</ele></trkpt>
<trkpt lat="49.5926533" lon="0.2492717"><ele>110.05</ele></trkpt>
<trkpt lat="49.59262999999999" lon="0.2492467"><ele>109.85</ele></trkpt>
<trkpt lat="49.5926017" lon="0.2492183"><ele>109.48</ele></trkpt>
<trkpt lat="49.5925817" lon="0.2491767"><ele>109.05</ele></trkpt>
<trkpt lat="49.592565" lon="0.2491433"><ele>108.87</ele></trkpt>
<trkpt lat="49.59254169999999" lon="0.2491017"><ele>108.62</ele></trkpt>
<trkpt lat="49.59251830000001" lon="0.2490583"><ele>108.35</ele></trkpt>
<trkpt lat="49.5924983" lon="0.249015"><ele>108.15</ele></trkpt>
<trkpt lat="49.592475" lon="0.248975"><ele>107.87</ele></trkpt>
<trkpt lat="49.5924517" lon="0.2489317"><ele>107.57</ele></trkpt>
<trkpt lat="49.59243000000001" lon="0.24889"><ele>107.25</ele></trkpt>
<trkpt lat="49.5924067" lon="0.248845"><ele>106.95</ele></trkpt>
<trkpt lat="49.59237999999999" lon="0.2487983"><ele>106.48</ele></trkpt>
<trkpt lat="49.5923617" lon="0.2487667"><ele>106.16</ele></trkpt>
<trkpt lat="49.5923367" lon="0.2487233"><ele>105.75</ele></trkpt>
<trkpt lat="49.59231" lon="0.2486833"><ele>105.68</ele></trkpt>
<trkpt lat="49.5922867" lon="0.2486433"><ele>105.88</ele></trkpt>
<trkpt lat="49.592265" lon="0.248595"><ele>105.74</ele></trkpt>
<trkpt lat="49.59224" lon="0.248545"><ele>105.81</ele></trkpt>
<trkpt lat="49.5922233" lon="0.24851"><ele>105.74</ele></trkpt>
<trkpt lat="49.592205" lon="0.248465"><ele>105.78</ele></trkpt>
<trkpt lat="49.59218499999999" lon="0.24842"><ele>105.79</ele></trkpt>
<trkpt lat="49.5921667" lon="0.2483717"><ele>105.54</ele></trkpt>
<trkpt lat="49.59215" lon="0.2483367"><ele>105.35</ele></trkpt>
<trkpt lat="49.5921317" lon="0.24829"><ele>105.14</ele></trkpt>
<trkpt lat="49.59212" lon="0.2482433"><ele>105.27</ele></trkpt>
<trkpt lat="49.59210829999999" lon="0.2481867"><ele>105.26</ele></trkpt>
<trkpt lat="49.5921017" lon="0.2481417"><ele>105.19</ele></trkpt>
<trkpt lat="49.59209669999999" lon="0.248095"><ele>105.23</ele></trkpt>
<trkpt lat="49.5920917" lon="0.248035"><ele>105.05</ele></trkpt>
<trkpt lat="49.59208329999999" lon="0.2479917"><ele>105.15</ele></trkpt>
<trkpt lat="49.5920783" lon="0.24795"><ele>105.27</ele></trkpt>
<trkpt lat="49.59207169999999" lon="0.2479083"><ele>105.24</ele></trkpt>
<trkpt lat="49.59206" lon="0.2478533"><ele>105.04</ele></trkpt>
<trkpt lat="49.59204830000001" lon="0.2478067"><ele>105.01</ele></trkpt>
<trkpt lat="49.59203670000001" lon="0.2477667"><ele>104.94</ele></trkpt>
<trkpt lat="49.59202329999999" lon="0.2477133"><ele>104.56</ele></trkpt>
<trkpt lat="49.5920083" lon="0.2476617"><ele>104.25</ele></trkpt>
<trkpt lat="49.5919917" lon="0.2476067"><ele>104.47</ele></trkpt>
<trkpt lat="49.59198" lon="0.2475683"><ele>104.51</ele></trkpt>
<trkpt lat="49.591965" lon="0.2475167"><ele>104.42</ele></trkpt>
<trkpt lat="49.5919483" lon="0.2474667"><ele>104.32</ele></trkpt>
<trkpt lat="49.59193" lon="0.247415"><ele>104.66</ele></trkpt>
<trkpt lat="49.59190999999999" lon="0.2473617"><ele>104.9</ele></trkpt>
<trkpt lat="49.591895" lon="0.247315"><ele>104.64</ele></trkpt>
<trkpt lat="49.5918733" lon="0.2472683"><ele>104.45</ele></trkpt>
<trkpt lat="49.59185829999999" lon="0.2472333"><ele>104.09</ele></trkpt>
<trkpt lat="49.591845" lon="0.2471967"><ele>103.93</ele></trkpt>
<trkpt lat="49.5918283" lon="0.2471433"><ele>104.08</ele></trkpt>
<trkpt lat="49.5918083" lon="0.2470883"><ele>104.2</ele></trkpt>
<trkpt lat="49.59179000000001" lon="0.24704"><ele>104.56</ele></trkpt>
<trkpt lat="49.5917717" lon="0.24699"><ele>104.28</ele></trkpt>
<trkpt lat="49.5917517" lon="0.24694"><ele>104.04</ele></trkpt>
<trkpt lat="49.591735" lon="0.2468867"><ele>104.1</ele></trkpt>
<trkpt lat="49.5917183" lon="0.2468317"><ele>104.18</ele></trkpt>
<trkpt lat="49.591705" lon="0.246795"><ele>104.42</ele></trkpt>
<trkpt lat="49.59168829999999" lon="0.24674"><ele>104.23</ele></trkpt>
<trkpt lat="49.5916817" lon="0.2466817"><ele>104.15</ele></trkpt>
<trkpt lat="49.5916783" lon="0.2466267"><ele>103.85</ele></trkpt>
<trkpt lat="49.59167" lon="0.2465683"><ele>104</ele></trkpt>
<trkpt lat="49.591665" lon="0.246525"><ele>103.94</ele></trkpt>
<trkpt lat="49.59166329999999" lon="0.2464683"><ele>103.72</ele></trkpt>
<trkpt lat="49.591655" lon="0.2464233"><ele>103.7</ele></trkpt>
<trkpt lat="49.5916433" lon="0.24637"><ele>103.61</ele></trkpt>
<trkpt lat="49.59163" lon="0.2463183"><ele>103.87</ele></trkpt>
<trkpt lat="49.59162" lon="0.2462683"><ele>103.91</ele></trkpt>
<trkpt lat="49.59161" lon="0.246225"><ele>104.03</ele></trkpt>
<trkpt lat="49.59160000000001" lon="0.2461767"><ele>103.74</ele></trkpt>
<trkpt lat="49.5915917" lon="0.2461367"><ele>103.71</ele></trkpt>
<trkpt lat="49.5915833" lon="0.24608"><ele>103.54</ele></trkpt>
<trkpt lat="49.59157499999999" lon="0.2460367"><ele>103.17</ele></trkpt>
<trkpt lat="49.59156669999999" lon="0.2459967"><ele>102.79</ele></trkpt>
<trkpt lat="49.591555" lon="0.2459467"><ele>102.54</ele></trkpt>
<trkpt lat="49.59154169999999" lon="0.2459"><ele>102.22</ele></trkpt>
<trkpt lat="49.5915267" lon="0.245855"><ele>102.11</ele></trkpt>
<trkpt lat="49.5915183" lon="0.2457967"><ele>102.75</ele></trkpt>
<trkpt lat="49.5914967" lon="0.2457517"><ele>103.32</ele></trkpt>
<trkpt lat="49.59147329999999" lon="0.2457183"><ele>104.29</ele></trkpt>
<trkpt lat="49.59145" lon="0.245695"><ele>105.02</ele></trkpt>
<trkpt lat="49.5914233" lon="0.2457117"><ele>104.97</ele></trkpt>
<trkpt lat="49.5913983" lon="0.245745"><ele>104.26</ele></trkpt>
<trkpt lat="49.5913633" lon="0.2457467"><ele>103.78</ele></trkpt>
<trkpt lat="49.59133" lon="0.2457583"><ele>103.55</ele></trkpt>
<trkpt lat="49.591295" lon="0.2457717"><ele>103.16</ele></trkpt>
<trkpt lat="49.5912667" lon="0.24578"><ele>102.86</ele></trkpt>
<trkpt lat="49.5912267" lon="0.245785"><ele>102.46</ele></trkpt>
<trkpt lat="49.5911983" lon="0.2457967"><ele>102.5</ele></trkpt>
<trkpt lat="49.5911717" lon="0.2458067"><ele>102.67</ele></trkpt>
<trkpt lat="49.591135" lon="0.2458217"><ele>103.13</ele></trkpt>
<trkpt lat="49.5911083" lon="0.2458317"><ele>103.52</ele></trkpt>
<trkpt lat="49.591075" lon="0.2458433"><ele>104.19</ele></trkpt>
<trkpt lat="49.59104330000001" lon="0.2458567"><ele>104.66</ele></trkpt>
<trkpt lat="49.59101" lon="0.2458733"><ele>104.99</ele></trkpt>
<trkpt lat="49.5909783" lon="0.2458883"><ele>105.05</ele></trkpt>
<trkpt lat="49.59094329999999" lon="0.2458983"><ele>105.01</ele></trkpt>
<trkpt lat="49.5909067" lon="0.245905"><ele>105.37</ele></trkpt>
<trkpt lat="49.59087169999999" lon="0.245915"><ele>104.92</ele></trkpt>
<trkpt lat="49.5908383" lon="0.2459267"><ele>104.71</ele></trkpt>
<trkpt lat="49.59080329999999" lon="0.2459283"><ele>104.48</ele></trkpt>
<trkpt lat="49.5907633" lon="0.2459267"><ele>103.96</ele></trkpt>
<trkpt lat="49.5907233" lon="0.2459317"><ele>104.23</ele></trkpt>
<trkpt lat="49.59068499999999" lon="0.2459367"><ele>104.5</ele></trkpt>
<trkpt lat="49.59064670000001" lon="0.2459433"><ele>104.43</ele></trkpt>
<trkpt lat="49.5906133" lon="0.2459417"><ele>104.41</ele></trkpt>
<trkpt lat="49.59057330000001" lon="0.245935"><ele>104.54</ele></trkpt>
<trkpt lat="49.5905467" lon="0.2459283"><ele>104.35</ele></trkpt>
<trkpt lat="49.59051000000001" lon="0.2459333"><ele>104.4</ele></trkpt>
<trkpt lat="49.5904733" lon="0.2459383"><ele>104.16</ele></trkpt>
<trkpt lat="49.5904383" lon="0.2459367"><ele>103.48</ele></trkpt>
<trkpt lat="49.5904033" lon="0.24595"><ele>103.15</ele></trkpt>
<trkpt lat="49.59037500000001" lon="0.2459567"><ele>103.09</ele></trkpt>
<trkpt lat="49.5903383" lon="0.24596"><ele>103.12</ele></trkpt>
<trkpt lat="49.5903033" lon="0.2459667"><ele>103.29</ele></trkpt>
<trkpt lat="49.5902683" lon="0.24598"><ele>103.26</ele></trkpt>
<trkpt lat="49.5902333" lon="0.24599"><ele>103.4</ele></trkpt>
<trkpt lat="49.5902" lon="0.2459933"><ele>103.41</ele></trkpt>
<trkpt lat="49.59016329999999" lon="0.2459983"><ele>103.93</ele></trkpt>
<trkpt lat="49.59012500000001" lon="0.2460033"><ele>104.02</ele></trkpt>
<trkpt lat="49.5900867" lon="0.2460067"><ele>103.56</ele></trkpt>
<trkpt lat="49.59004999999999" lon="0.2460083"><ele>103.93</ele></trkpt>
<trkpt lat="49.59001170000001" lon="0.2460133"><ele>104.2</ele></trkpt>
<trkpt lat="49.5899717" lon="0.2460167"><ele>104.35</ele></trkpt>
<trkpt lat="49.589935" lon="0.2460233"><ele>104.98</ele></trkpt>
<trkpt lat="49.589895" lon="0.2460233"><ele>105.65</ele></trkpt>
<trkpt lat="49.5898567" lon="0.24602"><ele>105.97</ele></trkpt>
<trkpt lat="49.5898183" lon="0.2460233"><ele>106.17</ele></trkpt>
<trkpt lat="49.58978" lon="0.2460317"><ele>106.82</ele></trkpt>
<trkpt lat="49.5897533" lon="0.24604"><ele>107.16</ele></trkpt>
<trkpt lat="49.58971829999999" lon="0.2460417"><ele>107.12</ele></trkpt>
<trkpt lat="49.5896817" lon="0.24605"><ele>106.83</ele></trkpt>
<trkpt lat="49.5896483" lon="0.2460533"><ele>107.53</ele></trkpt>
<trkpt lat="49.589615" lon="0.24605"><ele>107.25</ele></trkpt>
<trkpt lat="49.58958" lon="0.2460583"><ele>106.43</ele></trkpt>
<trkpt lat="49.58955" lon="0.2460583"><ele>106.37</ele></trkpt>
<trkpt lat="49.5895133" lon="0.2460717"><ele>106.34</ele></trkpt>
<trkpt lat="49.589485" lon="0.2460717"><ele>106.38</ele></trkpt>
<trkpt lat="49.58944670000001" lon="0.2460767"><ele>107.04</ele></trkpt>
<trkpt lat="49.5894083" lon="0.246075"><ele>107.61</ele></trkpt>
<trkpt lat="49.58937" lon="0.2460833"><ele>107.17</ele></trkpt>
<trkpt lat="49.5893333" lon="0.2460917"><ele>107.27</ele></trkpt>
<trkpt lat="49.5892933" lon="0.2460933"><ele>108</ele></trkpt>
<trkpt lat="49.58926000000001" lon="0.2461"><ele>108.34</ele></trkpt>
<trkpt lat="49.5892267" lon="0.24611"><ele>109.03</ele></trkpt>
<trkpt lat="49.5891983" lon="0.2461233"><ele>109.7</ele></trkpt>
<trkpt lat="49.5891633" lon="0.2461367"><ele>109.9</ele></trkpt>
<trkpt lat="49.58912999999999" lon="0.2461367"><ele>109.79</ele></trkpt>
<trkpt lat="49.5891017" lon="0.2461433"><ele>109.67</ele></trkpt>
<trkpt lat="49.589075" lon="0.2461567"><ele>109.39</ele></trkpt>
<trkpt lat="49.5890383" lon="0.24617"><ele>109.32</ele></trkpt>
<trkpt lat="49.589005" lon="0.246185"><ele>108.69</ele></trkpt>
<trkpt lat="49.5889667" lon="0.246205"><ele>108.76</ele></trkpt>
<trkpt lat="49.5889317" lon="0.246215"><ele>108.44</ele></trkpt>
<trkpt lat="49.5888983" lon="0.2462267"><ele>108.51</ele></trkpt>
<trkpt lat="49.58887" lon="0.246235"><ele>108.58</ele></trkpt>
<trkpt lat="49.588835" lon="0.24625"><ele>108.56</ele></trkpt>
<trkpt lat="49.5888" lon="0.2462617"><ele>108.73</ele></trkpt>
<trkpt lat="49.5887683" lon="0.2462767"><ele>108.71</ele></trkpt>
<trkpt lat="49.58874" lon="0.246275"><ele>108.85</ele></trkpt>
<trkpt lat="49.5887083" lon="0.2462733"><ele>108.91</ele></trkpt>
<trkpt lat="49.58867669999999" lon="0.2462833"><ele>109.18</ele></trkpt>
<trkpt lat="49.588645" lon="0.2462917"><ele>109.21</ele></trkpt>
<trkpt lat="49.5886067" lon="0.246305"><ele>109.21</ele></trkpt>
<trkpt lat="49.58858" lon="0.246315"><ele>109.45</ele></trkpt>
<trkpt lat="49.58855" lon="0.2463167"><ele>109.96</ele></trkpt>
<trkpt lat="49.5885183" lon="0.2463217"><ele>110.27</ele></trkpt>
<trkpt lat="49.58848500000001" lon="0.24633"><ele>110.29</ele></trkpt>
<trkpt lat="49.58845170000001" lon="0.2463417"><ele>110.22</ele></trkpt>
<trkpt lat="49.588425" lon="0.24635"><ele>110.15</ele></trkpt>
<trkpt lat="49.58838829999999" lon="0.2463683"><ele>110.3</ele></trkpt>
<trkpt lat="49.588355" lon="0.2463783"><ele>110.72</ele></trkpt>
<trkpt lat="49.58832" lon="0.246385"><ele>111.12</ele></trkpt>
<trkpt lat="49.5882867" lon="0.2464017"><ele>110.86</ele></trkpt>
<trkpt lat="49.5882533" lon="0.24642"><ele>110.7</ele></trkpt>
<trkpt lat="49.58821499999999" lon="0.246435"><ele>110.81</ele></trkpt>
<trkpt lat="49.5881817" lon="0.246445"><ele>110.63</ele></trkpt>
<trkpt lat="49.5881467" lon="0.2464533"><ele>110.92</ele></trkpt>
<trkpt lat="49.588105" lon="0.2464617"><ele>111.01</ele></trkpt>
<trkpt lat="49.58806669999999" lon="0.2464717"><ele>110.76</ele></trkpt>
<trkpt lat="49.58803170000001" lon="0.2464833"><ele>110.7</ele></trkpt>
<trkpt lat="49.588005" lon="0.24649"><ele>110.71</ele></trkpt>
<trkpt lat="49.5879783" lon="0.2464967"><ele>110.55</ele></trkpt>
<trkpt lat="49.5879433" lon="0.246505"><ele>110.68</ele></trkpt>
<trkpt lat="49.5879083" lon="0.246515"><ele>110.95</ele></trkpt>
<trkpt lat="49.58787169999999" lon="0.24652"><ele>111.21</ele></trkpt>
<trkpt lat="49.587835" lon="0.24653"><ele>111.12</ele></trkpt>
<trkpt lat="49.5878083" lon="0.2465383"><ele>111.26</ele></trkpt>
<trkpt lat="49.58778170000001" lon="0.2465467"><ele>111.63</ele></trkpt>
<trkpt lat="49.587755" lon="0.2465617"><ele>111.87</ele></trkpt>
<trkpt lat="49.5877267" lon="0.2465717"><ele>112</ele></trkpt>
<trkpt lat="49.58769670000001" lon="0.246585"><ele>112.09</ele></trkpt>
<trkpt lat="49.58765830000001" lon="0.24659"><ele>112.79</ele></trkpt>
<trkpt lat="49.58762999999999" lon="0.2465967"><ele>112.93</ele></trkpt>
<trkpt lat="49.5876017" lon="0.2466083"><ele>112.73</ele></trkpt>
<trkpt lat="49.5875667" lon="0.246625"><ele>113.1</ele></trkpt>
<trkpt lat="49.58753" lon="0.2466267"><ele>113.26</ele></trkpt>
<trkpt lat="49.58749330000001" lon="0.2466367"><ele>113.74</ele></trkpt>
<trkpt lat="49.587455" lon="0.2466417"><ele>115.13</ele></trkpt>
<trkpt lat="49.58742669999999" lon="0.246645"><ele>115.43</ele></trkpt>
<trkpt lat="49.58739" lon="0.24665"><ele>115.32</ele></trkpt>
<trkpt lat="49.5873517" lon="0.2466583"><ele>115.79</ele></trkpt>
<trkpt lat="49.587325" lon="0.2466683"><ele>116.25</ele></trkpt>
<trkpt lat="49.5872917" lon="0.2466733"><ele>116.08</ele></trkpt>
<trkpt lat="49.5872567" lon="0.2466783"><ele>116.18</ele></trkpt>
<trkpt lat="49.587215" lon="0.2466767"><ele>116.22</ele></trkpt>
<trkpt lat="49.5871783" lon="0.2466783"><ele>115.8</ele></trkpt>
<trkpt lat="49.587145" lon="0.2466833"><ele>115.3</ele></trkpt>
<trkpt lat="49.5871133" lon="0.2466867"><ele>114.94</ele></trkpt>
<trkpt lat="49.5870717" lon="0.2466933"><ele>114.57</ele></trkpt>
<trkpt lat="49.58703670000001" lon="0.2466967"><ele>114</ele></trkpt>
<trkpt lat="49.5870017" lon="0.2467017"><ele>114.15</ele></trkpt>
<trkpt lat="49.5869583" lon="0.2467"><ele>114.47</ele></trkpt>
<trkpt lat="49.58692" lon="0.246695"><ele>114.54</ele></trkpt>
<trkpt lat="49.5868833" lon="0.246695"><ele>114.34</ele></trkpt>
<trkpt lat="49.5868467" lon="0.2467"><ele>114.41</ele></trkpt>
<trkpt lat="49.58682" lon="0.2467083"><ele>114.51</ele></trkpt>
<trkpt lat="49.58678170000001" lon="0.2467133"><ele>114.2</ele></trkpt>
<trkpt lat="49.5867467" lon="0.24672"><ele>113.76</ele></trkpt>
<trkpt lat="49.5867083" lon="0.24672"><ele>113.98</ele></trkpt>
<trkpt lat="49.5866683" lon="0.2467167"><ele>114.46</ele></trkpt>
<trkpt lat="49.58664" lon="0.2467167"><ele>114.51</ele></trkpt>
<trkpt lat="49.5866017" lon="0.2467167"><ele>114.23</ele></trkpt>
<trkpt lat="49.586565" lon="0.24672"><ele>114.38</ele></trkpt>
<trkpt lat="49.5865283" lon="0.246725"><ele>114.58</ele></trkpt>
<trkpt lat="49.5864917" lon="0.2467283"><ele>114.48</ele></trkpt>
<trkpt lat="49.58645500000001" lon="0.246735"><ele>114.23</ele></trkpt>
<trkpt lat="49.58642" lon="0.2467367"><ele>114.46</ele></trkpt>
<trkpt lat="49.5863817" lon="0.2467367"><ele>114.8</ele></trkpt>
<trkpt lat="49.58634500000001" lon="0.2467367"><ele>114.73</ele></trkpt>
<trkpt lat="49.5863083" lon="0.246735"><ele>115.02</ele></trkpt>
<trkpt lat="49.58627" lon="0.2467317"><ele>115.33</ele></trkpt>
<trkpt lat="49.58623" lon="0.2467333"><ele>115.41</ele></trkpt>
<trkpt lat="49.5861917" lon="0.2467267"><ele>115.87</ele></trkpt>
<trkpt lat="49.58615500000001" lon="0.2467067"><ele>116.2</ele></trkpt>
<trkpt lat="49.5861167" lon="0.2466967"><ele>116.57</ele></trkpt>
<trkpt lat="49.586075" lon="0.24669"><ele>116.79</ele></trkpt>
<trkpt lat="49.5860383" lon="0.2466867"><ele>116.8</ele></trkpt>
<trkpt lat="49.5860033" lon="0.2466767"><ele>116.7</ele></trkpt>
<trkpt lat="49.5859733" lon="0.2466733"><ele>116.95</ele></trkpt>
<trkpt lat="49.5859467" lon="0.2466667"><ele>116.69</ele></trkpt>
<trkpt lat="49.5859183" lon="0.246655"><ele>116.39</ele></trkpt>
<trkpt lat="49.58589" lon="0.2466467"><ele>116.07</ele></trkpt>
<trkpt lat="49.58585829999999" lon="0.24664"><ele>115.88</ele></trkpt>
<trkpt lat="49.5858267" lon="0.2466333"><ele>115.76</ele></trkpt>
<trkpt lat="49.58579499999999" lon="0.24663"><ele>115.72</ele></trkpt>
<trkpt lat="49.58576330000001" lon="0.2466267"><ele>115.88</ele></trkpt>
<trkpt lat="49.5857333" lon="0.2466183"><ele>116.08</ele></trkpt>
<trkpt lat="49.5857033" lon="0.24661"><ele>116.12</ele></trkpt>
<trkpt lat="49.5856733" lon="0.2466017"><ele>116.12</ele></trkpt>
<trkpt lat="49.585645" lon="0.2465933"><ele>116.03</ele></trkpt>
<trkpt lat="49.5856167" lon="0.24658"><ele>116.02</ele></trkpt>
<trkpt lat="49.58559000000001" lon="0.2465683"><ele>116</ele></trkpt>
<trkpt lat="49.58556500000001" lon="0.2465517"><ele>115.93</ele></trkpt>
<trkpt lat="49.5855383" lon="0.2465433"><ele>115.76</ele></trkpt>
<trkpt lat="49.5855" lon="0.2465217"><ele>115.48</ele></trkpt>
<trkpt lat="49.5854733" lon="0.2465033"><ele>115.26</ele></trkpt>
<trkpt lat="49.5854467" lon="0.246485"><ele>115.06</ele></trkpt>
<trkpt lat="49.58542" lon="0.2464717"><ele>114.79</ele></trkpt>
<trkpt lat="49.5853933" lon="0.246455"><ele>114.66</ele></trkpt>
<trkpt lat="49.5853583" lon="0.2464317"><ele>114.28</ele></trkpt>
<trkpt lat="49.5853267" lon="0.2464067"><ele>114.03</ele></trkpt>
<trkpt lat="49.5852883" lon="0.2463817"><ele>114.44</ele></trkpt>
<trkpt lat="49.5852517" lon="0.24636"><ele>114.43</ele></trkpt>
<trkpt lat="49.585225" lon="0.2463417"><ele>114.26</ele></trkpt>
<trkpt lat="49.58518829999999" lon="0.2463267"><ele>113.99</ele></trkpt>
<trkpt lat="49.58515330000001" lon="0.2463067"><ele>113.76</ele></trkpt>
<trkpt lat="49.58512500000001" lon="0.2462783"><ele>113.2</ele></trkpt>
<trkpt lat="49.5851" lon="0.2462533"><ele>112.97</ele></trkpt>
<trkpt lat="49.58506830000001" lon="0.2462467"><ele>112.76</ele></trkpt>
<trkpt lat="49.5850367" lon="0.2462383"><ele>112.56</ele></trkpt>
<trkpt lat="49.5850017" lon="0.2462267"><ele>112.45</ele></trkpt>
<trkpt lat="49.5849767" lon="0.2462083"><ele>112.35</ele></trkpt>
<trkpt lat="49.58494670000001" lon="0.2461733"><ele>112.33</ele></trkpt>
<trkpt lat="49.58492" lon="0.2461433"><ele>112.48</ele></trkpt>
<trkpt lat="49.5848933" lon="0.2461233"><ele>112.81</ele></trkpt>
<trkpt lat="49.58486" lon="0.2461067"><ele>112.99</ele></trkpt>
<trkpt lat="49.5848333" lon="0.2461"><ele>113.09</ele></trkpt>
<trkpt lat="49.584805" lon="0.2460883"><ele>113.03</ele></trkpt>
<trkpt lat="49.584775" lon="0.246065"><ele>113.18</ele></trkpt>
<trkpt lat="49.5847383" lon="0.2460383"><ele>113.41</ele></trkpt>
<trkpt lat="49.58470669999999" lon="0.24602"><ele>113.17</ele></trkpt>
<trkpt lat="49.58468000000001" lon="0.2460017"><ele>113.06</ele></trkpt>
<trkpt lat="49.5846517" lon="0.24599"><ele>112.77</ele></trkpt>
<trkpt lat="49.5846267" lon="0.24597"><ele>112.47</ele></trkpt>
<trkpt lat="49.58459500000001" lon="0.24595"><ele>112.23</ele></trkpt>
<trkpt lat="49.58456169999999" lon="0.2459333"><ele>112.36</ele></trkpt>
<trkpt lat="49.584525" lon="0.24592"><ele>112.78</ele></trkpt>
<trkpt lat="49.58449330000001" lon="0.2458967"><ele>112.82</ele></trkpt>
<trkpt lat="49.58446829999999" lon="0.24588"><ele>112.66</ele></trkpt>
<trkpt lat="49.5844383" lon="0.245865"><ele>112.56</ele></trkpt>
<trkpt lat="49.5844067" lon="0.245855"><ele>112.29</ele></trkpt>
<trkpt lat="49.58437" lon="0.245835"><ele>111.87</ele></trkpt>
<trkpt lat="49.58434" lon="0.2458117"><ele>111.91</ele></trkpt>
<trkpt lat="49.5843017" lon="0.2457983"><ele>112.08</ele></trkpt>
<trkpt lat="49.58426830000001" lon="0.24578"><ele>112.55</ele></trkpt>
<trkpt lat="49.5842333" lon="0.2457583"><ele>112.79</ele></trkpt>
<trkpt lat="49.5841983" lon="0.245735"><ele>112.73</ele></trkpt>
<trkpt lat="49.5841617" lon="0.24571"><ele>112.63</ele></trkpt>
<trkpt lat="49.5841367" lon="0.2456933"><ele>112.46</ele></trkpt>
<trkpt lat="49.5841117" lon="0.245675"><ele>112.17</ele></trkpt>
<trkpt lat="49.58408" lon="0.24565"><ele>111.87</ele></trkpt>
<trkpt lat="49.5840517" lon="0.245635"><ele>111.91</ele></trkpt>
<trkpt lat="49.58401499999999" lon="0.245615"><ele>111.69</ele></trkpt>
<trkpt lat="49.58398830000001" lon="0.2456"><ele>111.47</ele></trkpt>
<trkpt lat="49.58395169999999" lon="0.2455833"><ele>111.1</ele></trkpt>
<trkpt lat="49.5839217" lon="0.2455667"><ele>110.53</ele></trkpt>
<trkpt lat="49.5838933" lon="0.2455433"><ele>110.36</ele></trkpt>
<trkpt lat="49.58386669999999" lon="0.2455267"><ele>109.97</ele></trkpt>
<trkpt lat="49.5838583" lon="0.245485"><ele>109.22</ele></trkpt>
<trkpt lat="49.58387" lon="0.245445"><ele>109.31</ele></trkpt>
<trkpt lat="49.5838717" lon="0.245395"><ele>109.32</ele></trkpt>
<trkpt lat="49.58387500000001" lon="0.2453533"><ele>109.32</ele></trkpt>
<trkpt lat="49.5838767" lon="0.2453117"><ele>109.07</ele></trkpt>
<trkpt lat="49.58388" lon="0.2452583"><ele>109.21</ele></trkpt>
<trkpt lat="49.58387829999999" lon="0.2452017"><ele>109.29</ele></trkpt>
<trkpt lat="49.5838717" lon="0.245155"><ele>109.32</ele></trkpt>
<trkpt lat="49.583865" lon="0.2450967"><ele>109.48</ele></trkpt>
<trkpt lat="49.5838583" lon="0.245035"><ele>109.72</ele></trkpt>
<trkpt lat="49.583845" lon="0.2449783"><ele>109.47</ele></trkpt>
<trkpt lat="49.58384169999999" lon="0.2449167"><ele>109.19</ele></trkpt>
<trkpt lat="49.5838383" lon="0.2448717"><ele>108.97</ele></trkpt>
<trkpt lat="49.5838267" lon="0.244815"><ele>108.74</ele></trkpt>
<trkpt lat="49.58381170000001" lon="0.244765"><ele>108.63</ele></trkpt>
<trkpt lat="49.5838" lon="0.244715"><ele>108.52</ele></trkpt>
<trkpt lat="49.583795" lon="0.2446583"><ele>108.36</ele></trkpt>
<trkpt lat="49.58379000000001" lon="0.2446167"><ele>108.16</ele></trkpt>
<trkpt lat="49.5837817" lon="0.2445767"><ele>108.06</ele></trkpt>
<trkpt lat="49.5837767" lon="0.2445333"><ele>107.86</ele></trkpt>
<trkpt lat="49.5837683" lon="0.2444733"><ele>107.4</ele></trkpt>
<trkpt lat="49.5837633" lon="0.24443"><ele>107.08</ele></trkpt>
<trkpt lat="49.58376" lon="0.2443683"><ele>106.77</ele></trkpt>
<trkpt lat="49.583755" lon="0.2443267"><ele>106.73</ele></trkpt>
<trkpt lat="49.5837483" lon="0.2442833"><ele>106.63</ele></trkpt>
<trkpt lat="49.58373999999999" lon="0.2442417"><ele>106.46</ele></trkpt>
<trkpt lat="49.583735" lon="0.2442"><ele>106.17</ele></trkpt>
<trkpt lat="49.583725" lon="0.24414"><ele>105.82</ele></trkpt>
<trkpt lat="49.5837167" lon="0.2441"><ele>105.77</ele></trkpt>
<trkpt lat="49.5837083" lon="0.2440433"><ele>105.86</ele></trkpt>
<trkpt lat="49.58370170000001" lon="0.2439867"><ele>106.25</ele></trkpt>
<trkpt lat="49.5836933" lon="0.2439283"><ele>107.05</ele></trkpt>
<trkpt lat="49.583685" lon="0.2438883"><ele>107.76</ele></trkpt>
<trkpt lat="49.58367669999999" lon="0.2438283"><ele>108.6</ele></trkpt>
<trkpt lat="49.5836667" lon="0.24377"><ele>108.79</ele></trkpt>
<trkpt lat="49.5836567" lon="0.24373"><ele>108.73</ele></trkpt>
<trkpt lat="49.583645" lon="0.2436733"><ele>108.44</ele></trkpt>
<trkpt lat="49.583635" lon="0.24362"><ele>108.39</ele></trkpt>
<trkpt lat="49.5836267" lon="0.243565"><ele>108.85</ele></trkpt>
<trkpt lat="49.58362000000001" lon="0.2435233"><ele>109.26</ele></trkpt>
<trkpt lat="49.5836133" lon="0.24348"><ele>109.22</ele></trkpt>
<trkpt lat="49.58360329999999" lon="0.24342"><ele>109.13</ele></trkpt>
<trkpt lat="49.5835933" lon="0.243365"><ele>108.79</ele></trkpt>
<trkpt lat="49.5835833" lon="0.2433117"><ele>108.72</ele></trkpt>
<trkpt lat="49.583575" lon="0.2432567"><ele>108.98</ele></trkpt>
<trkpt lat="49.58356500000001" lon="0.2431967"><ele>109.47</ele></trkpt>
<trkpt lat="49.583555" lon="0.2431367"><ele>109.46</ele></trkpt>
<trkpt lat="49.58354330000001" lon="0.2430817"><ele>108.98</ele></trkpt>
<trkpt lat="49.5835367" lon="0.2430267"><ele>108.83</ele></trkpt>
<trkpt lat="49.5835283" lon="0.2429683"><ele>109.17</ele></trkpt>
<trkpt lat="49.5835233" lon="0.2429267"><ele>109.4</ele></trkpt>
<trkpt lat="49.5835133" lon="0.2428817"><ele>109.42</ele></trkpt>
<trkpt lat="49.58350669999999" lon="0.2428383"><ele>109.1</ele></trkpt>
<trkpt lat="49.5834983" lon="0.2427783"><ele>108.51</ele></trkpt>
<trkpt lat="49.58348999999999" lon="0.2427217"><ele>108.09</ele></trkpt>
<trkpt lat="49.5834783" lon="0.2426667"><ele>108</ele></trkpt>
<trkpt lat="49.5834683" lon="0.2426083"><ele>107.93</ele></trkpt>
<trkpt lat="49.5834617" lon="0.2425667"><ele>107.83</ele></trkpt>
<trkpt lat="49.5834533" lon="0.2425133"><ele>107.73</ele></trkpt>
<trkpt lat="49.5834417" lon="0.2424617"><ele>107.72</ele></trkpt>
<trkpt lat="49.5834333" lon="0.2424017"><ele>107.96</ele></trkpt>
<trkpt lat="49.58342" lon="0.242345"><ele>108.4</ele></trkpt>
<trkpt lat="49.58341329999999" lon="0.2423033"><ele>108.85</ele></trkpt>
<trkpt lat="49.58340499999999" lon="0.2422633"><ele>108.99</ele></trkpt>
<trkpt lat="49.5833933" lon="0.2422067"><ele>109.38</ele></trkpt>
<trkpt lat="49.583385" lon="0.2421483"><ele>109.78</ele></trkpt>
<trkpt lat="49.583375" lon="0.2420983"><ele>109.94</ele></trkpt>
<trkpt lat="49.58336670000001" lon="0.24204"><ele>109.99</ele></trkpt>
<trkpt lat="49.5833567" lon="0.2419883"><ele>109.93</ele></trkpt>
<trkpt lat="49.5833467" lon="0.2419333"><ele>109.66</ele></trkpt>
<trkpt lat="49.5833383" lon="0.2418783"><ele>109.53</ele></trkpt>
<trkpt lat="49.58333" lon="0.2418383"><ele>109.29</ele></trkpt>
<trkpt lat="49.5833233" lon="0.24178"><ele>109.1</ele></trkpt>
<trkpt lat="49.5833117" lon="0.24172"><ele>109.12</ele></trkpt>
<trkpt lat="49.58330329999999" lon="0.24168"><ele>109.37</ele></trkpt>
<trkpt lat="49.58329169999999" lon="0.24164"><ele>109.67</ele></trkpt>
<trkpt lat="49.58328" lon="0.2415833"><ele>109.65</ele></trkpt>
<trkpt lat="49.5832717" lon="0.2415417"><ele>109.46</ele></trkpt>
<trkpt lat="49.5832633" lon="0.2414983"><ele>109.26</ele></trkpt>
<trkpt lat="49.583255" lon="0.2414583"><ele>108.99</ele></trkpt>
<trkpt lat="49.583245" lon="0.2414017"><ele>108.33</ele></trkpt>
<trkpt lat="49.5832367" lon="0.2413617"><ele>107.59</ele></trkpt>
<trkpt lat="49.5832283" lon="0.2413017"><ele>106.62</ele></trkpt>
<trkpt lat="49.5832233" lon="0.241245"><ele>106.07</ele></trkpt>
<trkpt lat="49.58322" lon="0.2411917"><ele>106.07</ele></trkpt>
<trkpt lat="49.5832167" lon="0.24115"><ele>106.28</ele></trkpt>
<trkpt lat="49.5832117" lon="0.2411083"><ele>106.32</ele></trkpt>
<trkpt lat="49.58320830000001" lon="0.2410483"><ele>105.99</ele></trkpt>
<trkpt lat="49.5832" lon="0.2409917"><ele>105.5</ele></trkpt>
<trkpt lat="49.5831917" lon="0.240935"><ele>105.49</ele></trkpt>
<trkpt lat="49.58318330000001" lon="0.2408783"><ele>105.78</ele></trkpt>
<trkpt lat="49.583175" lon="0.2408367"><ele>105.91</ele></trkpt>
<trkpt lat="49.583165" lon="0.2407783"><ele>105.76</ele></trkpt>
<trkpt lat="49.58315499999999" lon="0.2407233"><ele>105.55</ele></trkpt>
<trkpt lat="49.583145" lon="0.2406667"><ele>105.6</ele></trkpt>
<trkpt lat="49.5831367" lon="0.2406083"><ele>105.9</ele></trkpt>
<trkpt lat="49.58312830000001" lon="0.240565"><ele>105.92</ele></trkpt>
<trkpt lat="49.58312000000001" lon="0.2405183"><ele>105.83</ele></trkpt>
<trkpt lat="49.5831133" lon="0.240475"><ele>105.82</ele></trkpt>
<trkpt lat="49.5831067" lon="0.2404167"><ele>105.47</ele></trkpt>
<trkpt lat="49.5830967" lon="0.24036"><ele>105.67</ele></trkpt>
<trkpt lat="49.5830917" lon="0.2403033"><ele>106.33</ele></trkpt>
<trkpt lat="49.5830917" lon="0.240245"><ele>106.56</ele></trkpt>
<trkpt lat="49.583075" lon="0.240205"><ele>107.13</ele></trkpt>
<trkpt lat="49.5830583" lon="0.24017"><ele>106.87</ele></trkpt>
<trkpt lat="49.5830467" lon="0.2401317"><ele>106.66</ele></trkpt>
<trkpt lat="49.58304" lon="0.240085"><ele>106.6</ele></trkpt>
<trkpt lat="49.58303170000001" lon="0.240025"><ele>106.7</ele></trkpt>
<trkpt lat="49.583025" lon="0.2399667"><ele>106.58</ele></trkpt>
<trkpt lat="49.58301830000001" lon="0.2399067"><ele>105.96</ele></trkpt>
<trkpt lat="49.5830133" lon="0.23985"><ele>104.85</ele></trkpt>
<trkpt lat="49.583005" lon="0.2397983"><ele>104.58</ele></trkpt>
<trkpt lat="49.5829967" lon="0.239745"><ele>104.98</ele></trkpt>
<trkpt lat="49.58299" lon="0.239685"><ele>104.93</ele></trkpt>
<trkpt lat="49.5829867" lon="0.2396433"><ele>104.76</ele></trkpt>
<trkpt lat="49.5829783" lon="0.2395867"><ele>104.88</ele></trkpt>
<trkpt lat="49.5829717" lon="0.2395317"><ele>105.1</ele></trkpt>
<trkpt lat="49.58296829999999" lon="0.239475"><ele>104.95</ele></trkpt>
<trkpt lat="49.5829617" lon="0.239415"><ele>104.73</ele></trkpt>
<trkpt lat="49.58299" lon="0.2393783"><ele>104.82</ele></trkpt>
<trkpt lat="49.5829767" lon="0.23934"><ele>104.26</ele></trkpt>
<trkpt lat="49.582965" lon="0.2392983"><ele>103.99</ele></trkpt>
<trkpt lat="49.58295669999999" lon="0.23925"><ele>103.67</ele></trkpt>
<trkpt lat="49.5829483" lon="0.2391917"><ele>103.46</ele></trkpt>
<trkpt lat="49.58294" lon="0.2391467"><ele>103.65</ele></trkpt>
<trkpt lat="49.5829283" lon="0.2390967"><ele>103.75</ele></trkpt>
<trkpt lat="49.5829117" lon="0.2390517"><ele>103.72</ele></trkpt>
<trkpt lat="49.5829017" lon="0.2390083"><ele>103.79</ele></trkpt>
<trkpt lat="49.5828983" lon="0.23895"><ele>103.69</ele></trkpt>
<trkpt lat="49.5828933" lon="0.2388933"><ele>103.13</ele></trkpt>
<trkpt lat="49.582885" lon="0.2388383"><ele>102.67</ele></trkpt>
<trkpt lat="49.58288329999999" lon="0.238785"><ele>102.4</ele></trkpt>
<trkpt lat="49.58288" lon="0.2387283"><ele>102.78</ele></trkpt>
<trkpt lat="49.5828767" lon="0.2386717"><ele>102.49</ele></trkpt>
<trkpt lat="49.5828767" lon="0.23863"><ele>102.36</ele></trkpt>
<trkpt lat="49.58287499999999" lon="0.2385717"><ele>102.7</ele></trkpt>
<trkpt lat="49.58287" lon="0.2385117"><ele>102.46</ele></trkpt>
<trkpt lat="49.5828667" lon="0.2384533"><ele>102.14</ele></trkpt>
<trkpt lat="49.58286170000001" lon="0.238395"><ele>102.36</ele></trkpt>
<trkpt lat="49.5828517" lon="0.2383333"><ele>103.17</ele></trkpt>
<trkpt lat="49.5828417" lon="0.238275"><ele>103.6</ele></trkpt>
<trkpt lat="49.5828317" lon="0.2382217"><ele>103.88</ele></trkpt>
<trkpt lat="49.58282329999999" lon="0.23817"><ele>104.02</ele></trkpt>
<trkpt lat="49.5828167" lon="0.2381183"><ele>103.99</ele></trkpt>
<trkpt lat="49.58281" lon="0.2380733"><ele>104.09</ele></trkpt>
<trkpt lat="49.5828067" lon="0.23803"><ele>104.35</ele></trkpt>
<trkpt lat="49.582805" lon="0.2379733"><ele>104.7</ele></trkpt>
<trkpt lat="49.5828017" lon="0.2379317"><ele>104.74</ele></trkpt>
<trkpt lat="49.5827917" lon="0.2378717"><ele>104.18</ele></trkpt>
<trkpt lat="49.58279" lon="0.2378183"><ele>104.12</ele></trkpt>
<trkpt lat="49.5827883" lon="0.2377667"><ele>103.86</ele></trkpt>
<trkpt lat="49.582785" lon="0.2377117"><ele>103.72</ele></trkpt>
<trkpt lat="49.5827833" lon="0.2376533"><ele>103.47</ele></trkpt>
<trkpt lat="49.5827833" lon="0.2375933"><ele>102.97</ele></trkpt>
<trkpt lat="49.5827783" lon="0.2375367"><ele>103.18</ele></trkpt>
<trkpt lat="49.58276999999999" lon="0.2374833"><ele>103.32</ele></trkpt>
<trkpt lat="49.5827667" lon="0.23744"><ele>102.9</ele></trkpt>
<trkpt lat="49.58276330000001" lon="0.23739"><ele>102.47</ele></trkpt>
<trkpt lat="49.58276000000001" lon="0.23733"><ele>102.86</ele></trkpt>
<trkpt lat="49.58276000000001" lon="0.2372683"><ele>102.58</ele></trkpt>
<trkpt lat="49.58276169999999" lon="0.2372267"><ele>102.46</ele></trkpt>
<trkpt lat="49.58276169999999" lon="0.2371667"><ele>102.21</ele></trkpt>
<trkpt lat="49.58276330000001" lon="0.237125"><ele>102.43</ele></trkpt>
<trkpt lat="49.5827667" lon="0.23707"><ele>102.52</ele></trkpt>
<trkpt lat="49.582765" lon="0.237015"><ele>102.47</ele></trkpt>
<trkpt lat="49.58276000000001" lon="0.2369683"><ele>102.35</ele></trkpt>
<trkpt lat="49.582765" lon="0.2369267"><ele>102.12</ele></trkpt>
<trkpt lat="49.582785" lon="0.2368933"><ele>102.86</ele></trkpt>
<trkpt lat="49.5827783" lon="0.236845"><ele>102.32</ele></trkpt>
<trkpt lat="49.5827767" lon="0.2367967"><ele>101.68</ele></trkpt>
<trkpt lat="49.5827717" lon="0.2367367"><ele>100.53</ele></trkpt>
<trkpt lat="49.5827667" lon="0.23668"><ele>99.97</ele></trkpt>
<trkpt lat="49.58276330000001" lon="0.23662"><ele>100.02</ele></trkpt>
<trkpt lat="49.58276330000001" lon="0.2365767"><ele>99.85999999999999</ele></trkpt>
<trkpt lat="49.582765" lon="0.2365317"><ele>99.66</ele></trkpt>
<trkpt lat="49.582765" lon="0.2364867"><ele>99.62</ele></trkpt>
<trkpt lat="49.582765" lon="0.2364433"><ele>99.62</ele></trkpt>
<trkpt lat="49.582765" lon="0.2364"><ele>99.46</ele></trkpt>
<trkpt lat="49.582765" lon="0.236355"><ele>99.42</ele></trkpt>
<trkpt lat="49.582765" lon="0.2363117"><ele>99.34999999999998</ele></trkpt>
<trkpt lat="49.58276330000001" lon="0.236265"><ele>99.41</ele></trkpt>
<trkpt lat="49.58276000000001" lon="0.23622"><ele>99.43999999999998</ele></trkpt>
<trkpt lat="49.5827583" lon="0.2361783"><ele>98.87</ele></trkpt>
<trkpt lat="49.5827583" lon="0.2361317"><ele>98.62</ele></trkpt>
<trkpt lat="49.58276169999999" lon="0.236085"><ele>98.78</ele></trkpt>
<trkpt lat="49.582765" lon="0.2360383"><ele>98.89</ele></trkpt>
<trkpt lat="49.58276830000001" lon="0.235975"><ele>99.03999999999999</ele></trkpt>
<trkpt lat="49.58276999999999" lon="0.23592"><ele>99.08999999999999</ele></trkpt>
<trkpt lat="49.582775" lon="0.2358667"><ele>99.29</ele></trkpt>
<trkpt lat="49.5827733" lon="0.235805"><ele>99.48</ele></trkpt>
<trkpt lat="49.58276999999999" lon="0.23576"><ele>99.67999999999999</ele></trkpt>
<trkpt lat="49.5827717" lon="0.2356983"><ele>99.98</ele></trkpt>
<trkpt lat="49.58278" lon="0.2356583"><ele>100.34</ele></trkpt>
<trkpt lat="49.582785" lon="0.235615"><ele>100.66</ele></trkpt>
<trkpt lat="49.5827833" lon="0.23556"><ele>100.72</ele></trkpt>
<trkpt lat="49.5827783" lon="0.2355067"><ele>100.56</ele></trkpt>
<trkpt lat="49.5827783" lon="0.2354483"><ele>100.27</ele></trkpt>
<trkpt lat="49.5827767" lon="0.23539"><ele>99.89</ele></trkpt>
<trkpt lat="49.5827767" lon="0.235335"><ele>99.48999999999998</ele></trkpt>
<trkpt lat="49.582775" lon="0.2352783"><ele>99.25</ele></trkpt>
<trkpt lat="49.582775" lon="0.2352267"><ele>99.05</ele></trkpt>
<trkpt lat="49.5827717" lon="0.2351717"><ele>99.01</ele></trkpt>
<trkpt lat="49.5827717" lon="0.2351183"><ele>98.9</ele></trkpt>
<trkpt lat="49.5827667" lon="0.2350667"><ele>99.11</ele></trkpt>
<trkpt lat="49.582765" lon="0.2350117"><ele>99.44999999999999</ele></trkpt>
<trkpt lat="49.58276169999999" lon="0.2349517"><ele>99.82</ele></trkpt>
<trkpt lat="49.5827567" lon="0.2349083"><ele>99.84999999999998</ele></trkpt>
<trkpt lat="49.5827483" lon="0.234865"><ele>99.75</ele></trkpt>
<trkpt lat="49.58274" lon="0.2348117"><ele>99.62</ele></trkpt>
<trkpt lat="49.58273500000001" lon="0.234755"><ele>99.78</ele></trkpt>
<trkpt lat="49.58272669999999" lon="0.234695"><ele>100.33</ele></trkpt>
<trkpt lat="49.5827183" lon="0.2346483"><ele>100.64</ele></trkpt>
<trkpt lat="49.5827117" lon="0.234605"><ele>100.96</ele></trkpt>
<trkpt lat="49.582705" lon="0.2345533"><ele>101.3</ele></trkpt>
<trkpt lat="49.5827" lon="0.23451"><ele>101.55</ele></trkpt>
<trkpt lat="49.5826933" lon="0.23445"><ele>102.13</ele></trkpt>
<trkpt lat="49.58268330000001" lon="0.2344017"><ele>102.3</ele></trkpt>
<trkpt lat="49.58267500000001" lon="0.2343517"><ele>102.18</ele></trkpt>
<trkpt lat="49.5826633" lon="0.2342967"><ele>101.52</ele></trkpt>
<trkpt lat="49.5826483" lon="0.2342467"><ele>101.26</ele></trkpt>
<trkpt lat="49.582635" lon="0.2342067"><ele>101.47</ele></trkpt>
<trkpt lat="49.58262169999999" lon="0.2341517"><ele>101.59</ele></trkpt>
<trkpt lat="49.5826117" lon="0.2341017"><ele>101.85</ele></trkpt>
<trkpt lat="49.58259999999999" lon="0.2340483"><ele>102.34</ele></trkpt>
<trkpt lat="49.58259000000001" lon="0.2339983"><ele>102.67</ele></trkpt>
<trkpt lat="49.5825783" lon="0.2339433"><ele>102.65</ele></trkpt>
<trkpt lat="49.5825633" lon="0.23389"><ele>102.56</ele></trkpt>
<trkpt lat="49.5825467" lon="0.2338367"><ele>102.39</ele></trkpt>
<trkpt lat="49.58253" lon="0.2337867"><ele>101.61</ele></trkpt>
<trkpt lat="49.5825183" lon="0.2337483"><ele>101.44</ele></trkpt>
<trkpt lat="49.5825067" lon="0.2337017"><ele>101.65</ele></trkpt>
<trkpt lat="49.5824983" lon="0.2336583"><ele>101.87</ele></trkpt>
<trkpt lat="49.58249" lon="0.233615"><ele>101.91</ele></trkpt>
<trkpt lat="49.58247670000001" lon="0.2335583"><ele>102.53</ele></trkpt>
<trkpt lat="49.58246329999999" lon="0.2335083"><ele>103.06</ele></trkpt>
<trkpt lat="49.5824467" lon="0.233455"><ele>103.42</ele></trkpt>
<trkpt lat="49.58243499999999" lon="0.233415"><ele>103.42</ele></trkpt>
<trkpt lat="49.5824233" lon="0.2333633"><ele>103.26</ele></trkpt>
<trkpt lat="49.58241670000001" lon="0.2333033"><ele>102.8</ele></trkpt>
<trkpt lat="49.58241670000001" lon="0.2332417"><ele>102.69</ele></trkpt>
<trkpt lat="49.5824217" lon="0.2331967"><ele>102.9</ele></trkpt>
<trkpt lat="49.58243" lon="0.23315"><ele>102.83</ele></trkpt>
<trkpt lat="49.5824433" lon="0.2331083"><ele>102.43</ele></trkpt>
<trkpt lat="49.5824567" lon="0.23307"><ele>101.94</ele></trkpt>
<trkpt lat="49.58248" lon="0.233025"><ele>101.37</ele></trkpt>
<trkpt lat="49.5825083" lon="0.2329867"><ele>101.25</ele></trkpt>
<trkpt lat="49.5825283" lon="0.2329583"><ele>101.38</ele></trkpt>
<trkpt lat="49.58254829999999" lon="0.2329283"><ele>101.41</ele></trkpt>
<trkpt lat="49.5825717" lon="0.2329017"><ele>101.42</ele></trkpt>
<trkpt lat="49.5826033" lon="0.2328867"><ele>101.23</ele></trkpt>
<trkpt lat="49.582635" lon="0.23287"><ele>101.15</ele></trkpt>
<trkpt lat="49.58266" lon="0.23284"><ele>101.02</ele></trkpt>
<trkpt lat="49.5826867" lon="0.2328083"><ele>100.5</ele></trkpt>
<trkpt lat="49.5827167" lon="0.23278"><ele>99.80999999999999</ele></trkpt>
<trkpt lat="49.5827483" lon="0.2327433"><ele>99.78</ele></trkpt>
<trkpt lat="49.5827817" lon="0.2327083"><ele>100.1</ele></trkpt>
<trkpt lat="49.5828033" lon="0.2326833"><ele>100.11</ele></trkpt>
<trkpt lat="49.582835" lon="0.2326467"><ele>100.03</ele></trkpt>
<trkpt lat="49.5828683" lon="0.2326117"><ele>99.92</ele></trkpt>
<trkpt lat="49.5828983" lon="0.232575"><ele>100.27</ele></trkpt>
<trkpt lat="49.58292" lon="0.23255"><ele>100.54</ele></trkpt>
<trkpt lat="49.5829433" lon="0.2325183"><ele>100.61</ele></trkpt>
<trkpt lat="49.582975" lon="0.232485"><ele>100.29</ele></trkpt>
<trkpt lat="49.5829983" lon="0.23246"><ele>100.13</ele></trkpt>
<trkpt lat="49.5830217" lon="0.232435"><ele>100.26</ele></trkpt>
<trkpt lat="49.58304330000001" lon="0.23241"><ele>100.7</ele></trkpt>
<trkpt lat="49.5830667" lon="0.232385"><ele>101.2</ele></trkpt>
<trkpt lat="49.58309830000001" lon="0.232355"><ele>101.76</ele></trkpt>
<trkpt lat="49.58312999999999" lon="0.23232"><ele>102.03</ele></trkpt>
<trkpt lat="49.58315499999999" lon="0.2322933"><ele>101.79</ele></trkpt>
<trkpt lat="49.5831883" lon="0.2322567"><ele>101.04</ele></trkpt>
<trkpt lat="49.58322170000001" lon="0.2322217"><ele>100.31</ele></trkpt>
<trkpt lat="49.58325" lon="0.23219"><ele>99.85999999999999</ele></trkpt>
<trkpt lat="49.58328" lon="0.2321483"><ele>99.84</ele></trkpt>
<trkpt lat="49.5833017" lon="0.2321233"><ele>99.75</ele></trkpt>
<trkpt lat="49.5833317" lon="0.23209"><ele>98.84999999999998</ele></trkpt>
<trkpt lat="49.583355" lon="0.232065"><ele>98.24</ele></trkpt>
<trkpt lat="49.583385" lon="0.232025"><ele>97.65</ele></trkpt>
<trkpt lat="49.5834183" lon="0.2319917"><ele>97.78</ele></trkpt>
<trkpt lat="49.5834417" lon="0.231965"><ele>98.13000000000001</ele></trkpt>
<trkpt lat="49.58346499999999" lon="0.2319417"><ele>98.53</ele></trkpt>
<trkpt lat="49.5834883" lon="0.2319183"><ele>98.85999999999999</ele></trkpt>
<trkpt lat="49.5835117" lon="0.2318967"><ele>99.06999999999998</ele></trkpt>
<trkpt lat="49.583535" lon="0.2318733"><ele>99.02</ele></trkpt>
<trkpt lat="49.58356669999999" lon="0.23184"><ele>98.69</ele></trkpt>
<trkpt lat="49.58359169999999" lon="0.2318133"><ele>98.46</ele></trkpt>
<trkpt lat="49.5836217" lon="0.2317767"><ele>98.06</ele></trkpt>
<trkpt lat="49.58365169999999" lon="0.231735"><ele>98.17999999999999</ele></trkpt>
<trkpt lat="49.5836733" lon="0.2317083"><ele>98.43999999999998</ele></trkpt>
<trkpt lat="49.583695" lon="0.2316817"><ele>98.69</ele></trkpt>
<trkpt lat="49.583715" lon="0.2316533"><ele>98.8</ele></trkpt>
<trkpt lat="49.58373999999999" lon="0.2316217"><ele>98.88</ele></trkpt>
<trkpt lat="49.5837667" lon="0.2315883"><ele>99.26</ele></trkpt>
<trkpt lat="49.58379830000001" lon="0.2315517"><ele>99.32</ele></trkpt>
<trkpt lat="49.58382499999999" lon="0.2315117"><ele>98.98999999999998</ele></trkpt>
<trkpt lat="49.58385329999999" lon="0.2314667"><ele>99.01</ele></trkpt>
<trkpt lat="49.5838833" lon="0.2314217"><ele>99.11</ele></trkpt>
<trkpt lat="49.5839117" lon="0.2313817"><ele>98.88</ele></trkpt>
<trkpt lat="49.58394" lon="0.2313433"><ele>98.30999999999999</ele></trkpt>
<trkpt lat="49.58396329999999" lon="0.2313017"><ele>97.77000000000001</ele></trkpt>
<trkpt lat="49.5839867" lon="0.2312533"><ele>97.74</ele></trkpt>
<trkpt lat="49.584005" lon="0.2312133"><ele>97.83</ele></trkpt>
<trkpt lat="49.584025" lon="0.2311833"><ele>97.65</ele></trkpt>
<trkpt lat="49.5840433" lon="0.2311483"><ele>97.53</ele></trkpt>
<trkpt lat="49.58406170000001" lon="0.231115"><ele>97.42</ele></trkpt>
<trkpt lat="49.5840833" lon="0.2310683"><ele>97.55</ele></trkpt>
<trkpt lat="49.58409830000001" lon="0.2310333"><ele>97.7</ele></trkpt>
<trkpt lat="49.58412" lon="0.2309867"><ele>97.62</ele></trkpt>
<trkpt lat="49.5841367" lon="0.2309383"><ele>97.52</ele></trkpt>
<trkpt lat="49.584155" lon="0.23089"><ele>97.85999999999999</ele></trkpt>
<trkpt lat="49.58417669999999" lon="0.2308433"><ele>97.62999999999998</ele></trkpt>
<trkpt lat="49.58420169999999" lon="0.230795"><ele>97.50000000000001</ele></trkpt>
<trkpt lat="49.584215" lon="0.2307417"><ele>97.83</ele></trkpt>
<trkpt lat="49.5842317" lon="0.2307033"><ele>97.98999999999998</ele></trkpt>
<trkpt lat="49.5842567" lon="0.23066"><ele>97.65</ele></trkpt>
<trkpt lat="49.584275" lon="0.2306233"><ele>97.13</ele></trkpt>
<trkpt lat="49.58429499999999" lon="0.2305817"><ele>96.18</ele></trkpt>
<trkpt lat="49.58432000000001" lon="0.230535"><ele>95.5</ele></trkpt>
<trkpt lat="49.584335" lon="0.2304983"><ele>95.33</ele></trkpt>
<trkpt lat="49.5843533" lon="0.23046"><ele>95.29</ele></trkpt>
<trkpt lat="49.58437499999999" lon="0.2304233"><ele>95.33</ele></trkpt>
<trkpt lat="49.58439" lon="0.230375"><ele>95.57</ele></trkpt>
<trkpt lat="49.5844067" lon="0.23032"><ele>95.54</ele></trkpt>
<trkpt lat="49.58442" lon="0.23027"><ele>95.58</ele></trkpt>
<trkpt lat="49.5844267" lon="0.230225"><ele>95.84</ele></trkpt>
<trkpt lat="49.58443330000001" lon="0.2301833"><ele>96.3</ele></trkpt>
<trkpt lat="49.5844517" lon="0.2301317"><ele>96.58</ele></trkpt>
<trkpt lat="49.58447" lon="0.230085"><ele>96.58</ele></trkpt>
<trkpt lat="49.5844867" lon="0.23005"><ele>96.93</ele></trkpt>
<trkpt lat="49.5845117" lon="0.2300067"><ele>97.01</ele></trkpt>
<trkpt lat="49.5845283" lon="0.2299617"><ele>97.01</ele></trkpt>
<trkpt lat="49.58454330000001" lon="0.229925"><ele>96.76</ele></trkpt>
<trkpt lat="49.58456" lon="0.2298717"><ele>96.53</ele></trkpt>
<trkpt lat="49.5845767" lon="0.2298267"><ele>96.16</ele></trkpt>
<trkpt lat="49.58458670000001" lon="0.2297833"><ele>96.03</ele></trkpt>
<trkpt lat="49.5845967" lon="0.2297233"><ele>96.01</ele></trkpt>
<trkpt lat="49.584605" lon="0.22968"><ele>95.93999999999998</ele></trkpt>
<trkpt lat="49.58462000000001" lon="0.2296417"><ele>95.68</ele></trkpt>
<trkpt lat="49.58463329999999" lon="0.2296033"><ele>95.55</ele></trkpt>
<trkpt lat="49.5846533" lon="0.22956"><ele>95.18</ele></trkpt>
<trkpt lat="49.5846767" lon="0.229515"><ele>94.43</ele></trkpt>
<trkpt lat="49.5846933" lon="0.2294783"><ele>94.16</ele></trkpt>
<trkpt lat="49.584715" lon="0.229435"><ele>93.76</ele></trkpt>
<trkpt lat="49.58473499999999" lon="0.22939"><ele>93.62</ele></trkpt>
<trkpt lat="49.5847583" lon="0.2293467"><ele>93.95999999999998</ele></trkpt>
<trkpt lat="49.58478170000001" lon="0.22931"><ele>94.62</ele></trkpt>
<trkpt lat="49.5847967" lon="0.2292733"><ele>94.96</ele></trkpt>
<trkpt lat="49.5848217" lon="0.2292317"><ele>94.73</ele></trkpt>
<trkpt lat="49.5848467" lon="0.2291817"><ele>94.61</ele></trkpt>
<trkpt lat="49.5848683" lon="0.2291383"><ele>94.54</ele></trkpt>
<trkpt lat="49.58489" lon="0.2291"><ele>94.68</ele></trkpt>
<trkpt lat="49.58490499999999" lon="0.2290633"><ele>94.87</ele></trkpt>
<trkpt lat="49.5849267" lon="0.2290167"><ele>94.78</ele></trkpt>
<trkpt lat="49.5849483" lon="0.2289717"><ele>94.64</ele></trkpt>
<trkpt lat="49.5849683" lon="0.2289267"><ele>94.7</ele></trkpt>
<trkpt lat="49.58499329999999" lon="0.228885"><ele>94.7</ele></trkpt>
<trkpt lat="49.58501500000001" lon="0.2288433"><ele>94.55</ele></trkpt>
<trkpt lat="49.5850367" lon="0.2288017"><ele>94.77</ele></trkpt>
<trkpt lat="49.5850617" lon="0.2287633"><ele>94.71</ele></trkpt>
<trkpt lat="49.585085" lon="0.228715"><ele>94.54</ele></trkpt>
<trkpt lat="49.5851067" lon="0.2286717"><ele>94.54</ele></trkpt>
<trkpt lat="49.5851333" lon="0.2286267"><ele>94.34</ele></trkpt>
<trkpt lat="49.58515169999999" lon="0.2285917"><ele>94.22</ele></trkpt>
<trkpt lat="49.5851717" lon="0.2285583"><ele>94.14</ele></trkpt>
<trkpt lat="49.5851967" lon="0.2285183"><ele>94.35</ele></trkpt>
<trkpt lat="49.5852233" lon="0.22848"><ele>94.76</ele></trkpt>
<trkpt lat="49.58524329999999" lon="0.2284483"><ele>94.88</ele></trkpt>
<trkpt lat="49.58527" lon="0.2284033"><ele>94.78</ele></trkpt>
<trkpt lat="49.5852967" lon="0.228365"><ele>94.38</ele></trkpt>
<trkpt lat="49.58531500000001" lon="0.2283333"><ele>94.37</ele></trkpt>
<trkpt lat="49.58534169999999" lon="0.2282867"><ele>94.43</ele></trkpt>
<trkpt lat="49.58537" lon="0.2282517"><ele>94.30999999999999</ele></trkpt>
<trkpt lat="49.58540330000001" lon="0.2282283"><ele>94.30999999999999</ele></trkpt>
<trkpt lat="49.5854333" lon="0.2281917"><ele>94.05999999999999</ele></trkpt>
<trkpt lat="49.58546" lon="0.2281583"><ele>93.92</ele></trkpt>
<trkpt lat="49.5854917" lon="0.2281283"><ele>94.14</ele></trkpt>
<trkpt lat="49.58552" lon="0.2280967"><ele>94.05</ele></trkpt>
<trkpt lat="49.58555" lon="0.22806"><ele>93.63</ele></trkpt>
<trkpt lat="49.5855717" lon="0.2280317"><ele>93.59</ele></trkpt>
<trkpt lat="49.5856017" lon="0.2280033"><ele>93.51</ele></trkpt>
<trkpt lat="49.58563" lon="0.2279733"><ele>93.5</ele></trkpt>
<trkpt lat="49.5856617" lon="0.227945"><ele>93.77</ele></trkpt>
<trkpt lat="49.5856917" lon="0.2279117"><ele>94.16</ele></trkpt>
<trkpt lat="49.58571329999999" lon="0.2278833"><ele>94.3</ele></trkpt>
<trkpt lat="49.5857433" lon="0.2278483"><ele>94.57</ele></trkpt>
<trkpt lat="49.58576499999999" lon="0.2278217"><ele>94.93</ele></trkpt>
<trkpt lat="49.5857883" lon="0.2277983"><ele>95.32</ele></trkpt>
<trkpt lat="49.5858217" lon="0.227775"><ele>95.52</ele></trkpt>
<trkpt lat="49.5858517" lon="0.2277417"><ele>95.6</ele></trkpt>
<trkpt lat="49.5858817" lon="0.2277083"><ele>95.52</ele></trkpt>
<trkpt lat="49.5859167" lon="0.2276733"><ele>95.44</ele></trkpt>
<trkpt lat="49.5859467" lon="0.227645"><ele>95.22</ele></trkpt>
<trkpt lat="49.5859783" lon="0.2276133"><ele>95.11</ele></trkpt>
<trkpt lat="49.58600670000001" lon="0.22759"><ele>95.21</ele></trkpt>
<trkpt lat="49.5860317" lon="0.2275633"><ele>95.1</ele></trkpt>
<trkpt lat="49.586055" lon="0.2275367"><ele>95.04</ele></trkpt>
<trkpt lat="49.5860583" lon="0.2274933"><ele>94.69</ele></trkpt>
<trkpt lat="49.586065" lon="0.2274417"><ele>94.63</ele></trkpt>
<trkpt lat="49.5860767" lon="0.2273917"><ele>94.42</ele></trkpt>
<trkpt lat="49.586085" lon="0.2273433"><ele>94.18</ele></trkpt>
<trkpt lat="49.5860967" lon="0.2272967"><ele>93.94</ele></trkpt>
<trkpt lat="49.5861" lon="0.22725"><ele>93.55</ele></trkpt>
<trkpt lat="49.5861033" lon="0.2272017"><ele>93.35</ele></trkpt>
<trkpt lat="49.5861033" lon="0.2271467"><ele>93.31</ele></trkpt>
<trkpt lat="49.58609" lon="0.2270883"><ele>93.38</ele></trkpt>
<trkpt lat="49.586075" lon="0.22704"><ele>93.92</ele></trkpt>
<trkpt lat="49.58606" lon="0.2269883"><ele>94.22</ele></trkpt>
<trkpt lat="49.5860517" lon="0.226945"><ele>94.37</ele></trkpt>
<trkpt lat="49.58604499999999" lon="0.2268967"><ele>94.08</ele></trkpt>
<trkpt lat="49.5860333" lon="0.2268583"><ele>94.1</ele></trkpt>
<trkpt lat="49.58601999999999" lon="0.22682"><ele>94.18</ele></trkpt>
<trkpt lat="49.58601000000001" lon="0.22678"><ele>94.37</ele></trkpt>
<trkpt lat="49.5859983" lon="0.2267317"><ele>94.41</ele></trkpt>
<trkpt lat="49.5859883" lon="0.2266783"><ele>94.57</ele></trkpt>
<trkpt lat="49.5859767" lon="0.226625"><ele>94.54</ele></trkpt>
<trkpt lat="49.5859667" lon="0.2265733"><ele>94.58</ele></trkpt>
<trkpt lat="49.5859533" lon="0.2265167"><ele>94.73</ele></trkpt>
<trkpt lat="49.585945" lon="0.2264767"><ele>94.71</ele></trkpt>
<trkpt lat="49.5859367" lon="0.2264367"><ele>94.8</ele></trkpt>
<trkpt lat="49.5859267" lon="0.226395"><ele>94.45</ele></trkpt>
<trkpt lat="49.5859183" lon="0.226345"><ele>94.42</ele></trkpt>
<trkpt lat="49.585905" lon="0.226295"><ele>94.5</ele></trkpt>
<trkpt lat="49.58589" lon="0.2262467"><ele>94.53</ele></trkpt>
<trkpt lat="49.5858767" lon="0.226195"><ele>94.23</ele></trkpt>
<trkpt lat="49.5858617" lon="0.2261417"><ele>94.14</ele></trkpt>
<trkpt lat="49.58584669999999" lon="0.2260883"><ele>93.85</ele></trkpt>
<trkpt lat="49.5858383" lon="0.2260383"><ele>93.36</ele></trkpt>
<trkpt lat="49.58583" lon="0.22599"><ele>93.11</ele></trkpt>
<trkpt lat="49.5858167" lon="0.225935"><ele>92.95</ele></trkpt>
<trkpt lat="49.5858033" lon="0.22588"><ele>92.64</ele></trkpt>
<trkpt lat="49.5857933" lon="0.22584"><ele>92.52</ele></trkpt>
<trkpt lat="49.5857783" lon="0.2257817"><ele>92.25</ele></trkpt>
<trkpt lat="49.5857683" lon="0.225725"><ele>91.85</ele></trkpt>
<trkpt lat="49.5857567" lon="0.2256683"><ele>91.81</ele></trkpt>
<trkpt lat="49.585745" lon="0.2256133"><ele>91.9</ele></trkpt>
<trkpt lat="49.5857317" lon="0.2255767"><ele>91.98</ele></trkpt>
<trkpt lat="49.58572" lon="0.2255383"><ele>91.84</ele></trkpt>
<trkpt lat="49.58570169999999" lon="0.2254883"><ele>91.45</ele></trkpt>
<trkpt lat="49.5856867" lon="0.225435"><ele>91.24</ele></trkpt>
<trkpt lat="49.58567" lon="0.2253767"><ele>91.12</ele></trkpt>
<trkpt lat="49.5856567" lon="0.225335"><ele>90.97</ele></trkpt>
<trkpt lat="49.585645" lon="0.225295"><ele>90.91</ele></trkpt>
<trkpt lat="49.5856333" lon="0.2252567"><ele>91</ele></trkpt>
<trkpt lat="49.58562" lon="0.22522"><ele>91.08</ele></trkpt>
<trkpt lat="49.585605" lon="0.225185"><ele>91.2</ele></trkpt>
<trkpt lat="49.58558" lon="0.2251367"><ele>91.03</ele></trkpt>
<trkpt lat="49.5855583" lon="0.2250883"><ele>90.94</ele></trkpt>
<trkpt lat="49.585545" lon="0.22505"><ele>90.68</ele></trkpt>
<trkpt lat="49.58552329999999" lon="0.2250017"><ele>90.42</ele></trkpt>
<trkpt lat="49.585505" lon="0.2249517"><ele>90.14</ele></trkpt>
<trkpt lat="49.58548830000001" lon="0.2249017"><ele>89.92</ele></trkpt>
<trkpt lat="49.5854733" lon="0.2248617"><ele>89.75</ele></trkpt>
<trkpt lat="49.5854533" lon="0.2248083"><ele>89.19</ele></trkpt>
<trkpt lat="49.5854333" lon="0.2247567"><ele>88.82</ele></trkpt>
<trkpt lat="49.5854117" lon="0.22471"><ele>88.54</ele></trkpt>
<trkpt lat="49.58539" lon="0.2246633"><ele>88.46</ele></trkpt>
<trkpt lat="49.5853717" lon="0.224615"><ele>88.67</ele></trkpt>
<trkpt lat="49.5853467" lon="0.2245667"><ele>88.96</ele></trkpt>
<trkpt lat="49.5853267" lon="0.2245183"><ele>89.1</ele></trkpt>
<trkpt lat="49.585305" lon="0.2244717"><ele>89.27</ele></trkpt>
<trkpt lat="49.5852883" lon="0.2244383"><ele>89.14</ele></trkpt>
<trkpt lat="49.585275" lon="0.2244"><ele>89.04</ele></trkpt>
<trkpt lat="49.58525" lon="0.224355"><ele>89.16</ele></trkpt>
<trkpt lat="49.58523000000001" lon="0.22431"><ele>89.49</ele></trkpt>
<trkpt lat="49.5852067" lon="0.2242617"><ele>89.67</ele></trkpt>
<trkpt lat="49.5851917" lon="0.2242267"><ele>89.56</ele></trkpt>
<trkpt lat="49.5851717" lon="0.2241783"><ele>89.25</ele></trkpt>
<trkpt lat="49.58515169999999" lon="0.2241283"><ele>88.69</ele></trkpt>
<trkpt lat="49.58513" lon="0.22408"><ele>88.25</ele></trkpt>
<trkpt lat="49.5851117" lon="0.22403"><ele>87.79</ele></trkpt>
<trkpt lat="49.58509169999999" lon="0.223985"><ele>87.52</ele></trkpt>
<trkpt lat="49.58506999999999" lon="0.22394"><ele>87.58</ele></trkpt>
<trkpt lat="49.5850483" lon="0.2238933"><ele>87.53</ele></trkpt>
<trkpt lat="49.5850267" lon="0.223845"><ele>87.28</ele></trkpt>
<trkpt lat="49.58500669999999" lon="0.2237967"><ele>86.95</ele></trkpt>
<trkpt lat="49.5849867" lon="0.22375"><ele>86.65</ele></trkpt>
<trkpt lat="49.58496499999999" lon="0.2237017"><ele>86.1</ele></trkpt>
<trkpt lat="49.5849433" lon="0.2236583"><ele>86.18</ele></trkpt>
<trkpt lat="49.5849233" lon="0.22361"><ele>86.3</ele></trkpt>
<trkpt lat="49.5849" lon="0.2235633"><ele>86.38</ele></trkpt>
<trkpt lat="49.5848733" lon="0.2235233"><ele>86.53</ele></trkpt>
<trkpt lat="49.5848467" lon="0.22348"><ele>86.33999999999999</ele></trkpt>
<trkpt lat="49.58482829999999" lon="0.2234483"><ele>86.06</ele></trkpt>
<trkpt lat="49.584805" lon="0.2234"><ele>85.75</ele></trkpt>
<trkpt lat="49.5847783" lon="0.2233583"><ele>85.22</ele></trkpt>
<trkpt lat="49.584755" lon="0.2233267"><ele>84.87</ele></trkpt>
<trkpt lat="49.58473499999999" lon="0.223295"><ele>84.49</ele></trkpt>
<trkpt lat="49.58470830000001" lon="0.2232533"><ele>84.08</ele></trkpt>
<trkpt lat="49.584685" lon="0.2232083"><ele>83.31</ele></trkpt>
<trkpt lat="49.5846633" lon="0.223165"><ele>82.81</ele></trkpt>
<trkpt lat="49.5846383" lon="0.22312"><ele>82.19</ele></trkpt>
<trkpt lat="49.58461170000001" lon="0.2230767"><ele>81.5</ele></trkpt>
<trkpt lat="49.5845883" lon="0.22304"><ele>81.1</ele></trkpt>
<trkpt lat="49.5845717" lon="0.2230017"><ele>81.33</ele></trkpt>
<trkpt lat="49.5845417" lon="0.2229833"><ele>82.01</ele></trkpt>
<trkpt lat="49.5845217" lon="0.2229483"><ele>81.85</ele></trkpt>
<trkpt lat="49.58450670000001" lon="0.2229"><ele>81.97</ele></trkpt>
<trkpt lat="49.58448" lon="0.22286"><ele>81.33</ele></trkpt>
<trkpt lat="49.58445669999999" lon="0.2228167"><ele>81.09</ele></trkpt>
<trkpt lat="49.58443" lon="0.22278"><ele>81.2</ele></trkpt>
<trkpt lat="49.5844133" lon="0.2227433"><ele>81.33</ele></trkpt>
<trkpt lat="49.5843883" lon="0.22271"><ele>81.31</ele></trkpt>
<trkpt lat="49.58437" lon="0.2226683"><ele>81.08</ele></trkpt>
<trkpt lat="49.5843533" lon="0.2226217"><ele>80.77</ele></trkpt>
<trkpt lat="49.584335" lon="0.22258"><ele>79.75</ele></trkpt>
<trkpt lat="49.58432000000001" lon="0.22254"><ele>78.74</ele></trkpt>
<trkpt lat="49.5843033" lon="0.2225067"><ele>77.79</ele></trkpt>
<trkpt lat="49.5842783" lon="0.2224683"><ele>76.98</ele></trkpt>
<trkpt lat="49.5842583" lon="0.2224183"><ele>76.81</ele></trkpt>
<trkpt lat="49.5842417" lon="0.222375"><ele>76.72</ele></trkpt>
<trkpt lat="49.58422670000001" lon="0.2223333"><ele>76.71</ele></trkpt>
<trkpt lat="49.58421329999999" lon="0.2222883"><ele>76.47</ele></trkpt>
<trkpt lat="49.5841983" lon="0.222235"><ele>76.46</ele></trkpt>
<trkpt lat="49.58418499999999" lon="0.2221817"><ele>77.02</ele></trkpt>
<trkpt lat="49.58417" lon="0.2221433"><ele>77.97</ele></trkpt>
<trkpt lat="49.584155" lon="0.2220933"><ele>77.24</ele></trkpt>
<trkpt lat="49.58414670000001" lon="0.222045"><ele>76.34</ele></trkpt>
<trkpt lat="49.58413329999999" lon="0.2219883"><ele>75.86</ele></trkpt>
<trkpt lat="49.58412169999999" lon="0.22194"><ele>75.55</ele></trkpt>
<trkpt lat="49.58411" lon="0.2218867"><ele>75.36</ele></trkpt>
<trkpt lat="49.58409999999999" lon="0.2218283"><ele>75.5</ele></trkpt>
<trkpt lat="49.58409000000001" lon="0.2217867"><ele>75.78</ele></trkpt>
<trkpt lat="49.58408670000001" lon="0.2217317"><ele>75.19</ele></trkpt>
<trkpt lat="49.58408" lon="0.2216783"><ele>74.68</ele></trkpt>
<trkpt lat="49.5840767" lon="0.2216283"><ele>74</ele></trkpt>
<trkpt lat="49.58407" lon="0.2215783"><ele>73.77</ele></trkpt>
<trkpt lat="49.58406" lon="0.2215283"><ele>73.71</ele></trkpt>
<trkpt lat="49.58405" lon="0.2214767"><ele>73.48</ele></trkpt>
<trkpt lat="49.5840433" lon="0.221435"><ele>73.41</ele></trkpt>
<trkpt lat="49.584035" lon="0.221395"><ele>73.34</ele></trkpt>
<trkpt lat="49.5840267" lon="0.2213533"><ele>73.15</ele></trkpt>
<trkpt lat="49.58401169999999" lon="0.2212967"><ele>72.78</ele></trkpt>
<trkpt lat="49.58399829999999" lon="0.2212417"><ele>72.29</ele></trkpt>
<trkpt lat="49.58398500000001" lon="0.221185"><ele>71.86</ele></trkpt>
<trkpt lat="49.5839717" lon="0.2211483"><ele>71.65</ele></trkpt>
<trkpt lat="49.5839583" lon="0.22111"><ele>71.54</ele></trkpt>
<trkpt lat="49.583945" lon="0.2210733"><ele>71.51</ele></trkpt>
<trkpt lat="49.5839317" lon="0.2210367"><ele>71.51</ele></trkpt>
<trkpt lat="49.58391329999999" lon="0.220985"><ele>71.08</ele></trkpt>
<trkpt lat="49.583895" lon="0.2209333"><ele>70.68</ele></trkpt>
<trkpt lat="49.58387500000001" lon="0.22088"><ele>70.1</ele></trkpt>
<trkpt lat="49.5838567" lon="0.220825"><ele>69.31</ele></trkpt>
<trkpt lat="49.58384169999999" lon="0.2207883"><ele>68.89</ele></trkpt>
<trkpt lat="49.58382330000001" lon="0.2207517"><ele>68.33</ele></trkpt>
<trkpt lat="49.5838083" lon="0.2207133"><ele>67.9</ele></trkpt>
<trkpt lat="49.5837933" lon="0.2206617"><ele>67</ele></trkpt>
<trkpt lat="49.583775" lon="0.2206083"><ele>66.32</ele></trkpt>
<trkpt lat="49.58376" lon="0.2205733"><ele>65.88</ele></trkpt>
<trkpt lat="49.58373999999999" lon="0.2205233"><ele>65.38</ele></trkpt>
<trkpt lat="49.58372" lon="0.22047"><ele>65.12</ele></trkpt>
<trkpt lat="49.58370170000001" lon="0.2204217"><ele>64.88</ele></trkpt>
<trkpt lat="49.583685" lon="0.2203767"><ele>64.13</ele></trkpt>
<trkpt lat="49.5836683" lon="0.2203267"><ele>63.75</ele></trkpt>
<trkpt lat="49.58365000000001" lon="0.220275"><ele>63.61</ele></trkpt>
<trkpt lat="49.58363" lon="0.2202267"><ele>63.75</ele></trkpt>
<trkpt lat="49.5836133" lon="0.2201733"><ele>64.07</ele></trkpt>
<trkpt lat="49.58359999999999" lon="0.2201367"><ele>64.08</ele></trkpt>
<trkpt lat="49.5835833" lon="0.2200983"><ele>64.11</ele></trkpt>
<trkpt lat="49.58356669999999" lon="0.22006"><ele>63.95</ele></trkpt>
<trkpt lat="49.583545" lon="0.2200133"><ele>63.41999999999999</ele></trkpt>
<trkpt lat="49.5835283" lon="0.21997"><ele>63.16</ele></trkpt>
<trkpt lat="49.5835133" lon="0.219925"><ele>62.98999999999999</ele></trkpt>
<trkpt lat="49.583495" lon="0.2198733"><ele>63.36</ele></trkpt>
<trkpt lat="49.583475" lon="0.21982"><ele>63.57</ele></trkpt>
<trkpt lat="49.58346" lon="0.219785"><ele>63.77</ele></trkpt>
<trkpt lat="49.5834367" lon="0.2197333"><ele>63.88</ele></trkpt>
<trkpt lat="49.58342" lon="0.2197"><ele>63.73999999999999</ele></trkpt>
<trkpt lat="49.5833983" lon="0.2196567"><ele>63.65</ele></trkpt>
<trkpt lat="49.58337830000001" lon="0.2196117"><ele>63.09</ele></trkpt>
<trkpt lat="49.58336" lon="0.2195617"><ele>62.47</ele></trkpt>
<trkpt lat="49.58334499999999" lon="0.2195267"><ele>62.18</ele></trkpt>
<trkpt lat="49.5833317" lon="0.2194883"><ele>61.88000000000001</ele></trkpt>
<trkpt lat="49.5833183" lon="0.2194517"><ele>61.77</ele></trkpt>
<trkpt lat="49.5833017" lon="0.2194167"><ele>61.75999999999999</ele></trkpt>
<trkpt lat="49.5832783" lon="0.219365"><ele>61.93</ele></trkpt>
<trkpt lat="49.583255" lon="0.2193167"><ele>61.66</ele></trkpt>
<trkpt lat="49.5832333" lon="0.2192667"><ele>61.48999999999999</ele></trkpt>
<trkpt lat="49.583215" lon="0.219215"><ele>61.50999999999999</ele></trkpt>
<trkpt lat="49.5831983" lon="0.2191817"><ele>61.50999999999999</ele></trkpt>
<trkpt lat="49.5831817" lon="0.2191483"><ele>61.58000000000001</ele></trkpt>
<trkpt lat="49.5831567" lon="0.2191017"><ele>61.18999999999999</ele></trkpt>
<trkpt lat="49.5831317" lon="0.2190517"><ele>60.91999999999999</ele></trkpt>
<trkpt lat="49.5831017" lon="0.2190133"><ele>60.72</ele></trkpt>
<trkpt lat="49.5830717" lon="0.21898"><ele>60.36</ele></trkpt>
<trkpt lat="49.58304" lon="0.2189517"><ele>59.68</ele></trkpt>
<trkpt lat="49.58301000000001" lon="0.2189233"><ele>59.23</ele></trkpt>
<trkpt lat="49.5829883" lon="0.2188767"><ele>58.98</ele></trkpt>
<trkpt lat="49.582965" lon="0.2188283"><ele>58.48</ele></trkpt>
<trkpt lat="49.5829433" lon="0.21878"><ele>58.73999999999999</ele></trkpt>
<trkpt lat="49.58292170000001" lon="0.2187333"><ele>59.25</ele></trkpt>
<trkpt lat="49.5829" lon="0.2186867"><ele>59.31</ele></trkpt>
<trkpt lat="49.5828767" lon="0.2186383"><ele>58.91999999999999</ele></trkpt>
<trkpt lat="49.5828517" lon="0.2185967"><ele>58.02000000000001</ele></trkpt>
<trkpt lat="49.5828283" lon="0.218555"><ele>57.14</ele></trkpt>
<trkpt lat="49.5828017" lon="0.2185133"><ele>56.73</ele></trkpt>
<trkpt lat="49.5827817" lon="0.2184717"><ele>56.73</ele></trkpt>
<trkpt lat="49.5827583" lon="0.21843"><ele>56.29</ele></trkpt>
<trkpt lat="49.58273500000001" lon="0.2183867"><ele>55.35</ele></trkpt>
<trkpt lat="49.58270999999999" lon="0.2183517"><ele>54.77</ele></trkpt>
<trkpt lat="49.5826867" lon="0.2183183"><ele>54.61</ele></trkpt>
<trkpt lat="49.582665" lon="0.2182767"><ele>55.06</ele></trkpt>
<trkpt lat="49.5826367" lon="0.218245"><ele>55.00999999999999</ele></trkpt>
<trkpt lat="49.5826167" lon="0.2182167"><ele>55.17</ele></trkpt>
<trkpt lat="49.5825883" lon="0.21818"><ele>54.92</ele></trkpt>
<trkpt lat="49.58256" lon="0.2181433"><ele>54.79000000000001</ele></trkpt>
<trkpt lat="49.582535" lon="0.2181"><ele>54.81</ele></trkpt>
<trkpt lat="49.5825083" lon="0.2180567"><ele>54.53</ele></trkpt>
<trkpt lat="49.58248500000001" lon="0.2180083"><ele>54.35</ele></trkpt>
<trkpt lat="49.58245999999999" lon="0.2179617"><ele>53.56</ele></trkpt>
<trkpt lat="49.58244" lon="0.21792"><ele>53.07999999999999</ele></trkpt>
<trkpt lat="49.5824217" lon="0.2178883"><ele>53.03999999999999</ele></trkpt>
<trkpt lat="49.5824017" lon="0.2178533"><ele>52.64</ele></trkpt>
<trkpt lat="49.58238" lon="0.21781"><ele>51.83</ele></trkpt>
<trkpt lat="49.5823583" lon="0.2177667"><ele>51.19</ele></trkpt>
<trkpt lat="49.5823383" lon="0.217725"><ele>51.03999999999999</ele></trkpt>
<trkpt lat="49.58231500000001" lon="0.2176817"><ele>50.75</ele></trkpt>
<trkpt lat="49.582295" lon="0.2176483"><ele>50.68000000000001</ele></trkpt>
<trkpt lat="49.58227329999999" lon="0.2176017"><ele>50.39</ele></trkpt>
<trkpt lat="49.58226169999999" lon="0.21755"><ele>50.1</ele></trkpt>
<trkpt lat="49.5822467" lon="0.2174967"><ele>50.5</ele></trkpt>
<trkpt lat="49.5822317" lon="0.2174433"><ele>51.21999999999999</ele></trkpt>
<trkpt lat="49.582215" lon="0.21741"><ele>51.39</ele></trkpt>
<trkpt lat="49.5821933" lon="0.2173667"><ele>51.09</ele></trkpt>
<trkpt lat="49.582185" lon="0.21732"><ele>50.39999999999999</ele></trkpt>
<trkpt lat="49.58217669999999" lon="0.2172667"><ele>49.71999999999999</ele></trkpt>
<trkpt lat="49.582165" lon="0.2172083"><ele>48.91</ele></trkpt>
<trkpt lat="49.5821567" lon="0.21716"><ele>47.95</ele></trkpt>
<trkpt lat="49.5821483" lon="0.2171067"><ele>47.44</ele></trkpt>
<trkpt lat="49.58215000000001" lon="0.2170467"><ele>47.31</ele></trkpt>
<trkpt lat="49.58215330000001" lon="0.2169933"><ele>46.84</ele></trkpt>
<trkpt lat="49.5821617" lon="0.2169517"><ele>45.92</ele></trkpt>
<trkpt lat="49.5821733" lon="0.21691"><ele>45.06</ele></trkpt>
<trkpt lat="49.58218829999999" lon="0.2168633"><ele>43.95</ele></trkpt>
<trkpt lat="49.5821967" lon="0.2168117"><ele>43.43</ele></trkpt>
<trkpt lat="49.5822033" lon="0.216765"><ele>42.96</ele></trkpt>
<trkpt lat="49.5822167" lon="0.2167067"><ele>42.72</ele></trkpt>
<trkpt lat="49.5822333" lon="0.21665"><ele>42.9</ele></trkpt>
<trkpt lat="49.5822467" lon="0.2165967"><ele>42.84</ele></trkpt>
<trkpt lat="49.58226330000001" lon="0.21655"><ele>42.34</ele></trkpt>
<trkpt lat="49.58227" lon="0.21649"><ele>42.04</ele></trkpt>
<trkpt lat="49.58227329999999" lon="0.2164467"><ele>41.87</ele></trkpt>
<trkpt lat="49.5822817" lon="0.2163983"><ele>41.45</ele></trkpt>
<trkpt lat="49.5822967" lon="0.2163583"><ele>41.34</ele></trkpt>
<trkpt lat="49.58231500000001" lon="0.2163117"><ele>40.6</ele></trkpt>
<trkpt lat="49.582325" lon="0.2162667"><ele>39.92</ele></trkpt>
<trkpt lat="49.5823367" lon="0.2162167"><ele>39.22</ele></trkpt>
<trkpt lat="49.582345" lon="0.216175"><ele>38.83</ele></trkpt>
<trkpt lat="49.5823583" lon="0.2161267"><ele>39.02</ele></trkpt>
<trkpt lat="49.58237" lon="0.2160767"><ele>38.85</ele></trkpt>
<trkpt lat="49.58237499999999" lon="0.2160283"><ele>39.23</ele></trkpt>
<trkpt lat="49.5823867" lon="0.215985"><ele>39.4</ele></trkpt>
<trkpt lat="49.5823983" lon="0.2159417"><ele>39.77</ele></trkpt>
<trkpt lat="49.5824083" lon="0.2158933"><ele>40.27</ele></trkpt>
<trkpt lat="49.58242" lon="0.2158517"><ele>39.95</ele></trkpt>
<trkpt lat="49.5824367" lon="0.2158067"><ele>39.52</ele></trkpt>
<trkpt lat="49.5824433" lon="0.2157633"><ele>39.32</ele></trkpt>
<trkpt lat="49.5824583" lon="0.2157217"><ele>39.31</ele></trkpt>
<trkpt lat="49.5824833" lon="0.2156783"><ele>39.45</ele></trkpt>
<trkpt lat="49.58250170000001" lon="0.2156367"><ele>39.41</ele></trkpt>
<trkpt lat="49.58251499999999" lon="0.2156"><ele>39.59</ele></trkpt>
<trkpt lat="49.5825317" lon="0.2155517"><ele>39.45</ele></trkpt>
<trkpt lat="49.58254829999999" lon="0.2154967"><ele>39.6</ele></trkpt>
<trkpt lat="49.5825567" lon="0.2154533"><ele>39.54</ele></trkpt>
<trkpt lat="49.58257330000001" lon="0.2154"><ele>39.74</ele></trkpt>
<trkpt lat="49.58259000000001" lon="0.21535"><ele>39.57</ele></trkpt>
<trkpt lat="49.582605" lon="0.2153"><ele>39.37</ele></trkpt>
<trkpt lat="49.5826183" lon="0.21525"><ele>39.22</ele></trkpt>
<trkpt lat="49.58263" lon="0.2151967"><ele>39.28</ele></trkpt>
<trkpt lat="49.5826433" lon="0.2151417"><ele>39.21</ele></trkpt>
<trkpt lat="49.5826567" lon="0.2150933"><ele>39.3</ele></trkpt>
<trkpt lat="49.5826683" lon="0.215045"><ele>39.2</ele></trkpt>
<trkpt lat="49.58268" lon="0.2149983"><ele>39.2</ele></trkpt>
<trkpt lat="49.582695" lon="0.214945"><ele>38.81</ele></trkpt>
<trkpt lat="49.5827067" lon="0.21489"><ele>39.12</ele></trkpt>
<trkpt lat="49.582715" lon="0.2148317"><ele>39.21</ele></trkpt>
<trkpt lat="49.5827233" lon="0.2147817"><ele>39.34</ele></trkpt>
<trkpt lat="49.5827283" lon="0.214725"><ele>39.31</ele></trkpt>
<trkpt lat="49.58273" lon="0.2146683"><ele>39.47</ele></trkpt>
<trkpt lat="49.58273" lon="0.2146133"><ele>39.23</ele></trkpt>
<trkpt lat="49.5827317" lon="0.2145683"><ele>39.24</ele></trkpt>
</trkseg></trk>
</gpx>