<?xml version="1.0" encoding="UTF-8"?>
<gpx version="1.1" creator="Marando" xmlns="http://www.topografix.com/GPX/1/1">
<wpt lat="49.6611" lon="0.2422283"><ele>112.44</ele><name>Départ</name></wpt>
<wpt lat="49.6640733" lon="0.2634517"><ele>121.24</ele><name>Eglise</name></wpt>
<wpt lat="49.66420670000001" lon="0.2640267"><ele>123.99</ele><name>Tombe Gide</name></wpt>
<wpt lat="49.66418" lon="0.2640083"><ele>123.48</ele><name>Tombe Drouin</name></wpt>
<wpt lat="49.65801669999999" lon="0.2751733"><ele>114.9</ele><name>Château</name></wpt>
<wpt lat="49.65799169999999" lon="0.2752367"><ele>114.99</ele><name>Château de près</name></wpt>
<wpt lat="49.64429169999999" lon="0.2649133"><ele>123.89</ele><name>Maison</name></wpt>
<wpt lat="49.64373" lon="0.2507283"><ele>121.51</ele><name>Sculpture</name></wpt>
<wpt lat="49.6429667" lon="0.2505567"><ele>119.98</ele><name>Au repos</name></wpt>
<wpt lat="49.63835" lon="0.248045"><ele>126.72</ele><name>Agneau</name></wpt>
<wpt lat="49.63870499999999" lon="0.238715"><ele>135.32</ele><name>Pigeonnier</name></wpt>
<wpt lat="49.65408" lon="0.2394467"><ele>0</ele><name>Vaches</name></wpt>
<wpt lat="49.66067670000001" lon="0.24257"><ele>111.94</ele><name>Arrivée</name><desc>Nom: Segment: 1Type: Grande randonnéeHeure de départ: 09:03 3 mars 2026Heure d'arrivée: 12:08 3 mars 2026Distance: 11,9km (03:04)Temps déplacement: 02:42Vitesse moyenne: 3,87 km/hVitesse en mouvement: 4,41 km/hVitesse Max.: 6,42 km/hAltitude minimale: 100 mAltitude maximale: 134 mVitesse de montée: 112,2 m/hVitesse de descente: 116,9 m/hDénivelé positif: 136 mDénivelé négatif: 139 mTemps de montée: 01:13Temps de descente: 01:11</desc></wpt>
<trk><name>autour-de-villainville</name><trkseg>
<trkpt lat="49.6611" lon="0.2422283"><ele>112.44</ele></trkpt>
<trkpt lat="49.6610783" lon="0.242225"><ele>114.61</ele></trkpt>
<trkpt lat="49.6610483" lon="0.2422283"><ele>114.02</ele></trkpt>
<trkpt lat="49.6610083" lon="0.2422767"><ele>110.8</ele></trkpt>
<trkpt lat="49.660975" lon="0.242315"><ele>110.47</ele></trkpt>
<trkpt lat="49.66095670000001" lon="0.2423483"><ele>111.73</ele></trkpt>
<trkpt lat="49.66096830000001" lon="0.2423867"><ele>111.26</ele></trkpt>
<trkpt lat="49.66096999999999" lon="0.2424317"><ele>110.99</ele></trkpt>
<trkpt lat="49.66095" lon="0.2424783"><ele>110.71</ele></trkpt>
<trkpt lat="49.66092" lon="0.2425067"><ele>110.35</ele></trkpt>
<trkpt lat="49.6608917" lon="0.24253"><ele>110.03</ele></trkpt>
<trkpt lat="49.66087170000001" lon="0.2425617"><ele>109.62</ele></trkpt>
<trkpt lat="49.660845" lon="0.2425833"><ele>109.74</ele></trkpt>
<trkpt lat="49.660815" lon="0.2426183"><ele>109.75</ele></trkpt>
<trkpt lat="49.66079" lon="0.242645"><ele>110.07</ele></trkpt>
<trkpt lat="49.660765" lon="0.2426783"><ele>110.46</ele></trkpt>
<trkpt lat="49.66073669999999" lon="0.2427067"><ele>110.38</ele></trkpt>
<trkpt lat="49.66071000000001" lon="0.2427317"><ele>110.12</ele></trkpt>
<trkpt lat="49.6606833" lon="0.2427567"><ele>110.25</ele></trkpt>
<trkpt lat="49.6606517" lon="0.242775"><ele>110.09</ele></trkpt>
<trkpt lat="49.66062500000001" lon="0.2427883"><ele>110.01</ele></trkpt>
<trkpt lat="49.6605917" lon="0.2428033"><ele>110.17</ele></trkpt>
<trkpt lat="49.66056" lon="0.2428267"><ele>110.08</ele></trkpt>
<trkpt lat="49.6605267" lon="0.242845"><ele>109.89</ele></trkpt>
<trkpt lat="49.6605" lon="0.2428633"><ele>110.04</ele></trkpt>
<trkpt lat="49.66047329999999" lon="0.2428917"><ele>110.57</ele></trkpt>
<trkpt lat="49.6604433" lon="0.2429233"><ele>110.68</ele></trkpt>
<trkpt lat="49.6604117" lon="0.2429517"><ele>110.66</ele></trkpt>
<trkpt lat="49.66038829999999" lon="0.2429817"><ele>110.67</ele></trkpt>
<trkpt lat="49.6603833" lon="0.2430333"><ele>111.18</ele></trkpt>
<trkpt lat="49.66038499999999" lon="0.2430783"><ele>111.11</ele></trkpt>
<trkpt lat="49.660395" lon="0.2431217"><ele>111.39</ele></trkpt>
<trkpt lat="49.660405" lon="0.243165"><ele>111.8</ele></trkpt>
<trkpt lat="49.660415" lon="0.2432067"><ele>112.34</ele></trkpt>
<trkpt lat="49.660425" lon="0.2432533"><ele>112.86</ele></trkpt>
<trkpt lat="49.66043669999999" lon="0.243295"><ele>113.04</ele></trkpt>
<trkpt lat="49.6604483" lon="0.2433433"><ele>113.27</ele></trkpt>
<trkpt lat="49.66046" lon="0.2434"><ele>113.79</ele></trkpt>
<trkpt lat="49.66046999999999" lon="0.243445"><ele>114.15</ele></trkpt>
<trkpt lat="49.660485" lon="0.2434833"><ele>114.43</ele></trkpt>
<trkpt lat="49.6604933" lon="0.2435233"><ele>114.64</ele></trkpt>
<trkpt lat="49.6605067" lon="0.2435783"><ele>114.71</ele></trkpt>
<trkpt lat="49.66051170000001" lon="0.2436217"><ele>114.82</ele></trkpt>
<trkpt lat="49.6605083" lon="0.2436717"><ele>115.04</ele></trkpt>
<trkpt lat="49.66049829999999" lon="0.2437267"><ele>114.94</ele></trkpt>
<trkpt lat="49.660495" lon="0.2437683"><ele>114.89</ele></trkpt>
<trkpt lat="49.6604933" lon="0.24381"><ele>114.95</ele></trkpt>
<trkpt lat="49.660485" lon="0.2438633"><ele>115.69</ele></trkpt>
<trkpt lat="49.6604783" lon="0.2439167"><ele>115.95</ele></trkpt>
<trkpt lat="49.6604717" lon="0.243965"><ele>115.72</ele></trkpt>
<trkpt lat="49.66046169999999" lon="0.2440167"><ele>115.29</ele></trkpt>
<trkpt lat="49.6604583" lon="0.2440583"><ele>114.78</ele></trkpt>
<trkpt lat="49.66045" lon="0.2441133"><ele>114.94</ele></trkpt>
<trkpt lat="49.66043830000001" lon="0.2441567"><ele>115.21</ele></trkpt>
<trkpt lat="49.66042670000001" lon="0.244195"><ele>115.76</ele></trkpt>
<trkpt lat="49.6604183" lon="0.244235"><ele>116.33</ele></trkpt>
<trkpt lat="49.660415" lon="0.2442767"><ele>116.88</ele></trkpt>
<trkpt lat="49.6604067" lon="0.2443167"><ele>117.2</ele></trkpt>
<trkpt lat="49.6603933" lon="0.24437"><ele>117.28</ele></trkpt>
<trkpt lat="49.6603867" lon="0.2444267"><ele>117.02</ele></trkpt>
<trkpt lat="49.6603833" lon="0.2444683"><ele>116.66</ele></trkpt>
<trkpt lat="49.66038" lon="0.2445117"><ele>116.18</ele></trkpt>
<trkpt lat="49.6603717" lon="0.2445717"><ele>115.82</ele></trkpt>
<trkpt lat="49.6603617" lon="0.24463"><ele>115.78</ele></trkpt>
<trkpt lat="49.6603567" lon="0.2446733"><ele>115.69</ele></trkpt>
<trkpt lat="49.66035000000001" lon="0.2447167"><ele>115.91</ele></trkpt>
<trkpt lat="49.6603383" lon="0.24477"><ele>116.43</ele></trkpt>
<trkpt lat="49.660335" lon="0.2448267"><ele>116.84</ele></trkpt>
<trkpt lat="49.6603317" lon="0.2448683"><ele>116.88</ele></trkpt>
<trkpt lat="49.6603267" lon="0.2449117"><ele>116.72</ele></trkpt>
<trkpt lat="49.6603217" lon="0.2449667"><ele>116.82</ele></trkpt>
<trkpt lat="49.6603167" lon="0.245025"><ele>117.26</ele></trkpt>
<trkpt lat="49.6603117" lon="0.2450783"><ele>117.12</ele></trkpt>
<trkpt lat="49.6603067" lon="0.245135"><ele>116.99</ele></trkpt>
<trkpt lat="49.6603033" lon="0.2451933"><ele>116.96</ele></trkpt>
<trkpt lat="49.660295" lon="0.2452517"><ele>117.25</ele></trkpt>
<trkpt lat="49.6602867" lon="0.24531"><ele>117.55</ele></trkpt>
<trkpt lat="49.6602817" lon="0.2453633"><ele>117.51</ele></trkpt>
<trkpt lat="49.66027" lon="0.2454133"><ele>117.55</ele></trkpt>
<trkpt lat="49.6602583" lon="0.2454683"><ele>117.35</ele></trkpt>
<trkpt lat="49.660255" lon="0.2455267"><ele>117.15</ele></trkpt>
<trkpt lat="49.66024830000001" lon="0.24558"><ele>116.87</ele></trkpt>
<trkpt lat="49.66024000000001" lon="0.245635"><ele>116.88</ele></trkpt>
<trkpt lat="49.660235" lon="0.2456867"><ele>117.35</ele></trkpt>
<trkpt lat="49.6602283" lon="0.245745"><ele>117.77</ele></trkpt>
<trkpt lat="49.660225" lon="0.245805"><ele>117.94</ele></trkpt>
<trkpt lat="49.6602183" lon="0.245865"><ele>117.98</ele></trkpt>
<trkpt lat="49.6602083" lon="0.2459217"><ele>118.17</ele></trkpt>
<trkpt lat="49.6602" lon="0.2459833"><ele>118.58</ele></trkpt>
<trkpt lat="49.660195" lon="0.246025"><ele>119</ele></trkpt>
<trkpt lat="49.6601917" lon="0.2460667"><ele>119.31</ele></trkpt>
<trkpt lat="49.66018830000001" lon="0.2461083"><ele>119.38</ele></trkpt>
<trkpt lat="49.6601817" lon="0.24615"><ele>119.24</ele></trkpt>
<trkpt lat="49.66017670000001" lon="0.2462067"><ele>118.67</ele></trkpt>
<trkpt lat="49.6601733" lon="0.24626"><ele>118.55</ele></trkpt>
<trkpt lat="49.6601683" lon="0.2463167"><ele>118.94</ele></trkpt>
<trkpt lat="49.66016330000001" lon="0.2463583"><ele>119.21</ele></trkpt>
<trkpt lat="49.66015500000001" lon="0.246415"><ele>119.57</ele></trkpt>
<trkpt lat="49.6601467" lon="0.24647"><ele>119.61</ele></trkpt>
<trkpt lat="49.66013829999999" lon="0.2465267"><ele>119.77</ele></trkpt>
<trkpt lat="49.66013" lon="0.2465867"><ele>119.69</ele></trkpt>
<trkpt lat="49.66012" lon="0.2466383"><ele>119.87</ele></trkpt>
<trkpt lat="49.66011" lon="0.246695"><ele>119.77</ele></trkpt>
<trkpt lat="49.6600983" lon="0.246755"><ele>119.81</ele></trkpt>
<trkpt lat="49.660085" lon="0.2468117"><ele>120.02</ele></trkpt>
<trkpt lat="49.66007" lon="0.2468683"><ele>120.53</ele></trkpt>
<trkpt lat="49.660055" lon="0.246915"><ele>120.51</ele></trkpt>
<trkpt lat="49.6600383" lon="0.2469717"><ele>120.9</ele></trkpt>
<trkpt lat="49.6600217" lon="0.247025"><ele>121.01</ele></trkpt>
<trkpt lat="49.660005" lon="0.2470783"><ele>120.54</ele></trkpt>
<trkpt lat="49.6599883" lon="0.2471333"><ele>120.07</ele></trkpt>
<trkpt lat="49.6599717" lon="0.2471867"><ele>119.64</ele></trkpt>
<trkpt lat="49.659955" lon="0.2472333"><ele>119.17</ele></trkpt>
<trkpt lat="49.65993999999999" lon="0.2472817"><ele>118.8</ele></trkpt>
<trkpt lat="49.659925" lon="0.24733"><ele>118.95</ele></trkpt>
<trkpt lat="49.6599083" lon="0.247375"><ele>119.01</ele></trkpt>
<trkpt lat="49.6598917" lon="0.247425"><ele>118.99</ele></trkpt>
<trkpt lat="49.6598783" lon="0.2474617"><ele>118.99</ele></trkpt>
<trkpt lat="49.6598667" lon="0.2475"><ele>119.22</ele></trkpt>
<trkpt lat="49.65985" lon="0.2475533"><ele>119.67</ele></trkpt>
<trkpt lat="49.65983829999999" lon="0.2475983"><ele>119.69</ele></trkpt>
<trkpt lat="49.659825" lon="0.247645"><ele>119.57</ele></trkpt>
<trkpt lat="49.6598133" lon="0.2476917"><ele>119.7</ele></trkpt>
<trkpt lat="49.6597967" lon="0.2477367"><ele>119.59</ele></trkpt>
<trkpt lat="49.6597817" lon="0.2477833"><ele>119.43</ele></trkpt>
<trkpt lat="49.65976999999999" lon="0.2478333"><ele>119.2</ele></trkpt>
<trkpt lat="49.6597567" lon="0.2478717"><ele>119.02</ele></trkpt>
<trkpt lat="49.6597333" lon="0.24791"><ele>118.98</ele></trkpt>
<trkpt lat="49.6597233" lon="0.2479583"><ele>118.12</ele></trkpt>
<trkpt lat="49.6597117" lon="0.2480033"><ele>117.54</ele></trkpt>
<trkpt lat="49.6597" lon="0.248055"><ele>117.03</ele></trkpt>
<trkpt lat="49.6596917" lon="0.2481"><ele>116.64</ele></trkpt>
<trkpt lat="49.65968" lon="0.2481467"><ele>116.56</ele></trkpt>
<trkpt lat="49.6596717" lon="0.24819"><ele>116.78</ele></trkpt>
<trkpt lat="49.65968999999999" lon="0.2482267"><ele>115.99</ele></trkpt>
<trkpt lat="49.65966829999999" lon="0.2482717"><ele>114.85</ele></trkpt>
<trkpt lat="49.6596583" lon="0.2483167"><ele>114.61</ele></trkpt>
<trkpt lat="49.6596483" lon="0.24836"><ele>114.68</ele></trkpt>
<trkpt lat="49.659635" lon="0.2484117"><ele>114.92</ele></trkpt>
<trkpt lat="49.6596233" lon="0.24845"><ele>115.05</ele></trkpt>
<trkpt lat="49.6596067" lon="0.2485017"><ele>115.09</ele></trkpt>
<trkpt lat="49.6595933" lon="0.2485567"><ele>115.35</ele></trkpt>
<trkpt lat="49.6595867" lon="0.2485983"><ele>115.61</ele></trkpt>
<trkpt lat="49.6595733" lon="0.24865"><ele>116.06</ele></trkpt>
<trkpt lat="49.6595617" lon="0.2487033"><ele>116.35</ele></trkpt>
<trkpt lat="49.6595467" lon="0.24875"><ele>116.55</ele></trkpt>
<trkpt lat="49.6595367" lon="0.2487967"><ele>116.75</ele></trkpt>
<trkpt lat="49.6595267" lon="0.24885"><ele>117.23</ele></trkpt>
<trkpt lat="49.659515" lon="0.2489"><ele>117.54</ele></trkpt>
<trkpt lat="49.6595067" lon="0.24895"><ele>117.91</ele></trkpt>
<trkpt lat="49.65949499999999" lon="0.2490083"><ele>118.34</ele></trkpt>
<trkpt lat="49.6594833" lon="0.249065"><ele>118.53</ele></trkpt>
<trkpt lat="49.659475" lon="0.2491217"><ele>119.03</ele></trkpt>
<trkpt lat="49.6594633" lon="0.2491767"><ele>119.37</ele></trkpt>
<trkpt lat="49.659455" lon="0.2492283"><ele>119.48</ele></trkpt>
<trkpt lat="49.659445" lon="0.2492817"><ele>119.35</ele></trkpt>
<trkpt lat="49.65943499999999" lon="0.2493383"><ele>119.21</ele></trkpt>
<trkpt lat="49.6594267" lon="0.2493933"><ele>119.19</ele></trkpt>
<trkpt lat="49.6594167" lon="0.2494433"><ele>119.33</ele></trkpt>
<trkpt lat="49.65940669999999" lon="0.2494933"><ele>119.67</ele></trkpt>
<trkpt lat="49.65939670000001" lon="0.249545"><ele>119.52</ele></trkpt>
<trkpt lat="49.6593883" lon="0.2496017"><ele>119.58</ele></trkpt>
<trkpt lat="49.6593767" lon="0.2496583"><ele>119.59</ele></trkpt>
<trkpt lat="49.6593683" lon="0.2497133"><ele>119.3</ele></trkpt>
<trkpt lat="49.65935829999999" lon="0.24977"><ele>119.2</ele></trkpt>
<trkpt lat="49.65934669999999" lon="0.24981"><ele>119.28</ele></trkpt>
<trkpt lat="49.6593367" lon="0.2498633"><ele>119.29</ele></trkpt>
<trkpt lat="49.65932999999999" lon="0.2499183"><ele>119.13</ele></trkpt>
<trkpt lat="49.6593233" lon="0.2499733"><ele>119.18</ele></trkpt>
<trkpt lat="49.6593167" lon="0.2500317"><ele>119.19</ele></trkpt>
<trkpt lat="49.6593133" lon="0.25009"><ele>119.1</ele></trkpt>
<trkpt lat="49.6593067" lon="0.2501467"><ele>119.09</ele></trkpt>
<trkpt lat="49.65929830000001" lon="0.2502017"><ele>119.08</ele></trkpt>
<trkpt lat="49.65929" lon="0.2502567"><ele>119.37</ele></trkpt>
<trkpt lat="49.6592833" lon="0.2503133"><ele>118.88</ele></trkpt>
<trkpt lat="49.6592817" lon="0.250375"><ele>118.46</ele></trkpt>
<trkpt lat="49.6592767" lon="0.2504317"><ele>118.29</ele></trkpt>
<trkpt lat="49.65927000000001" lon="0.2504917"><ele>118.2</ele></trkpt>
<trkpt lat="49.659265" lon="0.25055"><ele>118.36</ele></trkpt>
<trkpt lat="49.65926" lon="0.2506067"><ele>118.93</ele></trkpt>
<trkpt lat="49.659255" lon="0.250665"><ele>119.08</ele></trkpt>
<trkpt lat="49.65924829999999" lon="0.2507217"><ele>118.83</ele></trkpt>
<trkpt lat="49.6592417" lon="0.25078"><ele>118.18</ele></trkpt>
<trkpt lat="49.65923669999999" lon="0.2508367"><ele>117.48</ele></trkpt>
<trkpt lat="49.6592283" lon="0.2508933"><ele>116.87</ele></trkpt>
<trkpt lat="49.65921999999999" lon="0.25095"><ele>116.62</ele></trkpt>
<trkpt lat="49.6592117" lon="0.2510083"><ele>116.69</ele></trkpt>
<trkpt lat="49.659205" lon="0.25105"><ele>116.67</ele></trkpt>
<trkpt lat="49.6591967" lon="0.2511067"><ele>116.36</ele></trkpt>
<trkpt lat="49.6591883" lon="0.2511633"><ele>115.8</ele></trkpt>
<trkpt lat="49.6591817" lon="0.251205"><ele>115.22</ele></trkpt>
<trkpt lat="49.65917" lon="0.251265"><ele>114.17</ele></trkpt>
<trkpt lat="49.65915669999999" lon="0.2513183"><ele>113.55</ele></trkpt>
<trkpt lat="49.65914" lon="0.2513683"><ele>113.14</ele></trkpt>
<trkpt lat="49.6591267" lon="0.2514217"><ele>112.83</ele></trkpt>
<trkpt lat="49.65910830000001" lon="0.2514767"><ele>112.78</ele></trkpt>
<trkpt lat="49.65910000000001" lon="0.25153"><ele>112.86</ele></trkpt>
<trkpt lat="49.6590917" lon="0.2515733"><ele>112.89</ele></trkpt>
<trkpt lat="49.65908" lon="0.2516317"><ele>112.54</ele></trkpt>
<trkpt lat="49.65907169999999" lon="0.251685"><ele>112.37</ele></trkpt>
<trkpt lat="49.65906" lon="0.2517433"><ele>112.42</ele></trkpt>
<trkpt lat="49.65904830000001" lon="0.2518"><ele>112.39</ele></trkpt>
<trkpt lat="49.6590433" lon="0.251855"><ele>112.48</ele></trkpt>
<trkpt lat="49.65903670000001" lon="0.2519117"><ele>112.14</ele></trkpt>
<trkpt lat="49.6590283" lon="0.2519683"><ele>112.18</ele></trkpt>
<trkpt lat="49.65902000000001" lon="0.2520267"><ele>112.61</ele></trkpt>
<trkpt lat="49.659015" lon="0.2520867"><ele>113.13</ele></trkpt>
<trkpt lat="49.65901" lon="0.2521417"><ele>113.1</ele></trkpt>
<trkpt lat="49.6590033" lon="0.2521983"><ele>113.18</ele></trkpt>
<trkpt lat="49.659" lon="0.252255"><ele>113.52</ele></trkpt>
<trkpt lat="49.6589967" lon="0.25231"><ele>113.76</ele></trkpt>
<trkpt lat="49.6589933" lon="0.2523683"><ele>114.12</ele></trkpt>
<trkpt lat="49.65898669999999" lon="0.2524267"><ele>114.36</ele></trkpt>
<trkpt lat="49.6589833" lon="0.2524817"><ele>114.64</ele></trkpt>
<trkpt lat="49.6589767" lon="0.252535"><ele>114.95</ele></trkpt>
<trkpt lat="49.658975" lon="0.2525883"><ele>115.18</ele></trkpt>
<trkpt lat="49.6589783" lon="0.2526433"><ele>115.68</ele></trkpt>
<trkpt lat="49.658975" lon="0.2527"><ele>115.83</ele></trkpt>
<trkpt lat="49.658975" lon="0.25276"><ele>116.15</ele></trkpt>
<trkpt lat="49.65896999999999" lon="0.2528167"><ele>116.45</ele></trkpt>
<trkpt lat="49.6589683" lon="0.252875"><ele>117</ele></trkpt>
<trkpt lat="49.6589667" lon="0.2529333"><ele>117.7</ele></trkpt>
<trkpt lat="49.65896499999999" lon="0.25299"><ele>118.12</ele></trkpt>
<trkpt lat="49.65896169999999" lon="0.2530483"><ele>118.28</ele></trkpt>
<trkpt lat="49.6589567" lon="0.2531033"><ele>118.46</ele></trkpt>
<trkpt lat="49.658955" lon="0.25316"><ele>118.82</ele></trkpt>
<trkpt lat="49.65895" lon="0.2532183"><ele>119.15</ele></trkpt>
<trkpt lat="49.6589483" lon="0.253275"><ele>119.54</ele></trkpt>
<trkpt lat="49.6589417" lon="0.2533317"><ele>119.94</ele></trkpt>
<trkpt lat="49.65893830000001" lon="0.2533883"><ele>120.14</ele></trkpt>
<trkpt lat="49.6589317" lon="0.2534433"><ele>120.35</ele></trkpt>
<trkpt lat="49.658925" lon="0.2535017"><ele>120.58</ele></trkpt>
<trkpt lat="49.6589217" lon="0.25356"><ele>120.83</ele></trkpt>
<trkpt lat="49.6589183" lon="0.2536183"><ele>121.47</ele></trkpt>
<trkpt lat="49.65891329999999" lon="0.253675"><ele>122.1</ele></trkpt>
<trkpt lat="49.6589083" lon="0.2537283"><ele>122.35</ele></trkpt>
<trkpt lat="49.6589033" lon="0.2537867"><ele>122.56</ele></trkpt>
<trkpt lat="49.6589" lon="0.2538467"><ele>122.82</ele></trkpt>
<trkpt lat="49.6588967" lon="0.253905"><ele>123.15</ele></trkpt>
<trkpt lat="49.6588933" lon="0.2539617"><ele>123.54</ele></trkpt>
<trkpt lat="49.65888829999999" lon="0.25402"><ele>123.91</ele></trkpt>
<trkpt lat="49.6588833" lon="0.2540783"><ele>124.53</ele></trkpt>
<trkpt lat="49.65888" lon="0.2541333"><ele>124.66</ele></trkpt>
<trkpt lat="49.65887669999999" lon="0.2541867"><ele>124.69</ele></trkpt>
<trkpt lat="49.65887170000001" lon="0.25424"><ele>124.72</ele></trkpt>
<trkpt lat="49.6588683" lon="0.2542933"><ele>124.69</ele></trkpt>
<trkpt lat="49.6588683" lon="0.2543533"><ele>124.79</ele></trkpt>
<trkpt lat="49.658865" lon="0.2544083"><ele>124.98</ele></trkpt>
<trkpt lat="49.65885830000001" lon="0.25447"><ele>125.32</ele></trkpt>
<trkpt lat="49.6588533" lon="0.2545267"><ele>125.72</ele></trkpt>
<trkpt lat="49.65885000000001" lon="0.254585"><ele>126.31</ele></trkpt>
<trkpt lat="49.658845" lon="0.2546417"><ele>126.51</ele></trkpt>
<trkpt lat="49.6588433" lon="0.2546983"><ele>126.33</ele></trkpt>
<trkpt lat="49.65884" lon="0.25474"><ele>126.04</ele></trkpt>
<trkpt lat="49.6588333" lon="0.2547967"><ele>126.2</ele></trkpt>
<trkpt lat="49.6588283" lon="0.254855"><ele>126.16</ele></trkpt>
<trkpt lat="49.6588217" lon="0.2549167"><ele>126.12</ele></trkpt>
<trkpt lat="49.6588167" lon="0.25496"><ele>125.95</ele></trkpt>
<trkpt lat="49.6588067" lon="0.255"><ele>125.88</ele></trkpt>
<trkpt lat="49.65879169999999" lon="0.255035"><ele>126.05</ele></trkpt>
<trkpt lat="49.6587683" lon="0.2550867"><ele>126.58</ele></trkpt>
<trkpt lat="49.6587467" lon="0.2551167"><ele>127.37</ele></trkpt>
<trkpt lat="49.65871169999999" lon="0.2551333"><ele>128.63</ele></trkpt>
<trkpt lat="49.65868" lon="0.2551433"><ele>129.03</ele></trkpt>
<trkpt lat="49.6586533" lon="0.25515"><ele>129.34</ele></trkpt>
<trkpt lat="49.65861670000001" lon="0.2551533"><ele>129.39</ele></trkpt>
<trkpt lat="49.65857830000001" lon="0.2551467"><ele>129.49</ele></trkpt>
<trkpt lat="49.65854" lon="0.2551383"><ele>129.25</ele></trkpt>
<trkpt lat="49.6585017" lon="0.255135"><ele>129.01</ele></trkpt>
<trkpt lat="49.65846499999999" lon="0.2551267"><ele>129.08</ele></trkpt>
<trkpt lat="49.6584283" lon="0.2551183"><ele>129.03</ele></trkpt>
<trkpt lat="49.6583917" lon="0.25511"><ele>128.83</ele></trkpt>
<trkpt lat="49.65835499999999" lon="0.255105"><ele>128.63</ele></trkpt>
<trkpt lat="49.6583183" lon="0.2550983"><ele>128.36</ele></trkpt>
<trkpt lat="49.65827829999999" lon="0.2550933"><ele>127.94</ele></trkpt>
<trkpt lat="49.6582383" lon="0.2550933"><ele>127.82</ele></trkpt>
<trkpt lat="49.6582" lon="0.25509"><ele>127.82</ele></trkpt>
<trkpt lat="49.6581617" lon="0.2550867"><ele>127.86</ele></trkpt>
<trkpt lat="49.6581333" lon="0.2550833"><ele>127.89</ele></trkpt>
<trkpt lat="49.65810499999999" lon="0.2550783"><ele>128.07</ele></trkpt>
<trkpt lat="49.658065" lon="0.2550733"><ele>128.09</ele></trkpt>
<trkpt lat="49.658025" lon="0.25507"><ele>128.18</ele></trkpt>
<trkpt lat="49.657985" lon="0.255065"><ele>128.17</ele></trkpt>
<trkpt lat="49.65795" lon="0.2550617"><ele>128.6</ele></trkpt>
<trkpt lat="49.6579133" lon="0.255055"><ele>129.03</ele></trkpt>
<trkpt lat="49.657875" lon="0.2550517"><ele>129.44</ele></trkpt>
<trkpt lat="49.6578367" lon="0.2550533"><ele>129.98</ele></trkpt>
<trkpt lat="49.65781" lon="0.25506"><ele>130.33</ele></trkpt>
<trkpt lat="49.65778" lon="0.2550717"><ele>130.78</ele></trkpt>
<trkpt lat="49.6577467" lon="0.2551033"><ele>131.15</ele></trkpt>
<trkpt lat="49.65772" lon="0.25514"><ele>130.96</ele></trkpt>
<trkpt lat="49.6577017" lon="0.2551833"><ele>130.36</ele></trkpt>
<trkpt lat="49.657695" lon="0.255235"><ele>129.91</ele></trkpt>
<trkpt lat="49.6576883" lon="0.25529"><ele>129.38</ele></trkpt>
<trkpt lat="49.6576817" lon="0.2553433"><ele>128.95</ele></trkpt>
<trkpt lat="49.6576817" lon="0.2553983"><ele>128.45</ele></trkpt>
<trkpt lat="49.65768" lon="0.25545"><ele>128.21</ele></trkpt>
<trkpt lat="49.65768499999999" lon="0.2555017"><ele>128.29</ele></trkpt>
<trkpt lat="49.65768499999999" lon="0.2555533"><ele>128.31</ele></trkpt>
<trkpt lat="49.6576817" lon="0.2555967"><ele>128.44</ele></trkpt>
<trkpt lat="49.6576767" lon="0.25564"><ele>128.72</ele></trkpt>
<trkpt lat="49.6576733" lon="0.2556817"><ele>128.88</ele></trkpt>
<trkpt lat="49.65766829999999" lon="0.255725"><ele>128.82</ele></trkpt>
<trkpt lat="49.657665" lon="0.255785"><ele>128.7</ele></trkpt>
<trkpt lat="49.6576617" lon="0.255845"><ele>128.86</ele></trkpt>
<trkpt lat="49.65765830000001" lon="0.2559017"><ele>128.89</ele></trkpt>
<trkpt lat="49.657655" lon="0.25596"><ele>128.97</ele></trkpt>
<trkpt lat="49.6576517" lon="0.2560183"><ele>129.15</ele></trkpt>
<trkpt lat="49.6576467" lon="0.2560767"><ele>129.2</ele></trkpt>
<trkpt lat="49.65764329999999" lon="0.256135"><ele>129.42</ele></trkpt>
<trkpt lat="49.6576417" lon="0.256195"><ele>129.51</ele></trkpt>
<trkpt lat="49.6576383" lon="0.2562533"><ele>129.52</ele></trkpt>
<trkpt lat="49.6576383" lon="0.25631"><ele>129.75</ele></trkpt>
<trkpt lat="49.6576367" lon="0.256365"><ele>129.31</ele></trkpt>
<trkpt lat="49.6576417" lon="0.2564067"><ele>129.29</ele></trkpt>
<trkpt lat="49.6576367" lon="0.2564667"><ele>129.55</ele></trkpt>
<trkpt lat="49.65763" lon="0.2565117"><ele>129.57</ele></trkpt>
<trkpt lat="49.65762" lon="0.2565533"><ele>129.75</ele></trkpt>
<trkpt lat="49.6576117" lon="0.2565967"><ele>129.79</ele></trkpt>
<trkpt lat="49.6576033" lon="0.2566383"><ele>129.74</ele></trkpt>
<trkpt lat="49.6576017" lon="0.2566883"><ele>129.72</ele></trkpt>
<trkpt lat="49.6576" lon="0.25673"><ele>129.86</ele></trkpt>
<trkpt lat="49.657595" lon="0.25679"><ele>129.99</ele></trkpt>
<trkpt lat="49.65759" lon="0.25685"><ele>129.99</ele></trkpt>
<trkpt lat="49.6575883" lon="0.2568917"><ele>130.16</ele></trkpt>
<trkpt lat="49.6575867" lon="0.25695"><ele>130.4</ele></trkpt>
<trkpt lat="49.6575817" lon="0.257005"><ele>130.21</ele></trkpt>
<trkpt lat="49.6575767" lon="0.25706"><ele>130.19</ele></trkpt>
<trkpt lat="49.6575767" lon="0.257115"><ele>130.03</ele></trkpt>
<trkpt lat="49.65757330000001" lon="0.2571733"><ele>130</ele></trkpt>
<trkpt lat="49.65757" lon="0.2572317"><ele>129.92</ele></trkpt>
<trkpt lat="49.657565" lon="0.25729"><ele>129.64</ele></trkpt>
<trkpt lat="49.6575617" lon="0.2573517"><ele>129.43</ele></trkpt>
<trkpt lat="49.65755829999999" lon="0.25741"><ele>129.23</ele></trkpt>
<trkpt lat="49.657555" lon="0.257465"><ele>129.1</ele></trkpt>
<trkpt lat="49.65755" lon="0.25752"><ele>129</ele></trkpt>
<trkpt lat="49.65754830000001" lon="0.2575617"><ele>128.97</ele></trkpt>
<trkpt lat="49.65754669999999" lon="0.257605"><ele>128.92</ele></trkpt>
<trkpt lat="49.6575433" lon="0.2576517"><ele>128.9</ele></trkpt>
<trkpt lat="49.6575417" lon="0.2576967"><ele>128.8</ele></trkpt>
<trkpt lat="49.6575433" lon="0.2577383"><ele>128.8</ele></trkpt>
<trkpt lat="49.6575417" lon="0.2577967"><ele>128.96</ele></trkpt>
<trkpt lat="49.6575417" lon="0.257855"><ele>129.25</ele></trkpt>
<trkpt lat="49.6575417" lon="0.257915"><ele>129.36</ele></trkpt>
<trkpt lat="49.6575417" lon="0.2579767"><ele>129.58</ele></trkpt>
<trkpt lat="49.65754" lon="0.2580183"><ele>129.66</ele></trkpt>
<trkpt lat="49.6575383" lon="0.2580783"><ele>129.7</ele></trkpt>
<trkpt lat="49.65754" lon="0.25812"><ele>129.21</ele></trkpt>
<trkpt lat="49.6575433" lon="0.2581667"><ele>128.78</ele></trkpt>
<trkpt lat="49.65754830000001" lon="0.2582083"><ele>128.45</ele></trkpt>
<trkpt lat="49.657555" lon="0.258265"><ele>128.04</ele></trkpt>
<trkpt lat="49.6575683" lon="0.2583233"><ele>127.71</ele></trkpt>
<trkpt lat="49.6575767" lon="0.258365"><ele>127.47</ele></trkpt>
<trkpt lat="49.6575867" lon="0.2584167"><ele>127.31</ele></trkpt>
<trkpt lat="49.657595" lon="0.2584717"><ele>127.1</ele></trkpt>
<trkpt lat="49.6575983" lon="0.2585133"><ele>127.1</ele></trkpt>
<trkpt lat="49.6576033" lon="0.258555"><ele>126.86</ele></trkpt>
<trkpt lat="49.657605" lon="0.2585967"><ele>126.71</ele></trkpt>
<trkpt lat="49.6576133" lon="0.2586567"><ele>126.35</ele></trkpt>
<trkpt lat="49.6576183" lon="0.2587183"><ele>126.14</ele></trkpt>
<trkpt lat="49.6576233" lon="0.25876"><ele>125.87</ele></trkpt>
<trkpt lat="49.65763" lon="0.2588033"><ele>125.64</ele></trkpt>
<trkpt lat="49.6576367" lon="0.258845"><ele>125.51</ele></trkpt>
<trkpt lat="49.657645" lon="0.2588867"><ele>125.5</ele></trkpt>
<trkpt lat="49.6576533" lon="0.2589467"><ele>125.23</ele></trkpt>
<trkpt lat="49.65765999999999" lon="0.259005"><ele>124.59</ele></trkpt>
<trkpt lat="49.657665" lon="0.2590617"><ele>123.86</ele></trkpt>
<trkpt lat="49.6576733" lon="0.2591217"><ele>123.89</ele></trkpt>
<trkpt lat="49.65768" lon="0.25918"><ele>123.89</ele></trkpt>
<trkpt lat="49.6576883" lon="0.25924"><ele>123.54</ele></trkpt>
<trkpt lat="49.6576967" lon="0.2592967"><ele>123.4</ele></trkpt>
<trkpt lat="49.6577033" lon="0.259355"><ele>123.23</ele></trkpt>
<trkpt lat="49.6577117" lon="0.259415"><ele>123.2</ele></trkpt>
<trkpt lat="49.6577167" lon="0.259475"><ele>123.26</ele></trkpt>
<trkpt lat="49.65771830000001" lon="0.2595183"><ele>123.2</ele></trkpt>
<trkpt lat="49.6577217" lon="0.25956"><ele>123.17</ele></trkpt>
<trkpt lat="49.657725" lon="0.2596217"><ele>123.29</ele></trkpt>
<trkpt lat="49.6577283" lon="0.2596633"><ele>123.27</ele></trkpt>
<trkpt lat="49.6577333" lon="0.2597233"><ele>123.2</ele></trkpt>
<trkpt lat="49.6577383" lon="0.2597817"><ele>123.01</ele></trkpt>
<trkpt lat="49.6577383" lon="0.2598283"><ele>122.9</ele></trkpt>
<trkpt lat="49.65774" lon="0.2598733"><ele>122.83</ele></trkpt>
<trkpt lat="49.6577417" lon="0.25992"><ele>123.17</ele></trkpt>
<trkpt lat="49.65774330000001" lon="0.259965"><ele>123.77</ele></trkpt>
<trkpt lat="49.65774330000001" lon="0.2600133"><ele>124.3</ele></trkpt>
<trkpt lat="49.65774499999999" lon="0.26006"><ele>124.62</ele></trkpt>
<trkpt lat="49.65774829999999" lon="0.260105"><ele>124.94</ele></trkpt>
<trkpt lat="49.65775" lon="0.2601483"><ele>125.03</ele></trkpt>
<trkpt lat="49.6577517" lon="0.2601917"><ele>125.07</ele></trkpt>
<trkpt lat="49.6577567" lon="0.260235"><ele>125.02</ele></trkpt>
<trkpt lat="49.65776" lon="0.260295"><ele>125.09</ele></trkpt>
<trkpt lat="49.65776169999999" lon="0.260355"><ele>125.17</ele></trkpt>
<trkpt lat="49.65776" lon="0.260415"><ele>125.31</ele></trkpt>
<trkpt lat="49.6577583" lon="0.2604583"><ele>124.83</ele></trkpt>
<trkpt lat="49.65776169999999" lon="0.2605167"><ele>124.11</ele></trkpt>
<trkpt lat="49.657765" lon="0.2605767"><ele>123.31</ele></trkpt>
<trkpt lat="49.657765" lon="0.2606317"><ele>123.15</ele></trkpt>
<trkpt lat="49.6577633" lon="0.26069"><ele>123.21</ele></trkpt>
<trkpt lat="49.65776" lon="0.2607433"><ele>123.1</ele></trkpt>
<trkpt lat="49.657755" lon="0.2608"><ele>123.03</ele></trkpt>
<trkpt lat="49.6577467" lon="0.26084"><ele>122.91</ele></trkpt>
<trkpt lat="49.65774" lon="0.2609"><ele>123.04</ele></trkpt>
<trkpt lat="49.6577333" lon="0.260955"><ele>123</ele></trkpt>
<trkpt lat="49.6577267" lon="0.2610067"><ele>123.16</ele></trkpt>
<trkpt lat="49.65772" lon="0.2610517"><ele>123.29</ele></trkpt>
<trkpt lat="49.6577267" lon="0.2610983"><ele>120.66</ele></trkpt>
<trkpt lat="49.6577567" lon="0.2611333"><ele>120.57</ele></trkpt>
<trkpt lat="49.6577883" lon="0.2611433"><ele>120.85</ele></trkpt>
<trkpt lat="49.65782000000001" lon="0.261145"><ele>121.55</ele></trkpt>
<trkpt lat="49.65785829999999" lon="0.261135"><ele>122.66</ele></trkpt>
<trkpt lat="49.65789670000001" lon="0.26114"><ele>123.47</ele></trkpt>
<trkpt lat="49.65793499999999" lon="0.2611417"><ele>124.07</ele></trkpt>
<trkpt lat="49.657965" lon="0.2611483"><ele>124.02</ele></trkpt>
<trkpt lat="49.65799499999999" lon="0.2611517"><ele>123.84</ele></trkpt>
<trkpt lat="49.65803" lon="0.26116"><ele>123.64</ele></trkpt>
<trkpt lat="49.6580617" lon="0.2611767"><ele>123.21</ele></trkpt>
<trkpt lat="49.6580917" lon="0.261195"><ele>122.78</ele></trkpt>
<trkpt lat="49.6581183" lon="0.261215"><ele>122.54</ele></trkpt>
<trkpt lat="49.658145" lon="0.261235"><ele>122.27</ele></trkpt>
<trkpt lat="49.65818169999999" lon="0.2612583"><ele>122.24</ele></trkpt>
<trkpt lat="49.65821829999999" lon="0.261275"><ele>122.65</ele></trkpt>
<trkpt lat="49.6582533" lon="0.26129"><ele>122.97</ele></trkpt>
<trkpt lat="49.6582883" lon="0.2613033"><ele>122.57</ele></trkpt>
<trkpt lat="49.658325" lon="0.261315"><ele>122.4</ele></trkpt>
<trkpt lat="49.65836329999999" lon="0.2613283"><ele>122.14</ele></trkpt>
<trkpt lat="49.6583933" lon="0.26134"><ele>122.01</ele></trkpt>
<trkpt lat="49.65842" lon="0.26135"><ele>121.67</ele></trkpt>
<trkpt lat="49.6584583" lon="0.261365"><ele>120.76</ele></trkpt>
<trkpt lat="49.658485" lon="0.261375"><ele>120.1</ele></trkpt>
<trkpt lat="49.65851500000001" lon="0.2613867"><ele>119.84</ele></trkpt>
<trkpt lat="49.65854169999999" lon="0.2614"><ele>119.8</ele></trkpt>
<trkpt lat="49.6585767" lon="0.26141"><ele>119.54</ele></trkpt>
<trkpt lat="49.65861329999999" lon="0.26142"><ele>119.24</ele></trkpt>
<trkpt lat="49.6586533" lon="0.26143"><ele>119.1</ele></trkpt>
<trkpt lat="49.6586817" lon="0.2614367"><ele>119.02</ele></trkpt>
<trkpt lat="49.6587083" lon="0.2614433"><ele>118.86</ele></trkpt>
<trkpt lat="49.6587467" lon="0.26146"><ele>118.37</ele></trkpt>
<trkpt lat="49.65877330000001" lon="0.2614683"><ele>118.14</ele></trkpt>
<trkpt lat="49.65879999999999" lon="0.2614783"><ele>117.78</ele></trkpt>
<trkpt lat="49.6588267" lon="0.261485"><ele>117.54</ele></trkpt>
<trkpt lat="49.658855" lon="0.2614967"><ele>117.55</ele></trkpt>
<trkpt lat="49.6588933" lon="0.2615133"><ele>117.69</ele></trkpt>
<trkpt lat="49.6589317" lon="0.261525"><ele>117.98</ele></trkpt>
<trkpt lat="49.6589583" lon="0.2615333"><ele>117.83</ele></trkpt>
<trkpt lat="49.658985" lon="0.2615417"><ele>117.71</ele></trkpt>
<trkpt lat="49.65901170000001" lon="0.2615517"><ele>117.6</ele></trkpt>
<trkpt lat="49.65904" lon="0.26156"><ele>117.34</ele></trkpt>
<trkpt lat="49.6590683" lon="0.26157"><ele>117.14</ele></trkpt>
<trkpt lat="49.659095" lon="0.2615817"><ele>116.94</ele></trkpt>
<trkpt lat="49.65912170000001" lon="0.2615917"><ele>116.64</ele></trkpt>
<trkpt lat="49.65915" lon="0.2616017"><ele>116.44</ele></trkpt>
<trkpt lat="49.6591767" lon="0.26161"><ele>116.24</ele></trkpt>
<trkpt lat="49.65920670000001" lon="0.2616217"><ele>116.04</ele></trkpt>
<trkpt lat="49.65923669999999" lon="0.2616317"><ele>115.91</ele></trkpt>
<trkpt lat="49.6592633" lon="0.2616433"><ele>115.82</ele></trkpt>
<trkpt lat="49.65929" lon="0.2616567"><ele>115.73</ele></trkpt>
<trkpt lat="49.6593183" lon="0.2616667"><ele>115.63</ele></trkpt>
<trkpt lat="49.659345" lon="0.2616767"><ele>115.53</ele></trkpt>
<trkpt lat="49.659375" lon="0.2616867"><ele>115.43</ele></trkpt>
<trkpt lat="49.6594017" lon="0.2616933"><ele>115.4</ele></trkpt>
<trkpt lat="49.65943169999999" lon="0.261705"><ele>115.55</ele></trkpt>
<trkpt lat="49.6594583" lon="0.2617167"><ele>115.82</ele></trkpt>
<trkpt lat="49.6594967" lon="0.2617283"><ele>116.25</ele></trkpt>
<trkpt lat="49.6595233" lon="0.2617367"><ele>116.2</ele></trkpt>
<trkpt lat="49.6595517" lon="0.2617433"><ele>116.12</ele></trkpt>
<trkpt lat="49.65957830000001" lon="0.261755"><ele>116</ele></trkpt>
<trkpt lat="49.65960499999999" lon="0.261765"><ele>115.99</ele></trkpt>
<trkpt lat="49.6596433" lon="0.2617767"><ele>116.06</ele></trkpt>
<trkpt lat="49.6596717" lon="0.2617817"><ele>116</ele></trkpt>
<trkpt lat="49.6596983" lon="0.2617883"><ele>115.9</ele></trkpt>
<trkpt lat="49.659725" lon="0.2618"><ele>115.8</ele></trkpt>
<trkpt lat="49.65975329999999" lon="0.26181"><ele>115.95</ele></trkpt>
<trkpt lat="49.65978" lon="0.2618183"><ele>115.99</ele></trkpt>
<trkpt lat="49.6598067" lon="0.2618267"><ele>115.83</ele></trkpt>
<trkpt lat="49.6598333" lon="0.2618333"><ele>115.73</ele></trkpt>
<trkpt lat="49.6598717" lon="0.2618467"><ele>115.43</ele></trkpt>
<trkpt lat="49.6598983" lon="0.261855"><ele>115.07</ele></trkpt>
<trkpt lat="49.6599267" lon="0.26186"><ele>114.68</ele></trkpt>
<trkpt lat="49.6599567" lon="0.2618617"><ele>114.51</ele></trkpt>
<trkpt lat="49.65999830000001" lon="0.2618633"><ele>114.46</ele></trkpt>
<trkpt lat="49.66004" lon="0.2618617"><ele>114.65</ele></trkpt>
<trkpt lat="49.6600683" lon="0.26186"><ele>114.92</ele></trkpt>
<trkpt lat="49.6600967" lon="0.2618583"><ele>115.08</ele></trkpt>
<trkpt lat="49.6601367" lon="0.261855"><ele>115.11</ele></trkpt>
<trkpt lat="49.660165" lon="0.2618517"><ele>115</ele></trkpt>
<trkpt lat="49.660205" lon="0.2618433"><ele>114.64</ele></trkpt>
<trkpt lat="49.6602317" lon="0.2618367"><ele>114.34</ele></trkpt>
<trkpt lat="49.6602583" lon="0.2618283"><ele>114.13</ele></trkpt>
<trkpt lat="49.6602867" lon="0.26182"><ele>113.84</ele></trkpt>
<trkpt lat="49.6603133" lon="0.2618067"><ele>113.73</ele></trkpt>
<trkpt lat="49.66034" lon="0.261795"><ele>113.76</ele></trkpt>
<trkpt lat="49.6603683" lon="0.2617817"><ele>113.79</ele></trkpt>
<trkpt lat="49.6603967" lon="0.2617717"><ele>113.95</ele></trkpt>
<trkpt lat="49.6604333" lon="0.261755"><ele>114.35</ele></trkpt>
<trkpt lat="49.6604667" lon="0.2617333"><ele>114.3</ele></trkpt>
<trkpt lat="49.66049829999999" lon="0.261705"><ele>114.19</ele></trkpt>
<trkpt lat="49.66052330000001" lon="0.261685"><ele>114.19</ele></trkpt>
<trkpt lat="49.6605517" lon="0.26167"><ele>114.03</ele></trkpt>
<trkpt lat="49.6605867" lon="0.2616633"><ele>114.22</ele></trkpt>
<trkpt lat="49.6606167" lon="0.261685"><ele>114.27</ele></trkpt>
<trkpt lat="49.6606467" lon="0.2617"><ele>114.42</ele></trkpt>
<trkpt lat="49.660675" lon="0.261695"><ele>114.29</ele></trkpt>
<trkpt lat="49.6607033" lon="0.2616917"><ele>114.38</ele></trkpt>
<trkpt lat="49.6607433" lon="0.2616867"><ele>114.56</ele></trkpt>
<trkpt lat="49.6607833" lon="0.2616917"><ele>114.58</ele></trkpt>
<trkpt lat="49.66082169999999" lon="0.2616983"><ele>114.59</ele></trkpt>
<trkpt lat="49.66086" lon="0.2617033"><ele>114.76</ele></trkpt>
<trkpt lat="49.6608983" lon="0.2617083"><ele>114.81</ele></trkpt>
<trkpt lat="49.6609367" lon="0.2617183"><ele>114.63</ele></trkpt>
<trkpt lat="49.660975" lon="0.261725"><ele>114.5</ele></trkpt>
<trkpt lat="49.6610117" lon="0.2617367"><ele>114.14</ele></trkpt>
<trkpt lat="49.66105" lon="0.2617433"><ele>114.02</ele></trkpt>
<trkpt lat="49.66109" lon="0.2617467"><ele>113.96</ele></trkpt>
<trkpt lat="49.66113000000001" lon="0.26175"><ele>114.25</ele></trkpt>
<trkpt lat="49.6611583" lon="0.261755"><ele>114.29</ele></trkpt>
<trkpt lat="49.6611867" lon="0.2617583"><ele>114.45</ele></trkpt>
<trkpt lat="49.6612267" lon="0.261765"><ele>114.74</ele></trkpt>
<trkpt lat="49.661255" lon="0.2617717"><ele>114.88</ele></trkpt>
<trkpt lat="49.661285" lon="0.26178"><ele>114.98</ele></trkpt>
<trkpt lat="49.661315" lon="0.2617883"><ele>114.97</ele></trkpt>
<trkpt lat="49.6613433" lon="0.2617967"><ele>115.13</ele></trkpt>
<trkpt lat="49.6613717" lon="0.2618033"><ele>115.44</ele></trkpt>
<trkpt lat="49.6614" lon="0.2618083"><ele>115.65</ele></trkpt>
<trkpt lat="49.6614383" lon="0.261815"><ele>115.79</ele></trkpt>
<trkpt lat="49.6614733" lon="0.261825"><ele>116.31</ele></trkpt>
<trkpt lat="49.6615017" lon="0.26183"><ele>117.81</ele></trkpt>
<trkpt lat="49.66152829999999" lon="0.2618417"><ele>118.79</ele></trkpt>
<trkpt lat="49.66156" lon="0.2618533"><ele>119.24</ele></trkpt>
<trkpt lat="49.6615983" lon="0.26186"><ele>119.64</ele></trkpt>
<trkpt lat="49.6616367" lon="0.2618633"><ele>119.88</ele></trkpt>
<trkpt lat="49.66167329999999" lon="0.26187"><ele>119.73</ele></trkpt>
<trkpt lat="49.66171169999999" lon="0.2618783"><ele>119.43</ele></trkpt>
<trkpt lat="49.66174830000001" lon="0.2618867"><ele>118.96</ele></trkpt>
<trkpt lat="49.661785" lon="0.261895"><ele>118.73</ele></trkpt>
<trkpt lat="49.6618117" lon="0.2618883"><ele>118.53</ele></trkpt>
<trkpt lat="49.6618417" lon="0.261885"><ele>118.23</ele></trkpt>
<trkpt lat="49.6618783" lon="0.26189"><ele>118.28</ele></trkpt>
<trkpt lat="49.6619167" lon="0.2619"><ele>118.21</ele></trkpt>
<trkpt lat="49.661945" lon="0.2619117"><ele>118.19</ele></trkpt>
<trkpt lat="49.6619717" lon="0.2619233"><ele>118.19</ele></trkpt>
<trkpt lat="49.66201170000001" lon="0.26193"><ele>118.42</ele></trkpt>
<trkpt lat="49.66204830000001" lon="0.2619333"><ele>118.81</ele></trkpt>
<trkpt lat="49.6620883" lon="0.2619383"><ele>119.49</ele></trkpt>
<trkpt lat="49.6621233" lon="0.26194"><ele>120.45</ele></trkpt>
<trkpt lat="49.6621617" lon="0.2619383"><ele>120.91</ele></trkpt>
<trkpt lat="49.66219" lon="0.2619433"><ele>121.21</ele></trkpt>
<trkpt lat="49.6622317" lon="0.261945"><ele>121.71</ele></trkpt>
<trkpt lat="49.66226" lon="0.261945"><ele>122.03</ele></trkpt>
<trkpt lat="49.66229999999999" lon="0.2619533"><ele>122.25</ele></trkpt>
<trkpt lat="49.6623383" lon="0.2619583"><ele>122.03</ele></trkpt>
<trkpt lat="49.6623767" lon="0.261965"><ele>121.7</ele></trkpt>
<trkpt lat="49.6624117" lon="0.26197"><ele>121.69</ele></trkpt>
<trkpt lat="49.6624483" lon="0.2619633"><ele>121.69</ele></trkpt>
<trkpt lat="49.6624833" lon="0.2619533"><ele>121.66</ele></trkpt>
<trkpt lat="49.6625117" lon="0.261955"><ele>121.32</ele></trkpt>
<trkpt lat="49.6625383" lon="0.261965"><ele>121.03</ele></trkpt>
<trkpt lat="49.6625667" lon="0.261975"><ele>120.88</ele></trkpt>
<trkpt lat="49.66259669999999" lon="0.26198"><ele>120.88</ele></trkpt>
<trkpt lat="49.6626233" lon="0.2619867"><ele>120.92</ele></trkpt>
<trkpt lat="49.66265" lon="0.2619933"><ele>120.98</ele></trkpt>
<trkpt lat="49.662685" lon="0.2619967"><ele>120.82</ele></trkpt>
<trkpt lat="49.6627117" lon="0.2620083"><ele>120.49</ele></trkpt>
<trkpt lat="49.66273170000001" lon="0.26204"><ele>120.23</ele></trkpt>
<trkpt lat="49.6627583" lon="0.26205"><ele>119.93</ele></trkpt>
<trkpt lat="49.6627867" lon="0.262055"><ele>119.89</ele></trkpt>
<trkpt lat="49.6628183" lon="0.26206"><ele>120.3</ele></trkpt>
<trkpt lat="49.6628483" lon="0.2620633"><ele>120.36</ele></trkpt>
<trkpt lat="49.66288000000001" lon="0.2620583"><ele>120.8</ele></trkpt>
<trkpt lat="49.6629117" lon="0.2620567"><ele>121.06</ele></trkpt>
<trkpt lat="49.6629417" lon="0.26206"><ele>121.18</ele></trkpt>
<trkpt lat="49.6629833" lon="0.26206"><ele>121.09</ele></trkpt>
<trkpt lat="49.6630233" lon="0.2620633"><ele>121.35</ele></trkpt>
<trkpt lat="49.6630517" lon="0.2620667"><ele>121.38</ele></trkpt>
<trkpt lat="49.66309" lon="0.2620733"><ele>121.17</ele></trkpt>
<trkpt lat="49.6631283" lon="0.2620817"><ele>121.37</ele></trkpt>
<trkpt lat="49.6631683" lon="0.2620883"><ele>121.38</ele></trkpt>
<trkpt lat="49.6632" lon="0.2621"><ele>121.2</ele></trkpt>
<trkpt lat="49.66323670000001" lon="0.26211"><ele>121.07</ele></trkpt>
<trkpt lat="49.66327499999999" lon="0.262115"><ele>121.16</ele></trkpt>
<trkpt lat="49.6633133" lon="0.2621233"><ele>120.95</ele></trkpt>
<trkpt lat="49.6633533" lon="0.262135"><ele>120.77</ele></trkpt>
<trkpt lat="49.66338" lon="0.2621417"><ele>120.88</ele></trkpt>
<trkpt lat="49.6634083" lon="0.2621483"><ele>120.86</ele></trkpt>
<trkpt lat="49.66343669999999" lon="0.262155"><ele>120.95</ele></trkpt>
<trkpt lat="49.6634633" lon="0.2621633"><ele>121.07</ele></trkpt>
<trkpt lat="49.6634917" lon="0.26217"><ele>121.15</ele></trkpt>
<trkpt lat="49.6635283" lon="0.2621817"><ele>121.02</ele></trkpt>
<trkpt lat="49.663565" lon="0.2621883"><ele>120.92</ele></trkpt>
<trkpt lat="49.663605" lon="0.2621967"><ele>120.82</ele></trkpt>
<trkpt lat="49.6636333" lon="0.2622033"><ele>120.72</ele></trkpt>
<trkpt lat="49.6636717" lon="0.2622117"><ele>120.52</ele></trkpt>
<trkpt lat="49.6637083" lon="0.262215"><ele>120.33</ele></trkpt>
<trkpt lat="49.66375" lon="0.2622233"><ele>120.45</ele></trkpt>
<trkpt lat="49.6637917" lon="0.2622317"><ele>120.69</ele></trkpt>
<trkpt lat="49.66382" lon="0.2622383"><ele>121.1</ele></trkpt>
<trkpt lat="49.6638567" lon="0.2622217"><ele>121.37</ele></trkpt>
<trkpt lat="49.6638867" lon="0.2622017"><ele>121.57</ele></trkpt>
<trkpt lat="49.6639167" lon="0.2621967"><ele>121.68</ele></trkpt>
<trkpt lat="49.66394" lon="0.2622367"><ele>121.07</ele></trkpt>
<trkpt lat="49.6639533" lon="0.262275"><ele>120.89</ele></trkpt>
<trkpt lat="49.6639767" lon="0.262315"><ele>121.52</ele></trkpt>
<trkpt lat="49.6640017" lon="0.26234"><ele>121.77</ele></trkpt>
<trkpt lat="49.6640217" lon="0.2623683"><ele>120.81</ele></trkpt>
<trkpt lat="49.66404170000001" lon="0.2624017"><ele>120.88</ele></trkpt>
<trkpt lat="49.6640733" lon="0.2624467"><ele>122.52</ele></trkpt>
<trkpt lat="49.6641033" lon="0.2624767"><ele>123.16</ele></trkpt>
<trkpt lat="49.6641283" lon="0.26251"><ele>123.18</ele></trkpt>
<trkpt lat="49.6641517" lon="0.2625417"><ele>123.51</ele></trkpt>
<trkpt lat="49.6641667" lon="0.2625917"><ele>123.49</ele></trkpt>
<trkpt lat="49.6641733" lon="0.2626367"><ele>123.04</ele></trkpt>
<trkpt lat="49.6641917" lon="0.2626683"><ele>122.74</ele></trkpt>
<trkpt lat="49.6642117" lon="0.2626983"><ele>122.46</ele></trkpt>
<trkpt lat="49.6642217" lon="0.262755"><ele>121.8</ele></trkpt>
<trkpt lat="49.66423" lon="0.2628083"><ele>121.26</ele></trkpt>
<trkpt lat="49.664225" lon="0.2628567"><ele>120.52</ele></trkpt>
<trkpt lat="49.66421500000001" lon="0.262905"><ele>120.38</ele></trkpt>
<trkpt lat="49.664205" lon="0.26295"><ele>120.48</ele></trkpt>
<trkpt lat="49.6641983" lon="0.2630017"><ele>120.58</ele></trkpt>
<trkpt lat="49.6641883" lon="0.2630517"><ele>120.26</ele></trkpt>
<trkpt lat="49.6641767" lon="0.2630967"><ele>119.57</ele></trkpt>
<trkpt lat="49.66416" lon="0.26315"><ele>119.4</ele></trkpt>
<trkpt lat="49.6641367" lon="0.2631917"><ele>119.48</ele></trkpt>
<trkpt lat="49.6641133" lon="0.2632367"><ele>119.81</ele></trkpt>
<trkpt lat="49.6641" lon="0.263275"><ele>120.02</ele></trkpt>
<trkpt lat="49.6640883" lon="0.263325"><ele>120.12</ele></trkpt>
<trkpt lat="49.66408329999999" lon="0.263375"><ele>120.25</ele></trkpt>
<trkpt lat="49.664065" lon="0.2634083"><ele>120.78</ele></trkpt>
<trkpt lat="49.6640733" lon="0.2634517"><ele>121.24</ele></trkpt>
<trkpt lat="49.66405330000001" lon="0.2634833"><ele>120.87</ele></trkpt>
<trkpt lat="49.66404" lon="0.2635217"><ele>121.03</ele></trkpt>
<trkpt lat="49.6640333" lon="0.2635717"><ele>120.53</ele></trkpt>
<trkpt lat="49.664025" lon="0.2636117"><ele>120.56</ele></trkpt>
<trkpt lat="49.66400329999999" lon="0.2636767"><ele>121.81</ele></trkpt>
<trkpt lat="49.66399169999999" lon="0.2637217"><ele>122.37</ele></trkpt>
<trkpt lat="49.6639817" lon="0.2637633"><ele>122.55</ele></trkpt>
<trkpt lat="49.6639717" lon="0.263805"><ele>122.91</ele></trkpt>
<trkpt lat="49.6639583" lon="0.2638517"><ele>123.07</ele></trkpt>
<trkpt lat="49.6639417" lon="0.2638983"><ele>123.18</ele></trkpt>
<trkpt lat="49.6639483" lon="0.263945"><ele>123.09</ele></trkpt>
<trkpt lat="49.6639833" lon="0.26396"><ele>122.97</ele></trkpt>
<trkpt lat="49.6640133" lon="0.2639733"><ele>123.48</ele></trkpt>
<trkpt lat="49.6640433" lon="0.2639833"><ele>123.91</ele></trkpt>
<trkpt lat="49.6640733" lon="0.2639967"><ele>124.15</ele></trkpt>
<trkpt lat="49.66410500000001" lon="0.2640133"><ele>124.54</ele></trkpt>
<trkpt lat="49.6641383" lon="0.26402"><ele>125.22</ele></trkpt>
<trkpt lat="49.66417" lon="0.2640317"><ele>125.19</ele></trkpt>
<trkpt lat="49.66419330000001" lon="0.264055"><ele>125.16</ele></trkpt>
<trkpt lat="49.66418" lon="0.264015"><ele>123.41</ele></trkpt>
<trkpt lat="49.66414" lon="0.2640283"><ele>123.91</ele></trkpt>
<trkpt lat="49.6641133" lon="0.2640183"><ele>124.16</ele></trkpt>
<trkpt lat="49.6640867" lon="0.2640067"><ele>124.09</ele></trkpt>
<trkpt lat="49.66406" lon="0.26399"><ele>124.09</ele></trkpt>
<trkpt lat="49.66403" lon="0.2639817"><ele>124.11</ele></trkpt>
<trkpt lat="49.6640017" lon="0.2639683"><ele>124.02</ele></trkpt>
<trkpt lat="49.663975" lon="0.2639533"><ele>124.18</ele></trkpt>
<trkpt lat="49.66391829999999" lon="0.2639417"><ele>124.98</ele></trkpt>
<trkpt lat="49.66389329999999" lon="0.2640133"><ele>125.58</ele></trkpt>
<trkpt lat="49.663875" lon="0.2640533"><ele>125.98</ele></trkpt>
<trkpt lat="49.6638783" lon="0.264095"><ele>126.02</ele></trkpt>
<trkpt lat="49.6638917" lon="0.2640483"><ele>126.49</ele></trkpt>
<trkpt lat="49.6639233" lon="0.26403"><ele>125.93</ele></trkpt>
<trkpt lat="49.663955" lon="0.264045"><ele>125.44</ele></trkpt>
<trkpt lat="49.663985" lon="0.26406"><ele>125.13</ele></trkpt>
<trkpt lat="49.66401" lon="0.2640767"><ele>124.6</ele></trkpt>
<trkpt lat="49.6640433" lon="0.2640883"><ele>124.3</ele></trkpt>
<trkpt lat="49.6640733" lon="0.2641117"><ele>123.94</ele></trkpt>
<trkpt lat="49.6641017" lon="0.2641233"><ele>123.7</ele></trkpt>
<trkpt lat="49.664075" lon="0.2641"><ele>123.79</ele></trkpt>
<trkpt lat="49.66404500000001" lon="0.2640933"><ele>123.62</ele></trkpt>
<trkpt lat="49.6640183" lon="0.2640867"><ele>123.59</ele></trkpt>
<trkpt lat="49.663985" lon="0.26407"><ele>123.77</ele></trkpt>
<trkpt lat="49.6639533" lon="0.26406"><ele>123.72</ele></trkpt>
<trkpt lat="49.6639267" lon="0.26405"><ele>123.53</ele></trkpt>
<trkpt lat="49.6639" lon="0.2640783"><ele>123.58</ele></trkpt>
<trkpt lat="49.66388330000001" lon="0.264125"><ele>123.56</ele></trkpt>
<trkpt lat="49.66386829999999" lon="0.264165"><ele>123.56</ele></trkpt>
<trkpt lat="49.6638567" lon="0.264215"><ele>123.29</ele></trkpt>
<trkpt lat="49.66385" lon="0.2642617"><ele>123.26</ele></trkpt>
<trkpt lat="49.66383329999999" lon="0.26431"><ele>123.29</ele></trkpt>
<trkpt lat="49.66382" lon="0.2643517"><ele>123.25</ele></trkpt>
<trkpt lat="49.6638183" lon="0.2644083"><ele>124.27</ele></trkpt>
<trkpt lat="49.6638383" lon="0.2644483"><ele>124.55</ele></trkpt>
<trkpt lat="49.66386829999999" lon="0.2644883"><ele>124.75</ele></trkpt>
<trkpt lat="49.6638983" lon="0.2645233"><ele>124.81</ele></trkpt>
<trkpt lat="49.6639267" lon="0.2645633"><ele>124.52</ele></trkpt>
<trkpt lat="49.66395" lon="0.2646033"><ele>124.39</ele></trkpt>
<trkpt lat="49.66396830000001" lon="0.264635"><ele>123.64</ele></trkpt>
<trkpt lat="49.6639883" lon="0.2646767"><ele>122.64</ele></trkpt>
<trkpt lat="49.6640067" lon="0.264715"><ele>122.41</ele></trkpt>
<trkpt lat="49.6640233" lon="0.264755"><ele>122.23</ele></trkpt>
<trkpt lat="49.6640383" lon="0.26479"><ele>122.12</ele></trkpt>
<trkpt lat="49.66405330000001" lon="0.2648383"><ele>122.29</ele></trkpt>
<trkpt lat="49.6640667" lon="0.26489"><ele>122.89</ele></trkpt>
<trkpt lat="49.6640683" lon="0.264935"><ele>122.98</ele></trkpt>
<trkpt lat="49.6640633" lon="0.2649783"><ele>122.89</ele></trkpt>
<trkpt lat="49.66405499999999" lon="0.2650183"><ele>122.6</ele></trkpt>
<trkpt lat="49.66404" lon="0.26506"><ele>122.52</ele></trkpt>
<trkpt lat="49.664025" lon="0.26511"><ele>122.65</ele></trkpt>
<trkpt lat="49.6640133" lon="0.2651483"><ele>122.52</ele></trkpt>
<trkpt lat="49.664005" lon="0.2652033"><ele>122.49</ele></trkpt>
<trkpt lat="49.6639933" lon="0.26525"><ele>122.58</ele></trkpt>
<trkpt lat="49.66398" lon="0.2653017"><ele>122.59</ele></trkpt>
<trkpt lat="49.66396830000001" lon="0.26535"><ele>122.52</ele></trkpt>
<trkpt lat="49.6639583" lon="0.265405"><ele>122.61</ele></trkpt>
<trkpt lat="49.663945" lon="0.26546"><ele>122.43</ele></trkpt>
<trkpt lat="49.6639367" lon="0.2655067"><ele>121.96</ele></trkpt>
<trkpt lat="49.66392" lon="0.265555"><ele>121.75</ele></trkpt>
<trkpt lat="49.663905" lon="0.2656033"><ele>121.6</ele></trkpt>
<trkpt lat="49.6638967" lon="0.26565"><ele>121.4</ele></trkpt>
<trkpt lat="49.6638867" lon="0.2657017"><ele>121.46</ele></trkpt>
<trkpt lat="49.663875" lon="0.2657533"><ele>121.67</ele></trkpt>
<trkpt lat="49.66386829999999" lon="0.2657967"><ele>121.69</ele></trkpt>
<trkpt lat="49.6638517" lon="0.2658317"><ele>121.64</ele></trkpt>
<trkpt lat="49.6638417" lon="0.2658817"><ele>121.52</ele></trkpt>
<trkpt lat="49.66383329999999" lon="0.2659283"><ele>121.3</ele></trkpt>
<trkpt lat="49.6638233" lon="0.2659683"><ele>121.28</ele></trkpt>
<trkpt lat="49.66381" lon="0.26601"><ele>121.36</ele></trkpt>
<trkpt lat="49.6638017" lon="0.2660517"><ele>121.39</ele></trkpt>
<trkpt lat="49.6637917" lon="0.2660933"><ele>121.55</ele></trkpt>
<trkpt lat="49.6637783" lon="0.2661383"><ele>121.49</ele></trkpt>
<trkpt lat="49.6637683" lon="0.2661867"><ele>121.39</ele></trkpt>
<trkpt lat="49.6637567" lon="0.266235"><ele>121.32</ele></trkpt>
<trkpt lat="49.66374500000001" lon="0.266285"><ele>121.26</ele></trkpt>
<trkpt lat="49.6637333" lon="0.2663367"><ele>121.54</ele></trkpt>
<trkpt lat="49.66372329999999" lon="0.2663817"><ele>121.59</ele></trkpt>
<trkpt lat="49.663715" lon="0.2664317"><ele>121.45</ele></trkpt>
<trkpt lat="49.6637017" lon="0.2664767"><ele>121.29</ele></trkpt>
<trkpt lat="49.66369" lon="0.26653"><ele>121.12</ele></trkpt>
<trkpt lat="49.66368" lon="0.2665817"><ele>121.42</ele></trkpt>
<trkpt lat="49.66367" lon="0.2666333"><ele>121.75</ele></trkpt>
<trkpt lat="49.663655" lon="0.2666733"><ele>121.88</ele></trkpt>
<trkpt lat="49.6636417" lon="0.2667183"><ele>121.98</ele></trkpt>
<trkpt lat="49.6636317" lon="0.266765"><ele>121.92</ele></trkpt>
<trkpt lat="49.663615" lon="0.26681"><ele>121.79</ele></trkpt>
<trkpt lat="49.6636033" lon="0.2668567"><ele>121.79</ele></trkpt>
<trkpt lat="49.6635883" lon="0.2669033"><ele>121.69</ele></trkpt>
<trkpt lat="49.66358" lon="0.2669567"><ele>121.53</ele></trkpt>
<trkpt lat="49.663565" lon="0.267"><ele>121.13</ele></trkpt>
<trkpt lat="49.6635483" lon="0.267045"><ele>120.93</ele></trkpt>
<trkpt lat="49.66354" lon="0.2670933"><ele>120.96</ele></trkpt>
<trkpt lat="49.6635283" lon="0.2671383"><ele>121.08</ele></trkpt>
<trkpt lat="49.6635133" lon="0.2671783"><ele>120.98</ele></trkpt>
<trkpt lat="49.6635017" lon="0.2672267"><ele>121.08</ele></trkpt>
<trkpt lat="49.6634933" lon="0.2672783"><ele>120.86</ele></trkpt>
<trkpt lat="49.6634917" lon="0.2673267"><ele>120.95</ele></trkpt>
<trkpt lat="49.6634833" lon="0.2673783"><ele>121.36</ele></trkpt>
<trkpt lat="49.66346169999999" lon="0.26742"><ele>121.57</ele></trkpt>
<trkpt lat="49.6634433" lon="0.2674683"><ele>121.68</ele></trkpt>
<trkpt lat="49.6634317" lon="0.26752"><ele>121.52</ele></trkpt>
<trkpt lat="49.66341330000001" lon="0.2675617"><ele>121.33</ele></trkpt>
<trkpt lat="49.6633967" lon="0.267615"><ele>120.93</ele></trkpt>
<trkpt lat="49.6633817" lon="0.2676633"><ele>120.7</ele></trkpt>
<trkpt lat="49.6633667" lon="0.2677183"><ele>120.53</ele></trkpt>
<trkpt lat="49.6633483" lon="0.2677533"><ele>120.65</ele></trkpt>
<trkpt lat="49.66334" lon="0.2678067"><ele>120.97</ele></trkpt>
<trkpt lat="49.6633233" lon="0.2678483"><ele>121.08</ele></trkpt>
<trkpt lat="49.6633067" lon="0.267885"><ele>121.18</ele></trkpt>
<trkpt lat="49.6632933" lon="0.267925"><ele>121.36</ele></trkpt>
<trkpt lat="49.66328" lon="0.26797"><ele>121.41</ele></trkpt>
<trkpt lat="49.6632733" lon="0.26802"><ele>121.48</ele></trkpt>
<trkpt lat="49.66326170000001" lon="0.2680633"><ele>121.52</ele></trkpt>
<trkpt lat="49.6632383" lon="0.2681"><ele>121.33</ele></trkpt>
<trkpt lat="49.6632267" lon="0.2681383"><ele>121.13</ele></trkpt>
<trkpt lat="49.6632033" lon="0.26818"><ele>120.99</ele></trkpt>
<trkpt lat="49.66319829999999" lon="0.26823"><ele>120.99</ele></trkpt>
<trkpt lat="49.6631917" lon="0.2682717"><ele>120.8</ele></trkpt>
<trkpt lat="49.663185" lon="0.2683167"><ele>120.64</ele></trkpt>
<trkpt lat="49.6631717" lon="0.268365"><ele>120.17</ele></trkpt>
<trkpt lat="49.66316330000001" lon="0.2684067"><ele>119.52</ele></trkpt>
<trkpt lat="49.6631467" lon="0.2684583"><ele>119.39</ele></trkpt>
<trkpt lat="49.663135" lon="0.2685017"><ele>119.55</ele></trkpt>
<trkpt lat="49.66312" lon="0.2685567"><ele>119.5</ele></trkpt>
<trkpt lat="49.66311329999999" lon="0.268615"><ele>119.46</ele></trkpt>
<trkpt lat="49.6630983" lon="0.26867"><ele>119.81</ele></trkpt>
<trkpt lat="49.66307999999999" lon="0.2687167"><ele>119.66</ele></trkpt>
<trkpt lat="49.663065" lon="0.2687633"><ele>119.14</ele></trkpt>
<trkpt lat="49.66305330000001" lon="0.2688167"><ele>118.99</ele></trkpt>
<trkpt lat="49.66304170000001" lon="0.2688617"><ele>118.83</ele></trkpt>
<trkpt lat="49.6630317" lon="0.2689083"><ele>118.72</ele></trkpt>
<trkpt lat="49.6630133" lon="0.2689567"><ele>118.08</ele></trkpt>
<trkpt lat="49.6630017" lon="0.2690117"><ele>117.64</ele></trkpt>
<trkpt lat="49.6629883" lon="0.26905"><ele>117.34</ele></trkpt>
<trkpt lat="49.6629733" lon="0.2691033"><ele>117.12</ele></trkpt>
<trkpt lat="49.6629667" lon="0.269165"><ele>117.35</ele></trkpt>
<trkpt lat="49.6629583" lon="0.2692067"><ele>117.39</ele></trkpt>
<trkpt lat="49.6629467" lon="0.2692467"><ele>117.32</ele></trkpt>
<trkpt lat="49.662935" lon="0.2692867"><ele>117.13</ele></trkpt>
<trkpt lat="49.6629217" lon="0.269325"><ele>116.77</ele></trkpt>
<trkpt lat="49.66290500000001" lon="0.2693817"><ele>116.17</ele></trkpt>
<trkpt lat="49.66289" lon="0.2694417"><ele>115.91</ele></trkpt>
<trkpt lat="49.662875" lon="0.2694983"><ele>115.67</ele></trkpt>
<trkpt lat="49.66286329999999" lon="0.2695367"><ele>115.87</ele></trkpt>
<trkpt lat="49.6628483" lon="0.2695833"><ele>115.99</ele></trkpt>
<trkpt lat="49.66282669999999" lon="0.269635"><ele>115.87</ele></trkpt>
<trkpt lat="49.66281" lon="0.2696683"><ele>116.05</ele></trkpt>
<trkpt lat="49.6627983" lon="0.2697067"><ele>116</ele></trkpt>
<trkpt lat="49.6627717" lon="0.2697317"><ele>116.41</ele></trkpt>
<trkpt lat="49.6627367" lon="0.2697367"><ele>117</ele></trkpt>
<trkpt lat="49.6627033" lon="0.269725"><ele>117.37</ele></trkpt>
<trkpt lat="49.6626733" lon="0.2696983"><ele>117.06</ele></trkpt>
<trkpt lat="49.66264670000001" lon="0.269665"><ele>116.69</ele></trkpt>
<trkpt lat="49.66262170000001" lon="0.2696367"><ele>117.01</ele></trkpt>
<trkpt lat="49.66259" lon="0.2696067"><ele>117.6</ele></trkpt>
<trkpt lat="49.6625633" lon="0.2695867"><ele>117.36</ele></trkpt>
<trkpt lat="49.6625317" lon="0.2695683"><ele>117.23</ele></trkpt>
<trkpt lat="49.6625083" lon="0.2695467"><ele>116.87</ele></trkpt>
<trkpt lat="49.6624817" lon="0.2695283"><ele>116.69</ele></trkpt>
<trkpt lat="49.6624467" lon="0.2695"><ele>116.74</ele></trkpt>
<trkpt lat="49.66240999999999" lon="0.269485"><ele>116.96</ele></trkpt>
<trkpt lat="49.66238169999999" lon="0.2694667"><ele>117.35</ele></trkpt>
<trkpt lat="49.6623533" lon="0.2694517"><ele>117.39</ele></trkpt>
<trkpt lat="49.6623233" lon="0.2694233"><ele>117.45</ele></trkpt>
<trkpt lat="49.66228670000001" lon="0.2694067"><ele>117.68</ele></trkpt>
<trkpt lat="49.6622533" lon="0.2694033"><ele>117.78</ele></trkpt>
<trkpt lat="49.6622267" lon="0.2694417"><ele>117.78</ele></trkpt>
<trkpt lat="49.6622083" lon="0.2694733"><ele>118.05</ele></trkpt>
<trkpt lat="49.66219" lon="0.26951"><ele>118</ele></trkpt>
<trkpt lat="49.66217" lon="0.2695483"><ele>117.75</ele></trkpt>
<trkpt lat="49.6621517" lon="0.2695867"><ele>117.81</ele></trkpt>
<trkpt lat="49.6621367" lon="0.2696233"><ele>117.88</ele></trkpt>
<trkpt lat="49.6621217" lon="0.2696617"><ele>117.98</ele></trkpt>
<trkpt lat="49.66211" lon="0.26971"><ele>118.08</ele></trkpt>
<trkpt lat="49.66209670000001" lon="0.2697617"><ele>118.27</ele></trkpt>
<trkpt lat="49.6620883" lon="0.2698083"><ele>118.39</ele></trkpt>
<trkpt lat="49.6620767" lon="0.2698583"><ele>118.59</ele></trkpt>
<trkpt lat="49.66206" lon="0.269905"><ele>118.76</ele></trkpt>
<trkpt lat="49.6620433" lon="0.2699517"><ele>118.98</ele></trkpt>
<trkpt lat="49.6620283" lon="0.2699983"><ele>119.37</ele></trkpt>
<trkpt lat="49.6620083" lon="0.2700433"><ele>119.14</ele></trkpt>
<trkpt lat="49.6619883" lon="0.2700833"><ele>118.9</ele></trkpt>
<trkpt lat="49.66197329999999" lon="0.27012"><ele>118.82</ele></trkpt>
<trkpt lat="49.6619583" lon="0.270155"><ele>118.53</ele></trkpt>
<trkpt lat="49.661945" lon="0.2701967"><ele>117.91</ele></trkpt>
<trkpt lat="49.66193" lon="0.2702367"><ele>116.87</ele></trkpt>
<trkpt lat="49.6619167" lon="0.270275"><ele>116.35</ele></trkpt>
<trkpt lat="49.661905" lon="0.2703267"><ele>115.85</ele></trkpt>
<trkpt lat="49.66188499999999" lon="0.2703733"><ele>115.7</ele></trkpt>
<trkpt lat="49.6618667" lon="0.2704083"><ele>115.62</ele></trkpt>
<trkpt lat="49.66185169999999" lon="0.2704433"><ele>115.43</ele></trkpt>
<trkpt lat="49.6618367" lon="0.270495"><ele>114.97</ele></trkpt>
<trkpt lat="49.6618233" lon="0.270545"><ele>114.61</ele></trkpt>
<trkpt lat="49.6618067" lon="0.270595"><ele>114.75</ele></trkpt>
<trkpt lat="49.66179" lon="0.2706383"><ele>114.53</ele></trkpt>
<trkpt lat="49.66177499999999" lon="0.2706817"><ele>114.35</ele></trkpt>
<trkpt lat="49.66176170000001" lon="0.2707283"><ele>113.8</ele></trkpt>
<trkpt lat="49.6617467" lon="0.2707783"><ele>113.35</ele></trkpt>
<trkpt lat="49.6617333" lon="0.270825"><ele>112.87</ele></trkpt>
<trkpt lat="49.6617167" lon="0.2708717"><ele>112.44</ele></trkpt>
<trkpt lat="49.6617067" lon="0.2709183"><ele>112.3</ele></trkpt>
<trkpt lat="49.6616933" lon="0.27097"><ele>112.29</ele></trkpt>
<trkpt lat="49.66167670000001" lon="0.2710183"><ele>112.19</ele></trkpt>
<trkpt lat="49.6616617" lon="0.2710667"><ele>112.16</ele></trkpt>
<trkpt lat="49.66165170000001" lon="0.2711133"><ele>112</ele></trkpt>
<trkpt lat="49.661635" lon="0.27116"><ele>111.9</ele></trkpt>
<trkpt lat="49.6616233" lon="0.2712083"><ele>111.63</ele></trkpt>
<trkpt lat="49.6616083" lon="0.2712533"><ele>111.5</ele></trkpt>
<trkpt lat="49.6615933" lon="0.2713017"><ele>111.49</ele></trkpt>
<trkpt lat="49.6615867" lon="0.2713533"><ele>111.25</ele></trkpt>
<trkpt lat="49.66157500000001" lon="0.2714017"><ele>111.37</ele></trkpt>
<trkpt lat="49.66156" lon="0.2714417"><ele>111.15</ele></trkpt>
<trkpt lat="49.66155000000001" lon="0.2714817"><ele>111.09</ele></trkpt>
<trkpt lat="49.66154" lon="0.2715367"><ele>110.58</ele></trkpt>
<trkpt lat="49.66152829999999" lon="0.271575"><ele>109.69</ele></trkpt>
<trkpt lat="49.66152829999999" lon="0.2716267"><ele>109.48</ele></trkpt>
<trkpt lat="49.66152499999999" lon="0.271675"><ele>109.4</ele></trkpt>
<trkpt lat="49.6615133" lon="0.2717167"><ele>109.17</ele></trkpt>
<trkpt lat="49.6614917" lon="0.27175"><ele>109.28</ele></trkpt>
<trkpt lat="49.6614783" lon="0.2717883"><ele>109.45</ele></trkpt>
<trkpt lat="49.6614667" lon="0.27183"><ele>109.49</ele></trkpt>
<trkpt lat="49.6614517" lon="0.27188"><ele>109.23</ele></trkpt>
<trkpt lat="49.661445" lon="0.2719233"><ele>108.96</ele></trkpt>
<trkpt lat="49.66143169999999" lon="0.2719667"><ele>108.2</ele></trkpt>
<trkpt lat="49.66141330000001" lon="0.272015"><ele>107.31</ele></trkpt>
<trkpt lat="49.6614" lon="0.2720583"><ele>107.03</ele></trkpt>
<trkpt lat="49.661385" lon="0.2720967"><ele>106.8</ele></trkpt>
<trkpt lat="49.6613667" lon="0.2721417"><ele>106.2</ele></trkpt>
<trkpt lat="49.66135" lon="0.2721817"><ele>105.24</ele></trkpt>
<trkpt lat="49.6613333" lon="0.272215"><ele>104.55</ele></trkpt>
<trkpt lat="49.66132000000001" lon="0.2722533"><ele>103.81</ele></trkpt>
<trkpt lat="49.661305" lon="0.272295"><ele>102.69</ele></trkpt>
<trkpt lat="49.6612833" lon="0.2723217"><ele>102.12</ele></trkpt>
<trkpt lat="49.66126669999999" lon="0.2723617"><ele>101.8</ele></trkpt>
<trkpt lat="49.66125" lon="0.272405"><ele>101.02</ele></trkpt>
<trkpt lat="49.661235" lon="0.2724433"><ele>100.38</ele></trkpt>
<trkpt lat="49.661225" lon="0.2724983"><ele>99.78</ele></trkpt>
<trkpt lat="49.66120670000001" lon="0.2725317"><ele>99.11</ele></trkpt>
<trkpt lat="49.661195" lon="0.272575"><ele>98.9</ele></trkpt>
<trkpt lat="49.661185" lon="0.2726233"><ele>98.7</ele></trkpt>
<trkpt lat="49.6611667" lon="0.2726683"><ele>98.79</ele></trkpt>
<trkpt lat="49.6611517" lon="0.2727183"><ele>98.53999999999999</ele></trkpt>
<trkpt lat="49.6611367" lon="0.2727667"><ele>98.56</ele></trkpt>
<trkpt lat="49.6611183" lon="0.27281"><ele>99.17999999999999</ele></trkpt>
<trkpt lat="49.66110499999999" lon="0.2728533"><ele>99.97</ele></trkpt>
<trkpt lat="49.661095" lon="0.2729017"><ele>100.77</ele></trkpt>
<trkpt lat="49.6610817" lon="0.27294"><ele>101.31</ele></trkpt>
<trkpt lat="49.6610567" lon="0.27296"><ele>102.23</ele></trkpt>
<trkpt lat="49.6610317" lon="0.2729767"><ele>102.81</ele></trkpt>
<trkpt lat="49.6610017" lon="0.2729817"><ele>103.52</ele></trkpt>
<trkpt lat="49.6609667" lon="0.2729817"><ele>104.14</ele></trkpt>
<trkpt lat="49.6609333" lon="0.2729733"><ele>105.03</ele></trkpt>
<trkpt lat="49.6609033" lon="0.2729667"><ele>105.72</ele></trkpt>
<trkpt lat="49.66087170000001" lon="0.2729717"><ele>106.45</ele></trkpt>
<trkpt lat="49.6608433" lon="0.2729767"><ele>106.95</ele></trkpt>
<trkpt lat="49.66081" lon="0.27299"><ele>107.35</ele></trkpt>
<trkpt lat="49.6607833" lon="0.273015"><ele>107.91</ele></trkpt>
<trkpt lat="49.6607567" lon="0.273055"><ele>108.47</ele></trkpt>
<trkpt lat="49.660735" lon="0.2730983"><ele>108.62</ele></trkpt>
<trkpt lat="49.66071999999999" lon="0.2731383"><ele>108.76</ele></trkpt>
<trkpt lat="49.6607033" lon="0.27318"><ele>109.07</ele></trkpt>
<trkpt lat="49.6606833" lon="0.2732167"><ele>109.16</ele></trkpt>
<trkpt lat="49.6606633" lon="0.2732567"><ele>109.43</ele></trkpt>
<trkpt lat="49.66064" lon="0.2733017"><ele>110.29</ele></trkpt>
<trkpt lat="49.6606233" lon="0.2733433"><ele>110.83</ele></trkpt>
<trkpt lat="49.6605983" lon="0.2733883"><ele>111.44</ele></trkpt>
<trkpt lat="49.66058329999999" lon="0.2734333"><ele>111.96</ele></trkpt>
<trkpt lat="49.6605617" lon="0.2734867"><ele>113.31</ele></trkpt>
<trkpt lat="49.6605433" lon="0.2735233"><ele>113.89</ele></trkpt>
<trkpt lat="49.6605317" lon="0.27357"><ele>113.99</ele></trkpt>
<trkpt lat="49.66051170000001" lon="0.2736167"><ele>114.25</ele></trkpt>
<trkpt lat="49.6604917" lon="0.2736567"><ele>114.2</ele></trkpt>
<trkpt lat="49.66047329999999" lon="0.273695"><ele>114.52</ele></trkpt>
<trkpt lat="49.66045170000001" lon="0.2737383"><ele>114.81</ele></trkpt>
<trkpt lat="49.6604317" lon="0.2737783"><ele>114.89</ele></trkpt>
<trkpt lat="49.6604067" lon="0.2738117"><ele>114.71</ele></trkpt>
<trkpt lat="49.66038499999999" lon="0.2738467"><ele>114.53</ele></trkpt>
<trkpt lat="49.6603667" lon="0.2738883"><ele>114.11</ele></trkpt>
<trkpt lat="49.6603483" lon="0.2739367"><ele>114.35</ele></trkpt>
<trkpt lat="49.66033" lon="0.2739783"><ele>114.3</ele></trkpt>
<trkpt lat="49.6603117" lon="0.2740233"><ele>114.58</ele></trkpt>
<trkpt lat="49.6602983" lon="0.2740683"><ele>114.5</ele></trkpt>
<trkpt lat="49.6602833" lon="0.2741067"><ele>114.5</ele></trkpt>
<trkpt lat="49.66026669999999" lon="0.2741417"><ele>114.5</ele></trkpt>
<trkpt lat="49.66024830000001" lon="0.274185"><ele>114.14</ele></trkpt>
<trkpt lat="49.66023" lon="0.274225"><ele>114.01</ele></trkpt>
<trkpt lat="49.6602133" lon="0.2742583"><ele>113.9</ele></trkpt>
<trkpt lat="49.660195" lon="0.274295"><ele>113.71</ele></trkpt>
<trkpt lat="49.66017670000001" lon="0.274335"><ele>113.51</ele></trkpt>
<trkpt lat="49.6601617" lon="0.2743717"><ele>113.34</ele></trkpt>
<trkpt lat="49.660145" lon="0.27441"><ele>113.07</ele></trkpt>
<trkpt lat="49.66012669999999" lon="0.2744517"><ele>112.58</ele></trkpt>
<trkpt lat="49.66011" lon="0.2744933"><ele>112.23</ele></trkpt>
<trkpt lat="49.66009" lon="0.2745333"><ele>111.97</ele></trkpt>
<trkpt lat="49.6600717" lon="0.27457"><ele>111.72</ele></trkpt>
<trkpt lat="49.6600517" lon="0.2746083"><ele>111.7</ele></trkpt>
<trkpt lat="49.660035" lon="0.2746483"><ele>111.77</ele></trkpt>
<trkpt lat="49.6600183" lon="0.27469"><ele>111.96</ele></trkpt>
<trkpt lat="49.65999830000001" lon="0.2747317"><ele>111.83</ele></trkpt>
<trkpt lat="49.65998" lon="0.2747717"><ele>111.6</ele></trkpt>
<trkpt lat="49.6599617" lon="0.2748117"><ele>111.69</ele></trkpt>
<trkpt lat="49.6599367" lon="0.2748483"><ele>111.54</ele></trkpt>
<trkpt lat="49.6599167" lon="0.2748933"><ele>111.29</ele></trkpt>
<trkpt lat="49.6598983" lon="0.2749317"><ele>111.29</ele></trkpt>
<trkpt lat="49.6598833" lon="0.2749667"><ele>111.22</ele></trkpt>
<trkpt lat="49.6598583" lon="0.2749983"><ele>111.17</ele></trkpt>
<trkpt lat="49.65983829999999" lon="0.275035"><ele>111.52</ele></trkpt>
<trkpt lat="49.6598217" lon="0.27507"><ele>111.59</ele></trkpt>
<trkpt lat="49.6598117" lon="0.2751167"><ele>111.44</ele></trkpt>
<trkpt lat="49.6598067" lon="0.2751633"><ele>111.32</ele></trkpt>
<trkpt lat="49.6597883" lon="0.2752067"><ele>110.95</ele></trkpt>
<trkpt lat="49.65976669999999" lon="0.275255"><ele>110.37</ele></trkpt>
<trkpt lat="49.6597467" lon="0.2752933"><ele>110.3</ele></trkpt>
<trkpt lat="49.6597283" lon="0.2753333"><ele>110.07</ele></trkpt>
<trkpt lat="49.6597083" lon="0.2753683"><ele>109.46</ele></trkpt>
<trkpt lat="49.6596867" lon="0.2754067"><ele>109.04</ele></trkpt>
<trkpt lat="49.65967" lon="0.275445"><ele>109.09</ele></trkpt>
<trkpt lat="49.6596517" lon="0.275485"><ele>108.94</ele></trkpt>
<trkpt lat="49.659635" lon="0.2755267"><ele>108.9</ele></trkpt>
<trkpt lat="49.659615" lon="0.27557"><ele>108.9</ele></trkpt>
<trkpt lat="49.6596017" lon="0.2756133"><ele>109.02</ele></trkpt>
<trkpt lat="49.65958329999999" lon="0.2756533"><ele>108.71</ele></trkpt>
<trkpt lat="49.6595633" lon="0.2756933"><ele>108.44</ele></trkpt>
<trkpt lat="49.65954500000001" lon="0.2757367"><ele>108.33</ele></trkpt>
<trkpt lat="49.659525" lon="0.2757767"><ele>107.97</ele></trkpt>
<trkpt lat="49.6595067" lon="0.275815"><ele>107.55</ele></trkpt>
<trkpt lat="49.6594883" lon="0.275855"><ele>107.33</ele></trkpt>
<trkpt lat="49.6594717" lon="0.2758933"><ele>107.14</ele></trkpt>
<trkpt lat="49.6594483" lon="0.2759383"><ele>106.93</ele></trkpt>
<trkpt lat="49.6594267" lon="0.275975"><ele>106.33</ele></trkpt>
<trkpt lat="49.6594133" lon="0.2760117"><ele>105.69</ele></trkpt>
<trkpt lat="49.65939670000001" lon="0.2760467"><ele>105.17</ele></trkpt>
<trkpt lat="49.6593767" lon="0.2760783"><ele>104.72</ele></trkpt>
<trkpt lat="49.65936" lon="0.2761117"><ele>104.64</ele></trkpt>
<trkpt lat="49.659335" lon="0.2761317"><ele>104.31</ele></trkpt>
<trkpt lat="49.6593067" lon="0.2761483"><ele>104.76</ele></trkpt>
<trkpt lat="49.6592817" lon="0.2761683"><ele>104.76</ele></trkpt>
<trkpt lat="49.65930829999999" lon="0.2761933"><ele>105.14</ele></trkpt>
<trkpt lat="49.65928670000001" lon="0.276225"><ele>104.54</ele></trkpt>
<trkpt lat="49.65926169999999" lon="0.2761933"><ele>104.21</ele></trkpt>
<trkpt lat="49.6592283" lon="0.2761633"><ele>104.13</ele></trkpt>
<trkpt lat="49.6591983" lon="0.276135"><ele>103.94</ele></trkpt>
<trkpt lat="49.65915999999999" lon="0.276105"><ele>104.54</ele></trkpt>
<trkpt lat="49.6591283" lon="0.276085"><ele>104.99</ele></trkpt>
<trkpt lat="49.65909" lon="0.2760617"><ele>104.9</ele></trkpt>
<trkpt lat="49.6590567" lon="0.2760417"><ele>105.07</ele></trkpt>
<trkpt lat="49.65902000000001" lon="0.2760333"><ele>105.16</ele></trkpt>
<trkpt lat="49.6589933" lon="0.2760217"><ele>105.43</ele></trkpt>
<trkpt lat="49.65896000000001" lon="0.2760017"><ele>106.29</ele></trkpt>
<trkpt lat="49.658925" lon="0.2759833"><ele>106.63</ele></trkpt>
<trkpt lat="49.6588917" lon="0.275965"><ele>106.79</ele></trkpt>
<trkpt lat="49.65885999999999" lon="0.2759433"><ele>106.83</ele></trkpt>
<trkpt lat="49.6588267" lon="0.275915"><ele>107.08</ele></trkpt>
<trkpt lat="49.6587933" lon="0.2758783"><ele>107.61</ele></trkpt>
<trkpt lat="49.6587667" lon="0.2758433"><ele>108.21</ele></trkpt>
<trkpt lat="49.6587333" lon="0.275815"><ele>108.77</ele></trkpt>
<trkpt lat="49.65870170000001" lon="0.2757917"><ele>108.83</ele></trkpt>
<trkpt lat="49.6586717" lon="0.2757717"><ele>108.61</ele></trkpt>
<trkpt lat="49.6586367" lon="0.2757583"><ele>108.51</ele></trkpt>
<trkpt lat="49.6586067" lon="0.27574"><ele>108.57</ele></trkpt>
<trkpt lat="49.6585733" lon="0.2757183"><ele>108.51</ele></trkpt>
<trkpt lat="49.6585383" lon="0.2757"><ele>108.56</ele></trkpt>
<trkpt lat="49.6585067" lon="0.2756817"><ele>108.79</ele></trkpt>
<trkpt lat="49.65847" lon="0.27566"><ele>109.15</ele></trkpt>
<trkpt lat="49.658435" lon="0.2756383"><ele>109.13</ele></trkpt>
<trkpt lat="49.6583983" lon="0.275615"><ele>109.29</ele></trkpt>
<trkpt lat="49.658365" lon="0.2755933"><ele>109.56</ele></trkpt>
<trkpt lat="49.65833" lon="0.2755667"><ele>109.77</ele></trkpt>
<trkpt lat="49.6582933" lon="0.2755417"><ele>110.29</ele></trkpt>
<trkpt lat="49.65826" lon="0.275515"><ele>111.24</ele></trkpt>
<trkpt lat="49.6582267" lon="0.27549"><ele>112.04</ele></trkpt>
<trkpt lat="49.658195" lon="0.2754617"><ele>112.73</ele></trkpt>
<trkpt lat="49.65816" lon="0.2754333"><ele>112.69</ele></trkpt>
<trkpt lat="49.6581267" lon="0.2753983"><ele>112.41</ele></trkpt>
<trkpt lat="49.65809669999999" lon="0.2753667"><ele>112.39</ele></trkpt>
<trkpt lat="49.6580683" lon="0.2753333"><ele>112.2</ele></trkpt>
<trkpt lat="49.65804170000001" lon="0.2753017"><ele>112.01</ele></trkpt>
<trkpt lat="49.658015" lon="0.2752833"><ele>111.77</ele></trkpt>
<trkpt lat="49.658005" lon="0.2752433"><ele>113.07</ele></trkpt>
<trkpt lat="49.6580133" lon="0.2751983"><ele>114.01</ele></trkpt>
<trkpt lat="49.65799169999999" lon="0.275235"><ele>114.04</ele></trkpt>
<trkpt lat="49.6579983" lon="0.275185"><ele>115.45</ele></trkpt>
<trkpt lat="49.6579767" lon="0.2752183"><ele>115.72</ele></trkpt>
<trkpt lat="49.6579517" lon="0.2751867"><ele>115.18</ele></trkpt>
<trkpt lat="49.6579267" lon="0.2751667"><ele>115.1</ele></trkpt>
<trkpt lat="49.65789670000001" lon="0.2751433"><ele>114.88</ele></trkpt>
<trkpt lat="49.6578633" lon="0.27512"><ele>114.8</ele></trkpt>
<trkpt lat="49.65783329999999" lon="0.2751"><ele>114.87</ele></trkpt>
<trkpt lat="49.6578067" lon="0.2750733"><ele>115.32</ele></trkpt>
<trkpt lat="49.6577783" lon="0.2750483"><ele>115.5</ele></trkpt>
<trkpt lat="49.6577517" lon="0.2750233"><ele>115.66</ele></trkpt>
<trkpt lat="49.6577267" lon="0.2750067"><ele>115.96</ele></trkpt>
<trkpt lat="49.6577033" lon="0.2749767"><ele>115.97</ele></trkpt>
<trkpt lat="49.6576733" lon="0.2749483"><ele>116.18</ele></trkpt>
<trkpt lat="49.6576467" lon="0.274925"><ele>115.97</ele></trkpt>
<trkpt lat="49.65762" lon="0.274895"><ele>115.64</ele></trkpt>
<trkpt lat="49.6575867" lon="0.2748633"><ele>115.57</ele></trkpt>
<trkpt lat="49.6575617" lon="0.27483"><ele>115.93</ele></trkpt>
<trkpt lat="49.6575317" lon="0.27481"><ele>116.45</ele></trkpt>
<trkpt lat="49.6575083" lon="0.2747833"><ele>116.54</ele></trkpt>
<trkpt lat="49.65748" lon="0.27476"><ele>116.83</ele></trkpt>
<trkpt lat="49.6574467" lon="0.2747317"><ele>117.44</ele></trkpt>
<trkpt lat="49.6574167" lon="0.2746983"><ele>117.92</ele></trkpt>
<trkpt lat="49.6573917" lon="0.274665"><ele>118.26</ele></trkpt>
<trkpt lat="49.6573633" lon="0.274635"><ele>118.89</ele></trkpt>
<trkpt lat="49.6573317" lon="0.2746067"><ele>119.51</ele></trkpt>
<trkpt lat="49.657305" lon="0.2745883"><ele>119.92</ele></trkpt>
<trkpt lat="49.6572783" lon="0.2745583"><ele>120</ele></trkpt>
<trkpt lat="49.6572517" lon="0.2745283"><ele>120.1</ele></trkpt>
<trkpt lat="49.6572183" lon="0.2745017"><ele>119.98</ele></trkpt>
<trkpt lat="49.6571867" lon="0.2744767"><ele>120.1</ele></trkpt>
<trkpt lat="49.6571567" lon="0.2744517"><ele>120.1</ele></trkpt>
<trkpt lat="49.65713" lon="0.274415"><ele>119.75</ele></trkpt>
<trkpt lat="49.657105" lon="0.274375"><ele>119.54</ele></trkpt>
<trkpt lat="49.6570733" lon="0.2743383"><ele>119.43</ele></trkpt>
<trkpt lat="49.65704999999999" lon="0.2743117"><ele>119.33</ele></trkpt>
<trkpt lat="49.65702" lon="0.2742733"><ele>119.11</ele></trkpt>
<trkpt lat="49.65699830000001" lon="0.2742417"><ele>119.01</ele></trkpt>
<trkpt lat="49.656975" lon="0.274215"><ele>118.74</ele></trkpt>
<trkpt lat="49.6569517" lon="0.2741883"><ele>118.54</ele></trkpt>
<trkpt lat="49.656925" lon="0.2741583"><ele>118.24</ele></trkpt>
<trkpt lat="49.6568933" lon="0.2741267"><ele>117.87</ele></trkpt>
<trkpt lat="49.6568617" lon="0.2740933"><ele>117.8</ele></trkpt>
<trkpt lat="49.656835" lon="0.2740567"><ele>117.64</ele></trkpt>
<trkpt lat="49.65681" lon="0.2740317"><ele>117.27</ele></trkpt>
<trkpt lat="49.6567817" lon="0.274005"><ele>117.11</ele></trkpt>
<trkpt lat="49.6567517" lon="0.273975"><ele>117</ele></trkpt>
<trkpt lat="49.6567283" lon="0.2739533"><ele>116.93</ele></trkpt>
<trkpt lat="49.656695" lon="0.2739233"><ele>116.76</ele></trkpt>
<trkpt lat="49.6566717" lon="0.2738933"><ele>116.62</ele></trkpt>
<trkpt lat="49.6566383" lon="0.273855"><ele>116.51</ele></trkpt>
<trkpt lat="49.6566033" lon="0.2738267"><ele>116.5</ele></trkpt>
<trkpt lat="49.65657830000001" lon="0.2738083"><ele>116.75</ele></trkpt>
<trkpt lat="49.65655330000001" lon="0.27379"><ele>116.96</ele></trkpt>
<trkpt lat="49.6565217" lon="0.27376"><ele>117.18</ele></trkpt>
<trkpt lat="49.6564967" lon="0.27372"><ele>117.39</ele></trkpt>
<trkpt lat="49.65647" lon="0.27368"><ele>117.17</ele></trkpt>
<trkpt lat="49.6564417" lon="0.2736433"><ele>116.87</ele></trkpt>
<trkpt lat="49.656415" lon="0.273615"><ele>116.25</ele></trkpt>
<trkpt lat="49.6563933" lon="0.2735883"><ele>115.74</ele></trkpt>
<trkpt lat="49.6563533" lon="0.2735867"><ele>115.47</ele></trkpt>
<trkpt lat="49.656325" lon="0.2735683"><ele>115.75</ele></trkpt>
<trkpt lat="49.6563017" lon="0.2735467"><ele>115.56</ele></trkpt>
<trkpt lat="49.6562767" lon="0.2735183"><ele>115.25</ele></trkpt>
<trkpt lat="49.6562517" lon="0.273485"><ele>114.95</ele></trkpt>
<trkpt lat="49.65623669999999" lon="0.2734483"><ele>114.76</ele></trkpt>
<trkpt lat="49.6562167" lon="0.27341"><ele>114.35</ele></trkpt>
<trkpt lat="49.6561867" lon="0.27338"><ele>114.33</ele></trkpt>
<trkpt lat="49.65615669999999" lon="0.2733633"><ele>113.95</ele></trkpt>
<trkpt lat="49.65612500000001" lon="0.2733367"><ele>113.65</ele></trkpt>
<trkpt lat="49.6560917" lon="0.273305"><ele>113.44</ele></trkpt>
<trkpt lat="49.6560683" lon="0.2732817"><ele>113.57</ele></trkpt>
<trkpt lat="49.6560383" lon="0.2732517"><ele>113.53</ele></trkpt>
<trkpt lat="49.6560083" lon="0.2732217"><ele>113.25</ele></trkpt>
<trkpt lat="49.6559817" lon="0.2732017"><ele>113.05</ele></trkpt>
<trkpt lat="49.6559583" lon="0.2731783"><ele>112.85</ele></trkpt>
<trkpt lat="49.655925" lon="0.2731467"><ele>112.62</ele></trkpt>
<trkpt lat="49.65590169999999" lon="0.2731233"><ele>112.44</ele></trkpt>
<trkpt lat="49.6558733" lon="0.2730883"><ele>112.38</ele></trkpt>
<trkpt lat="49.655845" lon="0.273065"><ele>112.4</ele></trkpt>
<trkpt lat="49.6558117" lon="0.273035"><ele>112.4</ele></trkpt>
<trkpt lat="49.655785" lon="0.2730117"><ele>112.24</ele></trkpt>
<trkpt lat="49.655755" lon="0.27298"><ele>111.76</ele></trkpt>
<trkpt lat="49.655725" lon="0.2729433"><ele>111.45</ele></trkpt>
<trkpt lat="49.6556933" lon="0.2729067"><ele>111.31</ele></trkpt>
<trkpt lat="49.655665" lon="0.2728717"><ele>111.3</ele></trkpt>
<trkpt lat="49.65564" lon="0.2728367"><ele>111.49</ele></trkpt>
<trkpt lat="49.6556117" lon="0.272805"><ele>111.43</ele></trkpt>
<trkpt lat="49.65557829999999" lon="0.2727733"><ele>111.4</ele></trkpt>
<trkpt lat="49.65555329999999" lon="0.2727533"><ele>111.42</ele></trkpt>
<trkpt lat="49.6555283" lon="0.2727283"><ele>111.34</ele></trkpt>
<trkpt lat="49.6554983" lon="0.2726933"><ele>110.91</ele></trkpt>
<trkpt lat="49.65547" lon="0.27266"><ele>110.38</ele></trkpt>
<trkpt lat="49.6554433" lon="0.2726233"><ele>110.05</ele></trkpt>
<trkpt lat="49.65541330000001" lon="0.2725867"><ele>109.73</ele></trkpt>
<trkpt lat="49.6553917" lon="0.2725617"><ele>109.54</ele></trkpt>
<trkpt lat="49.6553683" lon="0.2725383"><ele>109.44</ele></trkpt>
<trkpt lat="49.6553367" lon="0.2725"><ele>109.5</ele></trkpt>
<trkpt lat="49.6553067" lon="0.2724683"><ele>109.25</ele></trkpt>
<trkpt lat="49.6552767" lon="0.2724333"><ele>109.21</ele></trkpt>
<trkpt lat="49.655245" lon="0.2724"><ele>109.13</ele></trkpt>
<trkpt lat="49.6552133" lon="0.27237"><ele>109.01</ele></trkpt>
<trkpt lat="49.65518000000001" lon="0.2723367"><ele>109.1</ele></trkpt>
<trkpt lat="49.65514670000001" lon="0.2723017"><ele>109.19</ele></trkpt>
<trkpt lat="49.655115" lon="0.272265"><ele>109.02</ele></trkpt>
<trkpt lat="49.6550933" lon="0.2722383"><ele>108.91</ele></trkpt>
<trkpt lat="49.6550617" lon="0.272205"><ele>108.72</ele></trkpt>
<trkpt lat="49.65503" lon="0.2721717"><ele>108.8</ele></trkpt>
<trkpt lat="49.65500670000001" lon="0.2721467"><ele>108.97</ele></trkpt>
<trkpt lat="49.65498170000001" lon="0.272125"><ele>109</ele></trkpt>
<trkpt lat="49.6549583" lon="0.2721033"><ele>109.1</ele></trkpt>
<trkpt lat="49.65493330000001" lon="0.2720783"><ele>109.36</ele></trkpt>
<trkpt lat="49.65490830000001" lon="0.2720567"><ele>109.63</ele></trkpt>
<trkpt lat="49.65488329999999" lon="0.2720333"><ele>109.7</ele></trkpt>
<trkpt lat="49.65486" lon="0.2720067"><ele>109.63</ele></trkpt>
<trkpt lat="49.654835" lon="0.2719783"><ele>109.54</ele></trkpt>
<trkpt lat="49.6548133" lon="0.2719517"><ele>109.42</ele></trkpt>
<trkpt lat="49.6547917" lon="0.2719267"><ele>109.41</ele></trkpt>
<trkpt lat="49.65476000000001" lon="0.2718917"><ele>108.96</ele></trkpt>
<trkpt lat="49.6547383" lon="0.2718667"><ele>108.84</ele></trkpt>
<trkpt lat="49.654715" lon="0.2718417"><ele>108.9</ele></trkpt>
<trkpt lat="49.65469329999999" lon="0.2718167"><ele>109.07</ele></trkpt>
<trkpt lat="49.6546617" lon="0.2717817"><ele>109.26</ele></trkpt>
<trkpt lat="49.65463" lon="0.2717467"><ele>109.3</ele></trkpt>
<trkpt lat="49.65460829999999" lon="0.2717217"><ele>109.3</ele></trkpt>
<trkpt lat="49.6545783" lon="0.2716867"><ele>109.33</ele></trkpt>
<trkpt lat="49.65454830000001" lon="0.2716533"><ele>109.14</ele></trkpt>
<trkpt lat="49.6545183" lon="0.2716217"><ele>108.87</ele></trkpt>
<trkpt lat="49.65448500000001" lon="0.27159"><ele>108.81</ele></trkpt>
<trkpt lat="49.65445170000001" lon="0.2715617"><ele>109.06</ele></trkpt>
<trkpt lat="49.6544283" lon="0.27154"><ele>109.1</ele></trkpt>
<trkpt lat="49.65439670000001" lon="0.27151"><ele>109.01</ele></trkpt>
<trkpt lat="49.6543667" lon="0.27148"><ele>109.08</ele></trkpt>
<trkpt lat="49.6543417" lon="0.2714417"><ele>109.01</ele></trkpt>
<trkpt lat="49.65431170000001" lon="0.2714083"><ele>109.17</ele></trkpt>
<trkpt lat="49.6542833" lon="0.2713767"><ele>109.11</ele></trkpt>
<trkpt lat="49.6542517" lon="0.27135"><ele>108.84</ele></trkpt>
<trkpt lat="49.6542183" lon="0.2713217"><ele>108.9</ele></trkpt>
<trkpt lat="49.6541917" lon="0.2712917"><ele>108.74</ele></trkpt>
<trkpt lat="49.6541667" lon="0.271265"><ele>108.42</ele></trkpt>
<trkpt lat="49.6541367" lon="0.27123"><ele>108.48</ele></trkpt>
<trkpt lat="49.6541133" lon="0.2712033"><ele>108.5</ele></trkpt>
<trkpt lat="49.65409170000001" lon="0.2711783"><ele>108.58</ele></trkpt>
<trkpt lat="49.6540617" lon="0.271145"><ele>108.7</ele></trkpt>
<trkpt lat="49.6540283" lon="0.2711133"><ele>108.78</ele></trkpt>
<trkpt lat="49.6539967" lon="0.2710817"><ele>108.99</ele></trkpt>
<trkpt lat="49.6539683" lon="0.2710517"><ele>109.17</ele></trkpt>
<trkpt lat="49.6539367" lon="0.2710217"><ele>109.23</ele></trkpt>
<trkpt lat="49.653915" lon="0.2709967"><ele>109.14</ele></trkpt>
<trkpt lat="49.6538933" lon="0.2709717"><ele>109.04</ele></trkpt>
<trkpt lat="49.6538617" lon="0.27094"><ele>109.01</ele></trkpt>
<trkpt lat="49.6538317" lon="0.27091"><ele>108.94</ele></trkpt>
<trkpt lat="49.65380329999999" lon="0.2708783"><ele>108.75</ele></trkpt>
<trkpt lat="49.6537767" lon="0.27085"><ele>108.71</ele></trkpt>
<trkpt lat="49.6537467" lon="0.27082"><ele>108.62</ele></trkpt>
<trkpt lat="49.65371829999999" lon="0.2707883"><ele>108.42</ele></trkpt>
<trkpt lat="49.6536867" lon="0.27076"><ele>108.31</ele></trkpt>
<trkpt lat="49.6536517" lon="0.2707317"><ele>108.47</ele></trkpt>
<trkpt lat="49.65362" lon="0.2707033"><ele>108.67</ele></trkpt>
<trkpt lat="49.6535883" lon="0.2706717"><ele>108.8</ele></trkpt>
<trkpt lat="49.6535567" lon="0.2706417"><ele>108.97</ele></trkpt>
<trkpt lat="49.6535267" lon="0.270615"><ele>109.17</ele></trkpt>
<trkpt lat="49.6534967" lon="0.2705867"><ele>109.28</ele></trkpt>
<trkpt lat="49.6534667" lon="0.2705617"><ele>109.33</ele></trkpt>
<trkpt lat="49.6534383" lon="0.2705367"><ele>109.22</ele></trkpt>
<trkpt lat="49.653415" lon="0.270515"><ele>109.12</ele></trkpt>
<trkpt lat="49.653385" lon="0.27049"><ele>108.94</ele></trkpt>
<trkpt lat="49.65335330000001" lon="0.2704683"><ele>109.35</ele></trkpt>
<trkpt lat="49.6533217" lon="0.2704433"><ele>109.59</ele></trkpt>
<trkpt lat="49.65329" lon="0.2704183"><ele>109.89</ele></trkpt>
<trkpt lat="49.653255" lon="0.270395"><ele>110.26</ele></trkpt>
<trkpt lat="49.6532217" lon="0.2703667"><ele>110.05</ele></trkpt>
<trkpt lat="49.65319329999999" lon="0.27034"><ele>109.93</ele></trkpt>
<trkpt lat="49.6531617" lon="0.2703133"><ele>109.89</ele></trkpt>
<trkpt lat="49.6531283" lon="0.2702917"><ele>110</ele></trkpt>
<trkpt lat="49.653095" lon="0.270265"><ele>109.82</ele></trkpt>
<trkpt lat="49.65307000000001" lon="0.2702483"><ele>109.9</ele></trkpt>
<trkpt lat="49.6530433" lon="0.2702317"><ele>110.14</ele></trkpt>
<trkpt lat="49.6530167" lon="0.2702133"><ele>110.43</ele></trkpt>
<trkpt lat="49.6529833" lon="0.2701867"><ele>110.83</ele></trkpt>
<trkpt lat="49.6529483" lon="0.2701633"><ele>111.07</ele></trkpt>
<trkpt lat="49.652915" lon="0.2701367"><ele>111.18</ele></trkpt>
<trkpt lat="49.6528867" lon="0.2701117"><ele>110.95</ele></trkpt>
<trkpt lat="49.6528533" lon="0.2700833"><ele>110.56</ele></trkpt>
<trkpt lat="49.65282000000001" lon="0.270055"><ele>110.22</ele></trkpt>
<trkpt lat="49.65278670000001" lon="0.2700283"><ele>109.78</ele></trkpt>
<trkpt lat="49.6527533" lon="0.2699983"><ele>109.46</ele></trkpt>
<trkpt lat="49.65272" lon="0.269975"><ele>109.31</ele></trkpt>
<trkpt lat="49.6526867" lon="0.2699517"><ele>109.5</ele></trkpt>
<trkpt lat="49.6526567" lon="0.269925"><ele>109.6</ele></trkpt>
<trkpt lat="49.65262500000001" lon="0.2698983"><ele>109.54</ele></trkpt>
<trkpt lat="49.6526017" lon="0.2698767"><ele>109.42</ele></trkpt>
<trkpt lat="49.65257" lon="0.2698517"><ele>109.23</ele></trkpt>
<trkpt lat="49.65253670000001" lon="0.2698267"><ele>109.3</ele></trkpt>
<trkpt lat="49.6525017" lon="0.2698"><ele>109.34</ele></trkpt>
<trkpt lat="49.6524717" lon="0.2697717"><ele>109.41</ele></trkpt>
<trkpt lat="49.65244" lon="0.2697433"><ele>109.24</ele></trkpt>
<trkpt lat="49.65240499999999" lon="0.2697167"><ele>109.12</ele></trkpt>
<trkpt lat="49.6523717" lon="0.2696883"><ele>109.01</ele></trkpt>
<trkpt lat="49.6523483" lon="0.2696667"><ele>109.08</ele></trkpt>
<trkpt lat="49.6523117" lon="0.2696383"><ele>109.27</ele></trkpt>
<trkpt lat="49.6522833" lon="0.2696133"><ele>109.21</ele></trkpt>
<trkpt lat="49.652255" lon="0.2695867"><ele>109.11</ele></trkpt>
<trkpt lat="49.652225" lon="0.2695517"><ele>108.91</ele></trkpt>
<trkpt lat="49.6521933" lon="0.2695217"><ele>108.9</ele></trkpt>
<trkpt lat="49.65216" lon="0.2694933"><ele>109</ele></trkpt>
<trkpt lat="49.6521333" lon="0.2694667"><ele>108.92</ele></trkpt>
<trkpt lat="49.65210330000001" lon="0.269435"><ele>108.74</ele></trkpt>
<trkpt lat="49.6520733" lon="0.2694067"><ele>108.61</ele></trkpt>
<trkpt lat="49.65204499999999" lon="0.2693767"><ele>108.61</ele></trkpt>
<trkpt lat="49.65201500000001" lon="0.269345"><ele>108.63</ele></trkpt>
<trkpt lat="49.651985" lon="0.2693117"><ele>108.61</ele></trkpt>
<trkpt lat="49.6519533" lon="0.26928"><ele>108.61</ele></trkpt>
<trkpt lat="49.65193000000001" lon="0.2692583"><ele>108.36</ele></trkpt>
<trkpt lat="49.65189670000001" lon="0.2692267"><ele>108.54</ele></trkpt>
<trkpt lat="49.6518667" lon="0.2691933"><ele>109.12</ele></trkpt>
<trkpt lat="49.6518383" lon="0.2691617"><ele>109.81</ele></trkpt>
<trkpt lat="49.6518083" lon="0.2691317"><ele>110.4</ele></trkpt>
<trkpt lat="49.65178" lon="0.2691033"><ele>110.86</ele></trkpt>
<trkpt lat="49.65175" lon="0.269075"><ele>111.05</ele></trkpt>
<trkpt lat="49.6517167" lon="0.2690433"><ele>111.25</ele></trkpt>
<trkpt lat="49.65168169999999" lon="0.2690183"><ele>110.53</ele></trkpt>
<trkpt lat="49.65164670000001" lon="0.2689917"><ele>110.18</ele></trkpt>
<trkpt lat="49.6516133" lon="0.268965"><ele>109.85</ele></trkpt>
<trkpt lat="49.6515817" lon="0.2689367"><ele>109.55</ele></trkpt>
<trkpt lat="49.6515467" lon="0.268915"><ele>109.44</ele></trkpt>
<trkpt lat="49.65151169999999" lon="0.2688933"><ele>109.15</ele></trkpt>
<trkpt lat="49.65148" lon="0.26887"><ele>108.92</ele></trkpt>
<trkpt lat="49.6514467" lon="0.268845"><ele>108.88</ele></trkpt>
<trkpt lat="49.651415" lon="0.2688183"><ele>109.07</ele></trkpt>
<trkpt lat="49.65139" lon="0.2688"><ele>109.09</ele></trkpt>
<trkpt lat="49.651355" lon="0.268775"><ele>109.1</ele></trkpt>
<trkpt lat="49.6513183" lon="0.26875"><ele>109.25</ele></trkpt>
<trkpt lat="49.6512917" lon="0.268735"><ele>109.49</ele></trkpt>
<trkpt lat="49.6512583" lon="0.2687133"><ele>109.51</ele></trkpt>
<trkpt lat="49.6512233" lon="0.26869"><ele>109.44</ele></trkpt>
<trkpt lat="49.6511917" lon="0.2686667"><ele>109.15</ele></trkpt>
<trkpt lat="49.65115999999999" lon="0.268645"><ele>108.66</ele></trkpt>
<trkpt lat="49.65112500000001" lon="0.2686217"><ele>108.44</ele></trkpt>
<trkpt lat="49.65109" lon="0.2686033"><ele>108.66</ele></trkpt>
<trkpt lat="49.6510517" lon="0.2685817"><ele>109.06</ele></trkpt>
<trkpt lat="49.6510183" lon="0.2685567"><ele>108.94</ele></trkpt>
<trkpt lat="49.65098" lon="0.2685383"><ele>109.23</ele></trkpt>
<trkpt lat="49.6509433" lon="0.268515"><ele>109.38</ele></trkpt>
<trkpt lat="49.65091" lon="0.26849"><ele>109.67</ele></trkpt>
<trkpt lat="49.65087500000001" lon="0.2684683"><ele>109.97</ele></trkpt>
<trkpt lat="49.650845" lon="0.2684467"><ele>110.01</ele></trkpt>
<trkpt lat="49.65081" lon="0.2684267"><ele>110.18</ele></trkpt>
<trkpt lat="49.650775" lon="0.2684017"><ele>110.3</ele></trkpt>
<trkpt lat="49.6507417" lon="0.2683733"><ele>110.34</ele></trkpt>
<trkpt lat="49.6507167" lon="0.2683533"><ele>110.4</ele></trkpt>
<trkpt lat="49.6506833" lon="0.2683217"><ele>110.72</ele></trkpt>
<trkpt lat="49.6506567" lon="0.2682883"><ele>110.71</ele></trkpt>
<trkpt lat="49.65062999999999" lon="0.268255"><ele>111.04</ele></trkpt>
<trkpt lat="49.6506017" lon="0.2682183"><ele>111.44</ele></trkpt>
<trkpt lat="49.65058" lon="0.2681933"><ele>111.76</ele></trkpt>
<trkpt lat="49.65055329999999" lon="0.2681533"><ele>112.14</ele></trkpt>
<trkpt lat="49.65053170000001" lon="0.2681083"><ele>112.87</ele></trkpt>
<trkpt lat="49.65053" lon="0.2680667"><ele>114.3</ele></trkpt>
<trkpt lat="49.6505117" lon="0.2680217"><ele>115.11</ele></trkpt>
<trkpt lat="49.6504867" lon="0.267985"><ele>115.14</ele></trkpt>
<trkpt lat="49.6504617" lon="0.26795"><ele>115.08</ele></trkpt>
<trkpt lat="49.6504367" lon="0.26791"><ele>115.3</ele></trkpt>
<trkpt lat="49.65040500000001" lon="0.267875"><ele>115.21</ele></trkpt>
<trkpt lat="49.6503783" lon="0.2678417"><ele>115.18</ele></trkpt>
<trkpt lat="49.6503567" lon="0.267815"><ele>115.38</ele></trkpt>
<trkpt lat="49.6503317" lon="0.26779"><ele>115.22</ele></trkpt>
<trkpt lat="49.65030329999999" lon="0.2677683"><ele>114.88</ele></trkpt>
<trkpt lat="49.65026999999999" lon="0.2677467"><ele>114.6</ele></trkpt>
<trkpt lat="49.6502383" lon="0.2677267"><ele>114.52</ele></trkpt>
<trkpt lat="49.65020999999999" lon="0.2677133"><ele>114.55</ele></trkpt>
<trkpt lat="49.6501767" lon="0.2677017"><ele>114.77</ele></trkpt>
<trkpt lat="49.650145" lon="0.2676867"><ele>115.1</ele></trkpt>
<trkpt lat="49.650115" lon="0.2676733"><ele>115.56</ele></trkpt>
<trkpt lat="49.65008670000001" lon="0.2676583"><ele>115.85</ele></trkpt>
<trkpt lat="49.6500567" lon="0.2676583"><ele>116.24</ele></trkpt>
<trkpt lat="49.6500283" lon="0.2676467"><ele>116.47</ele></trkpt>
<trkpt lat="49.6500033" lon="0.267625"><ele>116.5</ele></trkpt>
<trkpt lat="49.649975" lon="0.2675933"><ele>116.51</ele></trkpt>
<trkpt lat="49.64994329999999" lon="0.2675667"><ele>116.35</ele></trkpt>
<trkpt lat="49.6499133" lon="0.2675483"><ele>115.98</ele></trkpt>
<trkpt lat="49.6498817" lon="0.2675333"><ele>115.74</ele></trkpt>
<trkpt lat="49.6498517" lon="0.267525"><ele>115.71</ele></trkpt>
<trkpt lat="49.64982000000001" lon="0.26754"><ele>115.87</ele></trkpt>
<trkpt lat="49.6497883" lon="0.267535"><ele>116.24</ele></trkpt>
<trkpt lat="49.6497583" lon="0.26752"><ele>116.84</ele></trkpt>
<trkpt lat="49.6497283" lon="0.2675017"><ele>117.66</ele></trkpt>
<trkpt lat="49.6497" lon="0.2674667"><ele>118.03</ele></trkpt>
<trkpt lat="49.6496717" lon="0.267445"><ele>118.59</ele></trkpt>
<trkpt lat="49.649635" lon="0.26743"><ele>119.74</ele></trkpt>
<trkpt lat="49.6496017" lon="0.26742"><ele>120.85</ele></trkpt>
<trkpt lat="49.6495767" lon="0.2674033"><ele>121.25</ele></trkpt>
<trkpt lat="49.64954000000001" lon="0.26739"><ele>122.09</ele></trkpt>
<trkpt lat="49.6495017" lon="0.2673817"><ele>122.59</ele></trkpt>
<trkpt lat="49.649465" lon="0.26737"><ele>123.12</ele></trkpt>
<trkpt lat="49.6494283" lon="0.267355"><ele>123.75</ele></trkpt>
<trkpt lat="49.649395" lon="0.2673417"><ele>123.97</ele></trkpt>
<trkpt lat="49.64936" lon="0.26733"><ele>124.13</ele></trkpt>
<trkpt lat="49.64932499999999" lon="0.2673167"><ele>124.09</ele></trkpt>
<trkpt lat="49.6492933" lon="0.2672983"><ele>124.04</ele></trkpt>
<trkpt lat="49.6492617" lon="0.2672833"><ele>124.18</ele></trkpt>
<trkpt lat="49.6492283" lon="0.26727"><ele>124.12</ele></trkpt>
<trkpt lat="49.64919" lon="0.26726"><ele>124.11</ele></trkpt>
<trkpt lat="49.6491567" lon="0.2672517"><ele>123.95</ele></trkpt>
<trkpt lat="49.64912169999999" lon="0.26724"><ele>124</ele></trkpt>
<trkpt lat="49.6490867" lon="0.2672233"><ele>124.46</ele></trkpt>
<trkpt lat="49.6490583" lon="0.267215"><ele>124.42</ele></trkpt>
<trkpt lat="49.6490233" lon="0.2672017"><ele>124.6</ele></trkpt>
<trkpt lat="49.6489983" lon="0.2671783"><ele>125.39</ele></trkpt>
<trkpt lat="49.64897" lon="0.2671633"><ele>125.82</ele></trkpt>
<trkpt lat="49.6489383" lon="0.2671483"><ele>125.83</ele></trkpt>
<trkpt lat="49.64890499999999" lon="0.2671417"><ele>126</ele></trkpt>
<trkpt lat="49.6488733" lon="0.2671333"><ele>125.89</ele></trkpt>
<trkpt lat="49.648835" lon="0.2671267"><ele>125.14</ele></trkpt>
<trkpt lat="49.6488017" lon="0.2671183"><ele>124.58</ele></trkpt>
<trkpt lat="49.6487667" lon="0.2671083"><ele>124.61</ele></trkpt>
<trkpt lat="49.64873170000001" lon="0.2670983"><ele>124.36</ele></trkpt>
<trkpt lat="49.6486983" lon="0.26709"><ele>124.34</ele></trkpt>
<trkpt lat="49.648665" lon="0.2670817"><ele>123.66</ele></trkpt>
<trkpt lat="49.6486317" lon="0.2670667"><ele>123.23</ele></trkpt>
<trkpt lat="49.64859669999999" lon="0.267055"><ele>123.28</ele></trkpt>
<trkpt lat="49.6485667" lon="0.26704"><ele>123.82</ele></trkpt>
<trkpt lat="49.64853669999999" lon="0.267025"><ele>124.46</ele></trkpt>
<trkpt lat="49.6485033" lon="0.2670167"><ele>124.9</ele></trkpt>
<trkpt lat="49.64846829999999" lon="0.26701"><ele>125.2</ele></trkpt>
<trkpt lat="49.6484317" lon="0.2669967"><ele>125.37</ele></trkpt>
<trkpt lat="49.64839670000001" lon="0.2669783"><ele>125.68</ele></trkpt>
<trkpt lat="49.6483633" lon="0.266965"><ele>125.87</ele></trkpt>
<trkpt lat="49.64833329999999" lon="0.2669483"><ele>126.27</ele></trkpt>
<trkpt lat="49.64829829999999" lon="0.2669317"><ele>126.31</ele></trkpt>
<trkpt lat="49.64826330000001" lon="0.26692"><ele>126.38</ele></trkpt>
<trkpt lat="49.64823" lon="0.266905"><ele>126.23</ele></trkpt>
<trkpt lat="49.6481967" lon="0.2668883"><ele>126.12</ele></trkpt>
<trkpt lat="49.64816329999999" lon="0.2668767"><ele>126.12</ele></trkpt>
<trkpt lat="49.6481283" lon="0.2668683"><ele>125.95</ele></trkpt>
<trkpt lat="49.6480933" lon="0.2668567"><ele>125.84</ele></trkpt>
<trkpt lat="49.64806" lon="0.2668433"><ele>125.89</ele></trkpt>
<trkpt lat="49.6480267" lon="0.2668333"><ele>126.01</ele></trkpt>
<trkpt lat="49.647995" lon="0.26682"><ele>125.67</ele></trkpt>
<trkpt lat="49.6479617" lon="0.2668083"><ele>125.27</ele></trkpt>
<trkpt lat="49.6479283" lon="0.2667967"><ele>124.93</ele></trkpt>
<trkpt lat="49.6478933" lon="0.2667817"><ele>125.01</ele></trkpt>
<trkpt lat="49.6478617" lon="0.26677"><ele>124.75</ele></trkpt>
<trkpt lat="49.6478317" lon="0.266755"><ele>124.27</ele></trkpt>
<trkpt lat="49.647805" lon="0.2667483"><ele>124.08</ele></trkpt>
<trkpt lat="49.6477667" lon="0.26674"><ele>123.8</ele></trkpt>
<trkpt lat="49.6477333" lon="0.2667317"><ele>124</ele></trkpt>
<trkpt lat="49.6476983" lon="0.26673"><ele>124.43</ele></trkpt>
<trkpt lat="49.6476617" lon="0.2667133"><ele>124.58</ele></trkpt>
<trkpt lat="49.64762830000001" lon="0.2666917"><ele>125.15</ele></trkpt>
<trkpt lat="49.6475967" lon="0.2666783"><ele>125.48</ele></trkpt>
<trkpt lat="49.6475617" lon="0.2666633"><ele>125.93</ele></trkpt>
<trkpt lat="49.6475267" lon="0.2666483"><ele>126.89</ele></trkpt>
<trkpt lat="49.647495" lon="0.2666283"><ele>127.84</ele></trkpt>
<trkpt lat="49.64747" lon="0.2666067"><ele>129.26</ele></trkpt>
<trkpt lat="49.6474433" lon="0.2665817"><ele>130.05</ele></trkpt>
<trkpt lat="49.64741" lon="0.2665667"><ele>130.42</ele></trkpt>
<trkpt lat="49.647375" lon="0.266555"><ele>131.1</ele></trkpt>
<trkpt lat="49.6473433" lon="0.26654"><ele>131.61</ele></trkpt>
<trkpt lat="49.6473067" lon="0.2665367"><ele>131.42</ele></trkpt>
<trkpt lat="49.6472783" lon="0.2665367"><ele>131.47</ele></trkpt>
<trkpt lat="49.6472417" lon="0.26654"><ele>131.54</ele></trkpt>
<trkpt lat="49.64720669999999" lon="0.26653"><ele>131.38</ele></trkpt>
<trkpt lat="49.647175" lon="0.2665217"><ele>131.17</ele></trkpt>
<trkpt lat="49.6471417" lon="0.26651"><ele>131.1</ele></trkpt>
<trkpt lat="49.64711170000001" lon="0.2664917"><ele>130.5</ele></trkpt>
<trkpt lat="49.6470767" lon="0.2664767"><ele>130.16</ele></trkpt>
<trkpt lat="49.64704499999999" lon="0.2664617"><ele>130.02</ele></trkpt>
<trkpt lat="49.64701169999999" lon="0.266445"><ele>130.08</ele></trkpt>
<trkpt lat="49.6469783" lon="0.26643"><ele>130.53</ele></trkpt>
<trkpt lat="49.64695" lon="0.2664133"><ele>130.85</ele></trkpt>
<trkpt lat="49.6469167" lon="0.2664"><ele>131.43</ele></trkpt>
<trkpt lat="49.64688329999999" lon="0.2663883"><ele>132.22</ele></trkpt>
<trkpt lat="49.64684999999999" lon="0.2663717"><ele>132.15</ele></trkpt>
<trkpt lat="49.64682000000001" lon="0.2663533"><ele>132.26</ele></trkpt>
<trkpt lat="49.6467883" lon="0.2663383"><ele>132.57</ele></trkpt>
<trkpt lat="49.64676000000001" lon="0.266325"><ele>133.27</ele></trkpt>
<trkpt lat="49.6467317" lon="0.2663167"><ele>133.97</ele></trkpt>
<trkpt lat="49.6467117" lon="0.2662883"><ele>134.64</ele></trkpt>
<trkpt lat="49.6466867" lon="0.26627"><ele>130.98</ele></trkpt>
<trkpt lat="49.64665830000001" lon="0.2662767"><ele>130.45</ele></trkpt>
<trkpt lat="49.6466283" lon="0.2662633"><ele>130.35</ele></trkpt>
<trkpt lat="49.6466033" lon="0.26628"><ele>130.29</ele></trkpt>
<trkpt lat="49.64657" lon="0.266315"><ele>128.02</ele></trkpt>
<trkpt lat="49.64653670000001" lon="0.2662583"><ele>129.11</ele></trkpt>
<trkpt lat="49.64651330000001" lon="0.26623"><ele>130.01</ele></trkpt>
<trkpt lat="49.6464783" lon="0.2662367"><ele>130.02</ele></trkpt>
<trkpt lat="49.64645170000001" lon="0.2662483"><ele>129.95</ele></trkpt>
<trkpt lat="49.6464233" lon="0.26626"><ele>129.69</ele></trkpt>
<trkpt lat="49.64639170000001" lon="0.2662617"><ele>129.01</ele></trkpt>
<trkpt lat="49.6463583" lon="0.2662633"><ele>128.47</ele></trkpt>
<trkpt lat="49.64632330000001" lon="0.2662733"><ele>128.58</ele></trkpt>
<trkpt lat="49.64629000000001" lon="0.2662933"><ele>128.88</ele></trkpt>
<trkpt lat="49.6462633" lon="0.2663017"><ele>129.34</ele></trkpt>
<trkpt lat="49.6462333" lon="0.2663083"><ele>129.49</ele></trkpt>
<trkpt lat="49.6461983" lon="0.26632"><ele>129.34</ele></trkpt>
<trkpt lat="49.6461617" lon="0.2663383"><ele>129.3</ele></trkpt>
<trkpt lat="49.6461333" lon="0.2663583"><ele>129.55</ele></trkpt>
<trkpt lat="49.6461017" lon="0.2663617"><ele>129.87</ele></trkpt>
<trkpt lat="49.64606500000001" lon="0.2663617"><ele>130.27</ele></trkpt>
<trkpt lat="49.646035" lon="0.2663767"><ele>130.25</ele></trkpt>
<trkpt lat="49.64600669999999" lon="0.2663833"><ele>130.05</ele></trkpt>
<trkpt lat="49.6459733" lon="0.2663883"><ele>129.64</ele></trkpt>
<trkpt lat="49.6459433" lon="0.266395"><ele>129.17</ele></trkpt>
<trkpt lat="49.6459117" lon="0.2663933"><ele>128.76</ele></trkpt>
<trkpt lat="49.6458817" lon="0.2663783"><ele>128.53</ele></trkpt>
<trkpt lat="49.64585330000001" lon="0.2663683"><ele>128.16</ele></trkpt>
<trkpt lat="49.6458183" lon="0.2663717"><ele>128.1</ele></trkpt>
<trkpt lat="49.6457867" lon="0.2663817"><ele>127.86</ele></trkpt>
<trkpt lat="49.6457533" lon="0.2663767"><ele>127.44</ele></trkpt>
<trkpt lat="49.6457233" lon="0.26637"><ele>127.61</ele></trkpt>
<trkpt lat="49.645685" lon="0.2663633"><ele>127.35</ele></trkpt>
<trkpt lat="49.64565499999999" lon="0.2663583"><ele>126.99</ele></trkpt>
<trkpt lat="49.6456267" lon="0.2663417"><ele>126.66</ele></trkpt>
<trkpt lat="49.64559500000001" lon="0.2663333"><ele>126.88</ele></trkpt>
<trkpt lat="49.645565" lon="0.2663133"><ele>127.06</ele></trkpt>
<trkpt lat="49.64553669999999" lon="0.26629"><ele>127.23</ele></trkpt>
<trkpt lat="49.6455083" lon="0.2662667"><ele>127.74</ele></trkpt>
<trkpt lat="49.6454817" lon="0.2662383"><ele>128.17</ele></trkpt>
<trkpt lat="49.6454533" lon="0.2662067"><ele>128.13</ele></trkpt>
<trkpt lat="49.6454267" lon="0.2661767"><ele>127.93</ele></trkpt>
<trkpt lat="49.6454067" lon="0.2661483"><ele>127.96</ele></trkpt>
<trkpt lat="49.6453867" lon="0.2661167"><ele>128.21</ele></trkpt>
<trkpt lat="49.6453633" lon="0.2660883"><ele>128.32</ele></trkpt>
<trkpt lat="49.64533670000001" lon="0.2660583"><ele>128.6</ele></trkpt>
<trkpt lat="49.6453083" lon="0.2660217"><ele>128.53</ele></trkpt>
<trkpt lat="49.64528" lon="0.2659917"><ele>128.52</ele></trkpt>
<trkpt lat="49.6452483" lon="0.2659617"><ele>128.52</ele></trkpt>
<trkpt lat="49.6452233" lon="0.2659267"><ele>128.33</ele></trkpt>
<trkpt lat="49.6452" lon="0.2658933"><ele>128.25</ele></trkpt>
<trkpt lat="49.64517" lon="0.2658567"><ele>128.41</ele></trkpt>
<trkpt lat="49.64514170000001" lon="0.2658233"><ele>128.26</ele></trkpt>
<trkpt lat="49.6451183" lon="0.265795"><ele>127.96</ele></trkpt>
<trkpt lat="49.6450967" lon="0.26576"><ele>127.94</ele></trkpt>
<trkpt lat="49.645075" lon="0.265725"><ele>128.06</ele></trkpt>
<trkpt lat="49.6450633" lon="0.26568"><ele>128.47</ele></trkpt>
<trkpt lat="49.64503669999999" lon="0.265645"><ele>128.45</ele></trkpt>
<trkpt lat="49.64501499999999" lon="0.2656183"><ele>128.35</ele></trkpt>
<trkpt lat="49.64498500000001" lon="0.2655983"><ele>128.13</ele></trkpt>
<trkpt lat="49.6449583" lon="0.26557"><ele>127.9</ele></trkpt>
<trkpt lat="49.6449333" lon="0.2655383"><ele>127.8</ele></trkpt>
<trkpt lat="49.6449067" lon="0.2654967"><ele>127.55</ele></trkpt>
<trkpt lat="49.64489" lon="0.26546"><ele>127.33</ele></trkpt>
<trkpt lat="49.64487" lon="0.26542"><ele>127.13</ele></trkpt>
<trkpt lat="49.6448433" lon="0.2653883"><ele>126.82</ele></trkpt>
<trkpt lat="49.6448183" lon="0.2653583"><ele>126.23</ele></trkpt>
<trkpt lat="49.6447933" lon="0.2653283"><ele>125.76</ele></trkpt>
<trkpt lat="49.6447667" lon="0.2652883"><ele>125.43</ele></trkpt>
<trkpt lat="49.6447333" lon="0.2652883"><ele>125.93</ele></trkpt>
<trkpt lat="49.6447083" lon="0.2653067"><ele>125.83</ele></trkpt>
<trkpt lat="49.6446867" lon="0.265335"><ele>125.82</ele></trkpt>
<trkpt lat="49.64466329999999" lon="0.26536"><ele>125.92</ele></trkpt>
<trkpt lat="49.6446433" lon="0.2653883"><ele>126.02</ele></trkpt>
<trkpt lat="49.64461670000001" lon="0.2654217"><ele>126.47</ele></trkpt>
<trkpt lat="49.6445817" lon="0.2654267"><ele>126.71</ele></trkpt>
<trkpt lat="49.64455" lon="0.2653967"><ele>126.72</ele></trkpt>
<trkpt lat="49.64453" lon="0.2653667"><ele>126.72</ele></trkpt>
<trkpt lat="49.6445033" lon="0.2653283"><ele>126.66</ele></trkpt>
<trkpt lat="49.6444767" lon="0.26531"><ele>126.38</ele></trkpt>
<trkpt lat="49.644445" lon="0.265315"><ele>126.23</ele></trkpt>
<trkpt lat="49.6444167" lon="0.2653367"><ele>126.29</ele></trkpt>
<trkpt lat="49.64439" lon="0.2653533"><ele>126.51</ele></trkpt>
<trkpt lat="49.6443583" lon="0.2653583"><ele>126.55</ele></trkpt>
<trkpt lat="49.64432829999999" lon="0.2653633"><ele>126.36</ele></trkpt>
<trkpt lat="49.644295" lon="0.2653633"><ele>125.28</ele></trkpt>
<trkpt lat="49.644265" lon="0.265365"><ele>124.16</ele></trkpt>
<trkpt lat="49.64423499999999" lon="0.2653767"><ele>122.85</ele></trkpt>
<trkpt lat="49.6442033" lon="0.2653833"><ele>121.74</ele></trkpt>
<trkpt lat="49.644175" lon="0.265375"><ele>121.11</ele></trkpt>
<trkpt lat="49.644145" lon="0.2653417"><ele>120.42</ele></trkpt>
<trkpt lat="49.64412999999999" lon="0.265305"><ele>120.49</ele></trkpt>
<trkpt lat="49.644125" lon="0.2652633"><ele>120.59</ele></trkpt>
<trkpt lat="49.6441517" lon="0.26523"><ele>120.13</ele></trkpt>
<trkpt lat="49.644175" lon="0.26518"><ele>120.32</ele></trkpt>
<trkpt lat="49.64419670000001" lon="0.2651333"><ele>120.48</ele></trkpt>
<trkpt lat="49.64421" lon="0.265095"><ele>120.75</ele></trkpt>
<trkpt lat="49.644225" lon="0.2650483"><ele>121.24</ele></trkpt>
<trkpt lat="49.6442467" lon="0.2650017"><ele>122.12</ele></trkpt>
<trkpt lat="49.644265" lon="0.2649617"><ele>122.87</ele></trkpt>
<trkpt lat="49.6442783" lon="0.2649233"><ele>123.57</ele></trkpt>
<trkpt lat="49.6442517" lon="0.2649417"><ele>124.64</ele></trkpt>
<trkpt lat="49.64422" lon="0.2649683"><ele>124.04</ele></trkpt>
<trkpt lat="49.6441817" lon="0.2649767"><ele>125.48</ele></trkpt>
<trkpt lat="49.6441533" lon="0.264945"><ele>125.65</ele></trkpt>
<trkpt lat="49.6441317" lon="0.26491"><ele>125.43</ele></trkpt>
<trkpt lat="49.64411170000001" lon="0.264875"><ele>124.91</ele></trkpt>
<trkpt lat="49.6440917" lon="0.26484"><ele>123.95</ele></trkpt>
<trkpt lat="49.6440683" lon="0.2648167"><ele>123.87</ele></trkpt>
<trkpt lat="49.64404" lon="0.2647983"><ele>124.21</ele></trkpt>
<trkpt lat="49.6440167" lon="0.2647667"><ele>124.73</ele></trkpt>
<trkpt lat="49.644" lon="0.2647117"><ele>125.08</ele></trkpt>
<trkpt lat="49.6440033" lon="0.2646583"><ele>125.8</ele></trkpt>
<trkpt lat="49.6440017" lon="0.26461"><ele>126.11</ele></trkpt>
<trkpt lat="49.6439967" lon="0.2645533"><ele>125.93</ele></trkpt>
<trkpt lat="49.6439883" lon="0.2645067"><ele>125.55</ele></trkpt>
<trkpt lat="49.64398169999999" lon="0.26446"><ele>124.7</ele></trkpt>
<trkpt lat="49.6439783" lon="0.2644067"><ele>123.65</ele></trkpt>
<trkpt lat="49.6439783" lon="0.264355"><ele>122.75</ele></trkpt>
<trkpt lat="49.6439783" lon="0.2642983"><ele>121.56</ele></trkpt>
<trkpt lat="49.6439717" lon="0.264245"><ele>120.29</ele></trkpt>
<trkpt lat="49.643965" lon="0.2641933"><ele>119.34</ele></trkpt>
<trkpt lat="49.64395" lon="0.2641367"><ele>118.74</ele></trkpt>
<trkpt lat="49.64393" lon="0.2640833"><ele>118.27</ele></trkpt>
<trkpt lat="49.64392170000001" lon="0.2640267"><ele>118.03</ele></trkpt>
<trkpt lat="49.64390829999999" lon="0.2639717"><ele>118.21</ele></trkpt>
<trkpt lat="49.64389669999999" lon="0.263915"><ele>117.93</ele></trkpt>
<trkpt lat="49.643885" lon="0.2638617"><ele>117.63</ele></trkpt>
<trkpt lat="49.64387169999999" lon="0.263815"><ele>117.53</ele></trkpt>
<trkpt lat="49.6438567" lon="0.2637667"><ele>117.35</ele></trkpt>
<trkpt lat="49.64384500000001" lon="0.2637167"><ele>117.2</ele></trkpt>
<trkpt lat="49.6438383" lon="0.26367"><ele>117.54</ele></trkpt>
<trkpt lat="49.6438333" lon="0.2636133"><ele>118.16</ele></trkpt>
<trkpt lat="49.64383" lon="0.2635567"><ele>118.27</ele></trkpt>
<trkpt lat="49.643835" lon="0.2635017"><ele>118.22</ele></trkpt>
<trkpt lat="49.64383" lon="0.2634567"><ele>118.31</ele></trkpt>
<trkpt lat="49.64383" lon="0.2634117"><ele>118.16</ele></trkpt>
<trkpt lat="49.643825" lon="0.263355"><ele>117.86</ele></trkpt>
<trkpt lat="49.643825" lon="0.2633"><ele>117.54</ele></trkpt>
<trkpt lat="49.64382329999999" lon="0.2632483"><ele>117.61</ele></trkpt>
<trkpt lat="49.64382000000001" lon="0.263195"><ele>117.82</ele></trkpt>
<trkpt lat="49.64382329999999" lon="0.2631383"><ele>118.46</ele></trkpt>
<trkpt lat="49.6438283" lon="0.2630783"><ele>118.88</ele></trkpt>
<trkpt lat="49.6438333" lon="0.263035"><ele>119.4</ele></trkpt>
<trkpt lat="49.64384500000001" lon="0.26299"><ele>119.64</ele></trkpt>
<trkpt lat="49.6438667" lon="0.2629467"><ele>119.87</ele></trkpt>
<trkpt lat="49.64388" lon="0.262905"><ele>120.01</ele></trkpt>
<trkpt lat="49.6438933" lon="0.2628683"><ele>119.93</ele></trkpt>
<trkpt lat="49.643905" lon="0.2628267"><ele>119.9</ele></trkpt>
<trkpt lat="49.6439167" lon="0.26278"><ele>119.52</ele></trkpt>
<trkpt lat="49.6439283" lon="0.26273"><ele>118.65</ele></trkpt>
<trkpt lat="49.6439317" lon="0.2626833"><ele>118.1</ele></trkpt>
<trkpt lat="49.64394" lon="0.2626317"><ele>116.69</ele></trkpt>
<trkpt lat="49.643945" lon="0.26259"><ele>116.14</ele></trkpt>
<trkpt lat="49.64395830000001" lon="0.2625517"><ele>116.12</ele></trkpt>
<trkpt lat="49.6439867" lon="0.2625133"><ele>116.99</ele></trkpt>
<trkpt lat="49.6440083" lon="0.2624867"><ele>117.18</ele></trkpt>
<trkpt lat="49.6440333" lon="0.2624567"><ele>117.53</ele></trkpt>
<trkpt lat="49.644065" lon="0.262435"><ele>118.13</ele></trkpt>
<trkpt lat="49.64409" lon="0.2624167"><ele>118.86</ele></trkpt>
<trkpt lat="49.64412169999999" lon="0.262395"><ele>119.89</ele></trkpt>
<trkpt lat="49.6441633" lon="0.2623783"><ele>120.8</ele></trkpt>
<trkpt lat="49.6442" lon="0.262355"><ele>121.08</ele></trkpt>
<trkpt lat="49.644225" lon="0.2623333"><ele>121.05</ele></trkpt>
<trkpt lat="49.6442517" lon="0.26232"><ele>120.93</ele></trkpt>
<trkpt lat="49.64429000000001" lon="0.2623017"><ele>121.44</ele></trkpt>
<trkpt lat="49.644315" lon="0.2622833"><ele>122.02</ele></trkpt>
<trkpt lat="49.6443483" lon="0.26225"><ele>122.63</ele></trkpt>
<trkpt lat="49.6443817" lon="0.26222"><ele>122.72</ele></trkpt>
<trkpt lat="49.6444067" lon="0.2621967"><ele>123.04</ele></trkpt>
<trkpt lat="49.64442999999999" lon="0.262175"><ele>123.29</ele></trkpt>
<trkpt lat="49.6444533" lon="0.2621533"><ele>123.55</ele></trkpt>
<trkpt lat="49.64448169999999" lon="0.2621167"><ele>124.28</ele></trkpt>
<trkpt lat="49.64451499999999" lon="0.262085"><ele>123.97</ele></trkpt>
<trkpt lat="49.644545" lon="0.2620533"><ele>123.99</ele></trkpt>
<trkpt lat="49.644575" lon="0.2620217"><ele>124.02</ele></trkpt>
<trkpt lat="49.644605" lon="0.26199"><ele>123.59</ele></trkpt>
<trkpt lat="49.6446367" lon="0.2619533"><ele>122.68</ele></trkpt>
<trkpt lat="49.6446683" lon="0.2619233"><ele>121.58</ele></trkpt>
<trkpt lat="49.6446967" lon="0.2619"><ele>120.48</ele></trkpt>
<trkpt lat="49.64473169999999" lon="0.2618717"><ele>119.46</ele></trkpt>
<trkpt lat="49.64476499999999" lon="0.2618533"><ele>119.23</ele></trkpt>
<trkpt lat="49.64479830000001" lon="0.2618233"><ele>118.99</ele></trkpt>
<trkpt lat="49.64482499999999" lon="0.2617783"><ele>118.57</ele></trkpt>
<trkpt lat="49.64485329999999" lon="0.261735"><ele>118.36</ele></trkpt>
<trkpt lat="49.6448767" lon="0.2617083"><ele>118.09</ele></trkpt>
<trkpt lat="49.6449067" lon="0.26167"><ele>117.8</ele></trkpt>
<trkpt lat="49.64492669999999" lon="0.26164"><ele>117.91</ele></trkpt>
<trkpt lat="49.64495" lon="0.2616133"><ele>117.9</ele></trkpt>
<trkpt lat="49.6449783" lon="0.2615767"><ele>118.03</ele></trkpt>
<trkpt lat="49.64500170000001" lon="0.2615517"><ele>118.11</ele></trkpt>
<trkpt lat="49.6450217" lon="0.2615233"><ele>118.28</ele></trkpt>
<trkpt lat="49.6450383" lon="0.2614883"><ele>118.41</ele></trkpt>
<trkpt lat="49.6450667" lon="0.2614433"><ele>118.49</ele></trkpt>
<trkpt lat="49.6450967" lon="0.261415"><ele>119.01</ele></trkpt>
<trkpt lat="49.64512" lon="0.2613917"><ele>119.52</ele></trkpt>
<trkpt lat="49.6451517" lon="0.2613583"><ele>119.62</ele></trkpt>
<trkpt lat="49.6451783" lon="0.2613167"><ele>119.83</ele></trkpt>
<trkpt lat="49.6452033" lon="0.2612767"><ele>119.85</ele></trkpt>
<trkpt lat="49.64523" lon="0.2612417"><ele>119.67</ele></trkpt>
<trkpt lat="49.6452583" lon="0.2612067"><ele>119.9</ele></trkpt>
<trkpt lat="49.64528669999999" lon="0.261165"><ele>119.52</ele></trkpt>
<trkpt lat="49.6453133" lon="0.2611217"><ele>118.88</ele></trkpt>
<trkpt lat="49.64533670000001" lon="0.2610783"><ele>118.23</ele></trkpt>
<trkpt lat="49.64536" lon="0.2610367"><ele>117.6</ele></trkpt>
<trkpt lat="49.645385" lon="0.261"><ele>117.26</ele></trkpt>
<trkpt lat="49.6454017" lon="0.2609483"><ele>117.45</ele></trkpt>
<trkpt lat="49.64542" lon="0.2608967"><ele>118.1</ele></trkpt>
<trkpt lat="49.6454417" lon="0.2608533"><ele>118.53</ele></trkpt>
<trkpt lat="49.64547" lon="0.2608167"><ele>118.51</ele></trkpt>
<trkpt lat="49.6454917" lon="0.2607917"><ele>118.5</ele></trkpt>
<trkpt lat="49.6455133" lon="0.2607633"><ele>118.59</ele></trkpt>
<trkpt lat="49.64554" lon="0.2607183"><ele>118.81</ele></trkpt>
<trkpt lat="49.64556" lon="0.26069"><ele>119.05</ele></trkpt>
<trkpt lat="49.6455817" lon="0.260645"><ele>119.05</ele></trkpt>
<trkpt lat="49.6456" lon="0.26061"><ele>119.16</ele></trkpt>
<trkpt lat="49.64562000000001" lon="0.260565"><ele>119.44</ele></trkpt>
<trkpt lat="49.64564" lon="0.2605217"><ele>118.97</ele></trkpt>
<trkpt lat="49.6456633" lon="0.2604717"><ele>119.53</ele></trkpt>
<trkpt lat="49.64569" lon="0.2604267"><ele>120.25</ele></trkpt>
<trkpt lat="49.64570830000001" lon="0.2603933"><ele>120.63</ele></trkpt>
<trkpt lat="49.645725" lon="0.2603583"><ele>120.78</ele></trkpt>
<trkpt lat="49.6457467" lon="0.2603117"><ele>120.56</ele></trkpt>
<trkpt lat="49.6457667" lon="0.2602667"><ele>120.34</ele></trkpt>
<trkpt lat="49.6457833" lon="0.2602333"><ele>120.09</ele></trkpt>
<trkpt lat="49.64580329999999" lon="0.2601867"><ele>119.31</ele></trkpt>
<trkpt lat="49.6458233" lon="0.2601433"><ele>119.28</ele></trkpt>
<trkpt lat="49.6458433" lon="0.2600933"><ele>119.29</ele></trkpt>
<trkpt lat="49.6458583" lon="0.2600567"><ele>119.38</ele></trkpt>
<trkpt lat="49.6458767" lon="0.2600083"><ele>119.74</ele></trkpt>
<trkpt lat="49.6458917" lon="0.2599733"><ele>119.67</ele></trkpt>
<trkpt lat="49.6459117" lon="0.2599333"><ele>119.21</ele></trkpt>
<trkpt lat="49.6459333" lon="0.2598883"><ele>118.58</ele></trkpt>
<trkpt lat="49.64596" lon="0.2598433"><ele>118.38</ele></trkpt>
<trkpt lat="49.64598000000001" lon="0.2598133"><ele>118.14</ele></trkpt>
<trkpt lat="49.64600669999999" lon="0.259765"><ele>118.03</ele></trkpt>
<trkpt lat="49.64603" lon="0.2597217"><ele>117.54</ele></trkpt>
<trkpt lat="49.6460517" lon="0.2596783"><ele>117.43</ele></trkpt>
<trkpt lat="49.6460717" lon="0.2596317"><ele>117.19</ele></trkpt>
<trkpt lat="49.6460933" lon="0.2595883"><ele>117.11</ele></trkpt>
<trkpt lat="49.64611670000001" lon="0.259545"><ele>116.93</ele></trkpt>
<trkpt lat="49.64614170000001" lon="0.2595017"><ele>116.85</ele></trkpt>
<trkpt lat="49.6461617" lon="0.2594617"><ele>116.7</ele></trkpt>
<trkpt lat="49.6461867" lon="0.2594333"><ele>117.16</ele></trkpt>
<trkpt lat="49.6462117" lon="0.25941"><ele>117.19</ele></trkpt>
<trkpt lat="49.6462333" lon="0.259375"><ele>116.98</ele></trkpt>
<trkpt lat="49.64625" lon="0.2593383"><ele>116.69</ele></trkpt>
<trkpt lat="49.6462633" lon="0.2592967"><ele>116.53</ele></trkpt>
<trkpt lat="49.6462717" lon="0.2592533"><ele>116.59</ele></trkpt>
<trkpt lat="49.646285" lon="0.2591983"><ele>116.71</ele></trkpt>
<trkpt lat="49.64629330000001" lon="0.259145"><ele>117.06</ele></trkpt>
<trkpt lat="49.6463033" lon="0.259085"><ele>117.45</ele></trkpt>
<trkpt lat="49.64631500000001" lon="0.259035"><ele>117.61</ele></trkpt>
<trkpt lat="49.64632330000001" lon="0.2589767"><ele>117.36</ele></trkpt>
<trkpt lat="49.64633" lon="0.25893"><ele>116.77</ele></trkpt>
<trkpt lat="49.646335" lon="0.2588717"><ele>116.38</ele></trkpt>
<trkpt lat="49.6463367" lon="0.2588183"><ele>116.15</ele></trkpt>
<trkpt lat="49.6463383" lon="0.2587617"><ele>115.95</ele></trkpt>
<trkpt lat="49.6463367" lon="0.2587133"><ele>115.64</ele></trkpt>
<trkpt lat="49.64634169999999" lon="0.2586533"><ele>115.22</ele></trkpt>
<trkpt lat="49.6463433" lon="0.25861"><ele>115.22</ele></trkpt>
<trkpt lat="49.6463433" lon="0.2585517"><ele>115.31</ele></trkpt>
<trkpt lat="49.64634" lon="0.2584967"><ele>115.06</ele></trkpt>
<trkpt lat="49.6463383" lon="0.2584417"><ele>114.92</ele></trkpt>
<trkpt lat="49.64634169999999" lon="0.2583867"><ele>115.15</ele></trkpt>
<trkpt lat="49.646345" lon="0.2583283"><ele>115.33</ele></trkpt>
<trkpt lat="49.6463483" lon="0.2582867"><ele>115.16</ele></trkpt>
<trkpt lat="49.646345" lon="0.2582317"><ele>115.21</ele></trkpt>
<trkpt lat="49.6463467" lon="0.25818"><ele>115.47</ele></trkpt>
<trkpt lat="49.6463467" lon="0.25812"><ele>115.38</ele></trkpt>
<trkpt lat="49.6463517" lon="0.25806"><ele>114.96</ele></trkpt>
<trkpt lat="49.64634999999999" lon="0.2580183"><ele>115.15</ele></trkpt>
<trkpt lat="49.6463517" lon="0.2579767"><ele>115.44</ele></trkpt>
<trkpt lat="49.6463567" lon="0.2579183"><ele>115.74</ele></trkpt>
<trkpt lat="49.6463617" lon="0.257875"><ele>115.97</ele></trkpt>
<trkpt lat="49.64636670000001" lon="0.2578317"><ele>116.01</ele></trkpt>
<trkpt lat="49.6463733" lon="0.2577883"><ele>116.01</ele></trkpt>
<trkpt lat="49.64638" lon="0.25773"><ele>115.76</ele></trkpt>
<trkpt lat="49.6463967" lon="0.257685"><ele>115.46</ele></trkpt>
<trkpt lat="49.64641" lon="0.25763"><ele>115.32</ele></trkpt>
<trkpt lat="49.6464217" lon="0.2575733"><ele>115.31</ele></trkpt>
<trkpt lat="49.64643" lon="0.257515"><ele>115.59</ele></trkpt>
<trkpt lat="49.6464433" lon="0.2574617"><ele>115.8</ele></trkpt>
<trkpt lat="49.646455" lon="0.2574133"><ele>115.77</ele></trkpt>
<trkpt lat="49.646475" lon="0.257365"><ele>115.39</ele></trkpt>
<trkpt lat="49.64649" lon="0.25731"><ele>115.38</ele></trkpt>
<trkpt lat="49.6465083" lon="0.2572683"><ele>115.11</ele></trkpt>
<trkpt lat="49.64652329999999" lon="0.257225"><ele>114.77</ele></trkpt>
<trkpt lat="49.6465383" lon="0.257185"><ele>114.51</ele></trkpt>
<trkpt lat="49.6465533" lon="0.2571483"><ele>114.08</ele></trkpt>
<trkpt lat="49.64656170000001" lon="0.2570917"><ele>114.04</ele></trkpt>
<trkpt lat="49.64658" lon="0.2570417"><ele>113.5</ele></trkpt>
<trkpt lat="49.6465967" lon="0.256995"><ele>112.73</ele></trkpt>
<trkpt lat="49.6466133" lon="0.2569433"><ele>112.07</ele></trkpt>
<trkpt lat="49.64662499999999" lon="0.2568867"><ele>111.92</ele></trkpt>
<trkpt lat="49.6466317" lon="0.2568433"><ele>111.98</ele></trkpt>
<trkpt lat="49.6466483" lon="0.2567883"><ele>111.92</ele></trkpt>
<trkpt lat="49.646665" lon="0.256735"><ele>111.5</ele></trkpt>
<trkpt lat="49.64667500000001" lon="0.25668"><ele>110.97</ele></trkpt>
<trkpt lat="49.64668" lon="0.2566383"><ele>110.67</ele></trkpt>
<trkpt lat="49.6466783" lon="0.2565933"><ele>110.67</ele></trkpt>
<trkpt lat="49.6466783" lon="0.256545"><ele>111.05</ele></trkpt>
<trkpt lat="49.6466867" lon="0.2564867"><ele>111.12</ele></trkpt>
<trkpt lat="49.6466917" lon="0.25643"><ele>111.16</ele></trkpt>
<trkpt lat="49.646695" lon="0.2563733"><ele>111.62</ele></trkpt>
<trkpt lat="49.6467" lon="0.25632"><ele>111.54</ele></trkpt>
<trkpt lat="49.6467083" lon="0.2562683"><ele>111.31</ele></trkpt>
<trkpt lat="49.6467167" lon="0.2562117"><ele>111.15</ele></trkpt>
<trkpt lat="49.6467233" lon="0.2561667"><ele>110.96</ele></trkpt>
<trkpt lat="49.646725" lon="0.256125"><ele>110.81</ele></trkpt>
<trkpt lat="49.64672670000001" lon="0.2560683"><ele>111.14</ele></trkpt>
<trkpt lat="49.6467317" lon="0.2560117"><ele>111.63</ele></trkpt>
<trkpt lat="49.64673830000001" lon="0.2559583"><ele>111.97</ele></trkpt>
<trkpt lat="49.6467417" lon="0.2559017"><ele>112.04</ele></trkpt>
<trkpt lat="49.6467417" lon="0.25586"><ele>111.95</ele></trkpt>
<trkpt lat="49.64675" lon="0.255815"><ele>111.85</ele></trkpt>
<trkpt lat="49.6467583" lon="0.2557583"><ele>111.3</ele></trkpt>
<trkpt lat="49.64676330000001" lon="0.2557017"><ele>111.05</ele></trkpt>
<trkpt lat="49.64676830000001" lon="0.2556517"><ele>111.36</ele></trkpt>
<trkpt lat="49.64676000000001" lon="0.255595"><ele>111.91</ele></trkpt>
<trkpt lat="49.64676499999999" lon="0.2555483"><ele>112.16</ele></trkpt>
<trkpt lat="49.646775" lon="0.2554983"><ele>112.28</ele></trkpt>
<trkpt lat="49.6467833" lon="0.2554517"><ele>112.47</ele></trkpt>
<trkpt lat="49.6467883" lon="0.25541"><ele>112.58</ele></trkpt>
<trkpt lat="49.64679499999999" lon="0.2553517"><ele>113.04</ele></trkpt>
<trkpt lat="49.6468" lon="0.2553"><ele>113.24</ele></trkpt>
<trkpt lat="49.646805" lon="0.2552417"><ele>113.14</ele></trkpt>
<trkpt lat="49.6468083" lon="0.2551983"><ele>113.05</ele></trkpt>
<trkpt lat="49.646815" lon="0.2551567"><ele>113.11</ele></trkpt>
<trkpt lat="49.6468267" lon="0.2551133"><ele>113.11</ele></trkpt>
<trkpt lat="49.6468383" lon="0.255075"><ele>113.09</ele></trkpt>
<trkpt lat="49.6468433" lon="0.2550333"><ele>113.02</ele></trkpt>
<trkpt lat="49.64684669999999" lon="0.2549733"><ele>112.82</ele></trkpt>
<trkpt lat="49.6468567" lon="0.2549183"><ele>112.67</ele></trkpt>
<trkpt lat="49.6468633" lon="0.2548617"><ele>112.33</ele></trkpt>
<trkpt lat="49.6468683" lon="0.2548"><ele>112.29</ele></trkpt>
<trkpt lat="49.6468667" lon="0.2547433"><ele>112.35</ele></trkpt>
<trkpt lat="49.64687" lon="0.2546833"><ele>112.25</ele></trkpt>
<trkpt lat="49.64687499999999" lon="0.254625"><ele>112.03</ele></trkpt>
<trkpt lat="49.64688" lon="0.2545667"><ele>111.92</ele></trkpt>
<trkpt lat="49.646885" lon="0.2545083"><ele>112.1</ele></trkpt>
<trkpt lat="49.6468917" lon="0.2544467"><ele>112.08</ele></trkpt>
<trkpt lat="49.6468917" lon="0.254405"><ele>112.27</ele></trkpt>
<trkpt lat="49.64689" lon="0.2543633"><ele>112.56</ele></trkpt>
<trkpt lat="49.6468883" lon="0.2543033"><ele>112.99</ele></trkpt>
<trkpt lat="49.64689" lon="0.254245"><ele>112.94</ele></trkpt>
<trkpt lat="49.646895" lon="0.2541867"><ele>112.91</ele></trkpt>
<trkpt lat="49.646895" lon="0.25413"><ele>113.1</ele></trkpt>
<trkpt lat="49.6468983" lon="0.2540717"><ele>113.4</ele></trkpt>
<trkpt lat="49.646905" lon="0.2540283"><ele>113.41</ele></trkpt>
<trkpt lat="49.6469067" lon="0.2539667"><ele>113.66</ele></trkpt>
<trkpt lat="49.6469017" lon="0.2539067"><ele>113.94</ele></trkpt>
<trkpt lat="49.6469067" lon="0.25385"><ele>114.3</ele></trkpt>
<trkpt lat="49.64691" lon="0.2537917"><ele>114.31</ele></trkpt>
<trkpt lat="49.6469133" lon="0.25374"><ele>114.14</ele></trkpt>
<trkpt lat="49.646915" lon="0.2536817"><ele>113.5</ele></trkpt>
<trkpt lat="49.6469167" lon="0.2536217"><ele>113.32</ele></trkpt>
<trkpt lat="49.6469167" lon="0.2535633"><ele>113.33</ele></trkpt>
<trkpt lat="49.64692" lon="0.2535083"><ele>113.5</ele></trkpt>
<trkpt lat="49.64692170000001" lon="0.2534667"><ele>113.67</ele></trkpt>
<trkpt lat="49.64692170000001" lon="0.253425"><ele>113.8</ele></trkpt>
<trkpt lat="49.64692170000001" lon="0.2533667"><ele>114.33</ele></trkpt>
<trkpt lat="49.6469183" lon="0.2533067"><ele>114.41</ele></trkpt>
<trkpt lat="49.6469183" lon="0.2532483"><ele>114.35</ele></trkpt>
<trkpt lat="49.64692" lon="0.25319"><ele>114.05</ele></trkpt>
<trkpt lat="49.64692500000001" lon="0.2531317"><ele>113.85</ele></trkpt>
<trkpt lat="49.64693" lon="0.253075"><ele>113.88</ele></trkpt>
<trkpt lat="49.64693499999999" lon="0.2530233"><ele>113.82</ele></trkpt>
<trkpt lat="49.64693499999999" lon="0.2529683"><ele>113.9</ele></trkpt>
<trkpt lat="49.6469383" lon="0.2529083"><ele>113.68</ele></trkpt>
<trkpt lat="49.64694329999999" lon="0.252855"><ele>113.45</ele></trkpt>
<trkpt lat="49.6469483" lon="0.2528017"><ele>113.25</ele></trkpt>
<trkpt lat="49.6469517" lon="0.2527483"><ele>112.79</ele></trkpt>
<trkpt lat="49.6469533" lon="0.252695"><ele>112.69</ele></trkpt>
<trkpt lat="49.6469533" lon="0.2526383"><ele>112.55</ele></trkpt>
<trkpt lat="49.646945" lon="0.2525817"><ele>112</ele></trkpt>
<trkpt lat="49.6469467" lon="0.252525"><ele>111.75</ele></trkpt>
<trkpt lat="49.6469467" lon="0.2524833"><ele>111.46</ele></trkpt>
<trkpt lat="49.6469483" lon="0.2524417"><ele>111.26</ele></trkpt>
<trkpt lat="49.6469533" lon="0.2523983"><ele>111.15</ele></trkpt>
<trkpt lat="49.6469533" lon="0.2523567"><ele>111.02</ele></trkpt>
<trkpt lat="49.646955" lon="0.2522967"><ele>110.92</ele></trkpt>
<trkpt lat="49.646955" lon="0.2522367"><ele>110.74</ele></trkpt>
<trkpt lat="49.646955" lon="0.2521917"><ele>110.64</ele></trkpt>
<trkpt lat="49.646955" lon="0.2521483"><ele>110.68</ele></trkpt>
<trkpt lat="49.646955" lon="0.252105"><ele>110.71</ele></trkpt>
<trkpt lat="49.6469583" lon="0.252045"><ele>110.29</ele></trkpt>
<trkpt lat="49.6469633" lon="0.2520017"><ele>109.99</ele></trkpt>
<trkpt lat="49.646965" lon="0.25196"><ele>109.6</ele></trkpt>
<trkpt lat="49.6469667" lon="0.2519017"><ele>109.14</ele></trkpt>
<trkpt lat="49.64697" lon="0.25184"><ele>108.94</ele></trkpt>
<trkpt lat="49.64697" lon="0.25178"><ele>108.7</ele></trkpt>
<trkpt lat="49.6469733" lon="0.2517333"><ele>109.1</ele></trkpt>
<trkpt lat="49.6469767" lon="0.2516917"><ele>109.54</ele></trkpt>
<trkpt lat="49.6469767" lon="0.2516483"><ele>109.88</ele></trkpt>
<trkpt lat="49.6469717" lon="0.25159"><ele>110.16</ele></trkpt>
<trkpt lat="49.6469733" lon="0.25153"><ele>110.57</ele></trkpt>
<trkpt lat="49.6469733" lon="0.2514883"><ele>110.7</ele></trkpt>
<trkpt lat="49.6469733" lon="0.251435"><ele>110.79</ele></trkpt>
<trkpt lat="49.64695999999999" lon="0.2513967"><ele>111.39</ele></trkpt>
<trkpt lat="49.6469633" lon="0.2513517"><ele>111.48</ele></trkpt>
<trkpt lat="49.6469633" lon="0.25131"><ele>111.32</ele></trkpt>
<trkpt lat="49.6469733" lon="0.251265"><ele>111.12</ele></trkpt>
<trkpt lat="49.6469583" lon="0.2512217"><ele>111.04</ele></trkpt>
<trkpt lat="49.6469283" lon="0.2512183"><ele>110.81</ele></trkpt>
<trkpt lat="49.64689670000001" lon="0.2512317"><ele>111.6</ele></trkpt>
<trkpt lat="49.6468567" lon="0.2512417"><ele>111.55</ele></trkpt>
<trkpt lat="49.64682330000001" lon="0.2512583"><ele>111.26</ele></trkpt>
<trkpt lat="49.64679" lon="0.2512683"><ele>111.16</ele></trkpt>
<trkpt lat="49.6467533" lon="0.2512783"><ele>111.14</ele></trkpt>
<trkpt lat="49.6467183" lon="0.251285"><ele>111.02</ele></trkpt>
<trkpt lat="49.64668330000001" lon="0.2512917"><ele>111.24</ele></trkpt>
<trkpt lat="49.64665000000001" lon="0.2512967"><ele>111.85</ele></trkpt>
<trkpt lat="49.6466217" lon="0.251305"><ele>112.18</ele></trkpt>
<trkpt lat="49.64659000000001" lon="0.2513133"><ele>112.56</ele></trkpt>
<trkpt lat="49.6465633" lon="0.25132"><ele>112.8</ele></trkpt>
<trkpt lat="49.6465317" lon="0.25133"><ele>112.91</ele></trkpt>
<trkpt lat="49.6465" lon="0.2513367"><ele>113.26</ele></trkpt>
<trkpt lat="49.64647" lon="0.251335"><ele>113.31</ele></trkpt>
<trkpt lat="49.6464433" lon="0.2513483"><ele>113.25</ele></trkpt>
<trkpt lat="49.64641329999999" lon="0.2513667"><ele>112.95</ele></trkpt>
<trkpt lat="49.6463767" lon="0.2513617"><ele>112.49</ele></trkpt>
<trkpt lat="49.6463467" lon="0.2513617"><ele>112.09</ele></trkpt>
<trkpt lat="49.6463183" lon="0.2513783"><ele>111.68</ele></trkpt>
<trkpt lat="49.646285" lon="0.2513817"><ele>111.24</ele></trkpt>
<trkpt lat="49.6462483" lon="0.2513833"><ele>111.23</ele></trkpt>
<trkpt lat="49.646215" lon="0.251385"><ele>111.47</ele></trkpt>
<trkpt lat="49.6461817" lon="0.2513883"><ele>111.58</ele></trkpt>
<trkpt lat="49.6461467" lon="0.2513967"><ele>112.04</ele></trkpt>
<trkpt lat="49.6461117" lon="0.2514017"><ele>112.46</ele></trkpt>
<trkpt lat="49.6460817" lon="0.251405"><ele>112.7</ele></trkpt>
<trkpt lat="49.64605" lon="0.25141"><ele>112.78</ele></trkpt>
<trkpt lat="49.64601829999999" lon="0.2514133"><ele>113.17</ele></trkpt>
<trkpt lat="49.6459883" lon="0.251415"><ele>113.39</ele></trkpt>
<trkpt lat="49.64595500000001" lon="0.2514133"><ele>113.41</ele></trkpt>
<trkpt lat="49.64592" lon="0.251415"><ele>113.5</ele></trkpt>
<trkpt lat="49.6458883" lon="0.2514283"><ele>113.65</ele></trkpt>
<trkpt lat="49.645855" lon="0.25143"><ele>113.81</ele></trkpt>
<trkpt lat="49.64581999999999" lon="0.2514317"><ele>114.04</ele></trkpt>
<trkpt lat="49.6457883" lon="0.25143"><ele>114.37</ele></trkpt>
<trkpt lat="49.645755" lon="0.251425"><ele>114.31</ele></trkpt>
<trkpt lat="49.6457217" lon="0.25142"><ele>114.38</ele></trkpt>
<trkpt lat="49.645685" lon="0.2514117"><ele>114.5</ele></trkpt>
<trkpt lat="49.6456533" lon="0.2514067"><ele>114.25</ele></trkpt>
<trkpt lat="49.6456183" lon="0.2514"><ele>114.63</ele></trkpt>
<trkpt lat="49.6455833" lon="0.2513883"><ele>115.06</ele></trkpt>
<trkpt lat="49.64555" lon="0.2513817"><ele>115.61</ele></trkpt>
<trkpt lat="49.6455167" lon="0.251375"><ele>115.52</ele></trkpt>
<trkpt lat="49.6454817" lon="0.2513633"><ele>115.51</ele></trkpt>
<trkpt lat="49.645445" lon="0.2513483"><ele>115.63</ele></trkpt>
<trkpt lat="49.6454117" lon="0.2513367"><ele>115.76</ele></trkpt>
<trkpt lat="49.64538329999999" lon="0.2513267"><ele>115.79</ele></trkpt>
<trkpt lat="49.645355" lon="0.2513133"><ele>116.14</ele></trkpt>
<trkpt lat="49.645325" lon="0.2512917"><ele>116.41</ele></trkpt>
<trkpt lat="49.6452933" lon="0.2512767"><ele>116.61</ele></trkpt>
<trkpt lat="49.64526000000001" lon="0.2512633"><ele>117.13</ele></trkpt>
<trkpt lat="49.6452283" lon="0.2512533"><ele>117.47</ele></trkpt>
<trkpt lat="49.6451967" lon="0.2512433"><ele>117.61</ele></trkpt>
<trkpt lat="49.645165" lon="0.2512283"><ele>117.61</ele></trkpt>
<trkpt lat="49.6451317" lon="0.2512167"><ele>117.75</ele></trkpt>
<trkpt lat="49.64509830000001" lon="0.2512067"><ele>117.98</ele></trkpt>
<trkpt lat="49.64506170000001" lon="0.251195"><ele>118.17</ele></trkpt>
<trkpt lat="49.6450267" lon="0.251185"><ele>118.5</ele></trkpt>
<trkpt lat="49.644995" lon="0.2511683"><ele>118.86</ele></trkpt>
<trkpt lat="49.64496" lon="0.25115"><ele>119.17</ele></trkpt>
<trkpt lat="49.6449317" lon="0.2511317"><ele>119.12</ele></trkpt>
<trkpt lat="49.644905" lon="0.251105"><ele>119.11</ele></trkpt>
<trkpt lat="49.64487500000001" lon="0.251085"><ele>119.37</ele></trkpt>
<trkpt lat="49.6448433" lon="0.2510667"><ele>119.69</ele></trkpt>
<trkpt lat="49.64481500000001" lon="0.251045"><ele>120</ele></trkpt>
<trkpt lat="49.6447817" lon="0.2510283"><ele>119.92</ele></trkpt>
<trkpt lat="49.64475" lon="0.25101"><ele>119.57</ele></trkpt>
<trkpt lat="49.64472" lon="0.2509933"><ele>119.68</ele></trkpt>
<trkpt lat="49.6446833" lon="0.25098"><ele>119.69</ele></trkpt>
<trkpt lat="49.6446467" lon="0.2509633"><ele>119.46</ele></trkpt>
<trkpt lat="49.64461" lon="0.2509467"><ele>119.29</ele></trkpt>
<trkpt lat="49.6445717" lon="0.2509283"><ele>119.76</ele></trkpt>
<trkpt lat="49.6445367" lon="0.2509117"><ele>119.88</ele></trkpt>
<trkpt lat="49.644505" lon="0.2508933"><ele>119.94</ele></trkpt>
<trkpt lat="49.6444717" lon="0.250875"><ele>119.82</ele></trkpt>
<trkpt lat="49.6444383" lon="0.2508583"><ele>119.56</ele></trkpt>
<trkpt lat="49.6444067" lon="0.250845"><ele>119.42</ele></trkpt>
<trkpt lat="49.6443767" lon="0.2508333"><ele>119.67</ele></trkpt>
<trkpt lat="49.64434170000001" lon="0.2508183"><ele>119.69</ele></trkpt>
<trkpt lat="49.644305" lon="0.2507967"><ele>119.62</ele></trkpt>
<trkpt lat="49.6442717" lon="0.2507767"><ele>119.8</ele></trkpt>
<trkpt lat="49.6442383" lon="0.2507567"><ele>119.96</ele></trkpt>
<trkpt lat="49.6442033" lon="0.2507367"><ele>120.58</ele></trkpt>
<trkpt lat="49.6441733" lon="0.2507217"><ele>120.29</ele></trkpt>
<trkpt lat="49.64414" lon="0.2507033"><ele>120.38</ele></trkpt>
<trkpt lat="49.64411" lon="0.250685"><ele>121</ele></trkpt>
<trkpt lat="49.64408" lon="0.250665"><ele>121.45</ele></trkpt>
<trkpt lat="49.6440467" lon="0.25065"><ele>121.87</ele></trkpt>
<trkpt lat="49.64401830000001" lon="0.2506383"><ele>122.07</ele></trkpt>
<trkpt lat="49.6439917" lon="0.2506317"><ele>122.43</ele></trkpt>
<trkpt lat="49.6439633" lon="0.2506233"><ele>122.76</ele></trkpt>
<trkpt lat="49.6439267" lon="0.2506117"><ele>123.09</ele></trkpt>
<trkpt lat="49.6438917" lon="0.2505967"><ele>123.02</ele></trkpt>
<trkpt lat="49.6438567" lon="0.25059"><ele>123.02</ele></trkpt>
<trkpt lat="49.6438217" lon="0.2505817"><ele>122.95</ele></trkpt>
<trkpt lat="49.6437883" lon="0.2505833"><ele>122.41</ele></trkpt>
<trkpt lat="49.6437583" lon="0.2505867"><ele>121.61</ele></trkpt>
<trkpt lat="49.6437283" lon="0.2505917"><ele>120.91</ele></trkpt>
<trkpt lat="49.64369" lon="0.2505933"><ele>120.55</ele></trkpt>
<trkpt lat="49.64366" lon="0.2506067"><ele>120.04</ele></trkpt>
<trkpt lat="49.6436667" lon="0.2506483"><ele>120.02</ele></trkpt>
<trkpt lat="49.6436967" lon="0.2506833"><ele>120.02</ele></trkpt>
<trkpt lat="49.6437167" lon="0.2507133"><ele>120.28</ele></trkpt>
<trkpt lat="49.6436933" lon="0.25069"><ele>121.35</ele></trkpt>
<trkpt lat="49.643665" lon="0.25066"><ele>120.14</ele></trkpt>
<trkpt lat="49.64364670000001" lon="0.250615"><ele>119.15</ele></trkpt>
<trkpt lat="49.6436183" lon="0.2505867"><ele>118.13</ele></trkpt>
<trkpt lat="49.6435817" lon="0.2505783"><ele>117.57</ele></trkpt>
<trkpt lat="49.6435433" lon="0.2505717"><ele>117.09</ele></trkpt>
<trkpt lat="49.64351000000001" lon="0.25058"><ele>116.98</ele></trkpt>
<trkpt lat="49.6434733" lon="0.2505833"><ele>116.92</ele></trkpt>
<trkpt lat="49.64343499999999" lon="0.2505783"><ele>116.98</ele></trkpt>
<trkpt lat="49.643405" lon="0.2505717"><ele>117.18</ele></trkpt>
<trkpt lat="49.6433767" lon="0.2505667"><ele>117.44</ele></trkpt>
<trkpt lat="49.64334000000001" lon="0.25056"><ele>117.93</ele></trkpt>
<trkpt lat="49.64331170000001" lon="0.2505567"><ele>117.92</ele></trkpt>
<trkpt lat="49.643285" lon="0.25055"><ele>117.9</ele></trkpt>
<trkpt lat="49.64325170000001" lon="0.25055"><ele>118</ele></trkpt>
<trkpt lat="49.64321330000001" lon="0.2505367"><ele>118.3</ele></trkpt>
<trkpt lat="49.643175" lon="0.2505333"><ele>118.32</ele></trkpt>
<trkpt lat="49.643135" lon="0.25054"><ele>118.42</ele></trkpt>
<trkpt lat="49.64309999999999" lon="0.250545"><ele>118.93</ele></trkpt>
<trkpt lat="49.64306500000001" lon="0.2505467"><ele>119.16</ele></trkpt>
<trkpt lat="49.6430383" lon="0.25054"><ele>119.46</ele></trkpt>
<trkpt lat="49.6429983" lon="0.2505433"><ele>119.59</ele></trkpt>
<trkpt lat="49.6429667" lon="0.2505517"><ele>119.88</ele></trkpt>
<trkpt lat="49.64293829999999" lon="0.25055"><ele>118.62</ele></trkpt>
<trkpt lat="49.64290499999999" lon="0.25054"><ele>117.88</ele></trkpt>
<trkpt lat="49.642865" lon="0.2505283"><ele>117.57</ele></trkpt>
<trkpt lat="49.642825" lon="0.250525"><ele>117.09</ele></trkpt>
<trkpt lat="49.64279169999999" lon="0.2505167"><ele>116.83</ele></trkpt>
<trkpt lat="49.642755" lon="0.2505083"><ele>116.46</ele></trkpt>
<trkpt lat="49.6427167" lon="0.250505"><ele>116.07</ele></trkpt>
<trkpt lat="49.6426817" lon="0.2505067"><ele>115.43</ele></trkpt>
<trkpt lat="49.6426517" lon="0.250505"><ele>114.94</ele></trkpt>
<trkpt lat="49.64262169999999" lon="0.2505017"><ele>114.58</ele></trkpt>
<trkpt lat="49.6425933" lon="0.2505"><ele>114.43</ele></trkpt>
<trkpt lat="49.642565" lon="0.2505017"><ele>114.49</ele></trkpt>
<trkpt lat="49.64253669999999" lon="0.2505017"><ele>114.68</ele></trkpt>
<trkpt lat="49.6424967" lon="0.250495"><ele>115.65</ele></trkpt>
<trkpt lat="49.64245999999999" lon="0.25049"><ele>116.69</ele></trkpt>
<trkpt lat="49.64242500000001" lon="0.2504867"><ele>117.24</ele></trkpt>
<trkpt lat="49.6423933" lon="0.250475"><ele>117.76</ele></trkpt>
<trkpt lat="49.6423567" lon="0.25046"><ele>118.5</ele></trkpt>
<trkpt lat="49.64233" lon="0.25045"><ele>119.16</ele></trkpt>
<trkpt lat="49.64229330000001" lon="0.2504467"><ele>120.11</ele></trkpt>
<trkpt lat="49.6422617" lon="0.2504517"><ele>120.6</ele></trkpt>
<trkpt lat="49.64223499999999" lon="0.2504433"><ele>120.82</ele></trkpt>
<trkpt lat="49.6422217" lon="0.2504833"><ele>122.01</ele></trkpt>
<trkpt lat="49.642195" lon="0.25049"><ele>122.54</ele></trkpt>
<trkpt lat="49.6421617" lon="0.2504833"><ele>122.36</ele></trkpt>
<trkpt lat="49.6421317" lon="0.250475"><ele>121.95</ele></trkpt>
<trkpt lat="49.6421033" lon="0.25047"><ele>121.56</ele></trkpt>
<trkpt lat="49.642075" lon="0.25045"><ele>121.42</ele></trkpt>
<trkpt lat="49.64204829999999" lon="0.2504383"><ele>121.32</ele></trkpt>
<trkpt lat="49.642015" lon="0.25043"><ele>120.86</ele></trkpt>
<trkpt lat="49.64198500000001" lon="0.2504183"><ele>120.78</ele></trkpt>
<trkpt lat="49.6419483" lon="0.2504133"><ele>120.98</ele></trkpt>
<trkpt lat="49.641915" lon="0.250405"><ele>121.35</ele></trkpt>
<trkpt lat="49.6418817" lon="0.2504"><ele>121.61</ele></trkpt>
<trkpt lat="49.6418467" lon="0.250395"><ele>121.27</ele></trkpt>
<trkpt lat="49.6418167" lon="0.2503917"><ele>121.15</ele></trkpt>
<trkpt lat="49.64178669999999" lon="0.2503867"><ele>121.03</ele></trkpt>
<trkpt lat="49.64175500000001" lon="0.25038"><ele>120.5</ele></trkpt>
<trkpt lat="49.641725" lon="0.2503683"><ele>120.14</ele></trkpt>
<trkpt lat="49.641695" lon="0.250355"><ele>120.02</ele></trkpt>
<trkpt lat="49.64166" lon="0.2503483"><ele>120.25</ele></trkpt>
<trkpt lat="49.64162829999999" lon="0.25034"><ele>120.77</ele></trkpt>
<trkpt lat="49.6415967" lon="0.2503333"><ele>121.08</ele></trkpt>
<trkpt lat="49.64156" lon="0.250325"><ele>121.56</ele></trkpt>
<trkpt lat="49.6415283" lon="0.25032"><ele>121.88</ele></trkpt>
<trkpt lat="49.6414967" lon="0.2503167"><ele>122.25</ele></trkpt>
<trkpt lat="49.64146330000001" lon="0.2503133"><ele>122.48</ele></trkpt>
<trkpt lat="49.6414283" lon="0.2503083"><ele>123.04</ele></trkpt>
<trkpt lat="49.64139170000001" lon="0.2503017"><ele>123.57</ele></trkpt>
<trkpt lat="49.641355" lon="0.2502967"><ele>123.8</ele></trkpt>
<trkpt lat="49.64131999999999" lon="0.2502933"><ele>123.76</ele></trkpt>
<trkpt lat="49.6412833" lon="0.2502917"><ele>123.37</ele></trkpt>
<trkpt lat="49.6412483" lon="0.2502883"><ele>123.23</ele></trkpt>
<trkpt lat="49.641215" lon="0.25029"><ele>123.05</ele></trkpt>
<trkpt lat="49.6411867" lon="0.2502867"><ele>123.4</ele></trkpt>
<trkpt lat="49.64115499999999" lon="0.25028"><ele>123.73</ele></trkpt>
<trkpt lat="49.6411233" lon="0.2502767"><ele>123.88</ele></trkpt>
<trkpt lat="49.6410917" lon="0.2502817"><ele>123.66</ele></trkpt>
<trkpt lat="49.6410583" lon="0.2502833"><ele>123.29</ele></trkpt>
<trkpt lat="49.6410233" lon="0.2502817"><ele>123.13</ele></trkpt>
<trkpt lat="49.6409883" lon="0.2502833"><ele>123.19</ele></trkpt>
<trkpt lat="49.6409533" lon="0.25028"><ele>123.9</ele></trkpt>
<trkpt lat="49.64092" lon="0.2502783"><ele>124.26</ele></trkpt>
<trkpt lat="49.640885" lon="0.2502717"><ele>124.58</ele></trkpt>
<trkpt lat="49.6408517" lon="0.2502683"><ele>124.98</ele></trkpt>
<trkpt lat="49.6408183" lon="0.2502733"><ele>125.02</ele></trkpt>
<trkpt lat="49.64078500000001" lon="0.2502733"><ele>125.18</ele></trkpt>
<trkpt lat="49.6407533" lon="0.2502733"><ele>125.48</ele></trkpt>
<trkpt lat="49.6407217" lon="0.25027"><ele>125.54</ele></trkpt>
<trkpt lat="49.6406933" lon="0.250265"><ele>125.55</ele></trkpt>
<trkpt lat="49.6406633" lon="0.2502733"><ele>125.59</ele></trkpt>
<trkpt lat="49.6406317" lon="0.2502717"><ele>125.8</ele></trkpt>
<trkpt lat="49.6406017" lon="0.250275"><ele>125.91</ele></trkpt>
<trkpt lat="49.64057329999999" lon="0.2502733"><ele>125.92</ele></trkpt>
<trkpt lat="49.64053999999999" lon="0.2502683"><ele>126.27</ele></trkpt>
<trkpt lat="49.6405083" lon="0.2502683"><ele>125.99</ele></trkpt>
<trkpt lat="49.6404733" lon="0.2502733"><ele>125.41</ele></trkpt>
<trkpt lat="49.6404417" lon="0.250275"><ele>124.83</ele></trkpt>
<trkpt lat="49.64041" lon="0.25028"><ele>124.47</ele></trkpt>
<trkpt lat="49.64038" lon="0.250285"><ele>124.29</ele></trkpt>
<trkpt lat="49.64034999999999" lon="0.2502833"><ele>124.04</ele></trkpt>
<trkpt lat="49.64032" lon="0.25028"><ele>124.11</ele></trkpt>
<trkpt lat="49.64028669999999" lon="0.2502783"><ele>124.21</ele></trkpt>
<trkpt lat="49.6402533" lon="0.2502817"><ele>124.25</ele></trkpt>
<trkpt lat="49.64022" lon="0.2502817"><ele>124.06</ele></trkpt>
<trkpt lat="49.64019" lon="0.250285"><ele>123.86</ele></trkpt>
<trkpt lat="49.6401583" lon="0.2502933"><ele>123.89</ele></trkpt>
<trkpt lat="49.6401267" lon="0.250295"><ele>124.01</ele></trkpt>
<trkpt lat="49.640095" lon="0.25029"><ele>124.5</ele></trkpt>
<trkpt lat="49.6400583" lon="0.2502867"><ele>124.97</ele></trkpt>
<trkpt lat="49.6400233" lon="0.25029"><ele>125.05</ele></trkpt>
<trkpt lat="49.6399917" lon="0.2502917"><ele>124.86</ele></trkpt>
<trkpt lat="49.6399617" lon="0.25029"><ele>124.64</ele></trkpt>
<trkpt lat="49.63992999999999" lon="0.2502883"><ele>124.46</ele></trkpt>
<trkpt lat="49.6398967" lon="0.2502817"><ele>124.13</ele></trkpt>
<trkpt lat="49.6398633" lon="0.2502817"><ele>123.77</ele></trkpt>
<trkpt lat="49.6398383" lon="0.2502467"><ele>123.28</ele></trkpt>
<trkpt lat="49.6398117" lon="0.2502"><ele>123.2</ele></trkpt>
<trkpt lat="49.63979" lon="0.250175"><ele>123.22</ele></trkpt>
<trkpt lat="49.63977" lon="0.2501467"><ele>123.15</ele></trkpt>
<trkpt lat="49.639745" lon="0.250105"><ele>123.29</ele></trkpt>
<trkpt lat="49.639725" lon="0.2500767"><ele>123.55</ele></trkpt>
<trkpt lat="49.6397017" lon="0.2500417"><ele>123.46</ele></trkpt>
<trkpt lat="49.63967169999999" lon="0.2500017"><ele>123.54</ele></trkpt>
<trkpt lat="49.6396433" lon="0.2499617"><ele>123.55</ele></trkpt>
<trkpt lat="49.6396167" lon="0.2499233"><ele>123.37</ele></trkpt>
<trkpt lat="49.6395933" lon="0.2498883"><ele>123.53</ele></trkpt>
<trkpt lat="49.639575" lon="0.2498567"><ele>123.45</ele></trkpt>
<trkpt lat="49.63955" lon="0.2498133"><ele>124.01</ele></trkpt>
<trkpt lat="49.6395217" lon="0.2497717"><ele>124.9</ele></trkpt>
<trkpt lat="49.6395" lon="0.24973"><ele>125.38</ele></trkpt>
<trkpt lat="49.6394783" lon="0.2496917"><ele>125.75</ele></trkpt>
<trkpt lat="49.6394517" lon="0.2496533"><ele>125.73</ele></trkpt>
<trkpt lat="49.639425" lon="0.249615"><ele>125.53</ele></trkpt>
<trkpt lat="49.63939830000001" lon="0.2495767"><ele>125.34</ele></trkpt>
<trkpt lat="49.639375" lon="0.2495367"><ele>125.49</ele></trkpt>
<trkpt lat="49.639355" lon="0.2495"><ele>125.24</ele></trkpt>
<trkpt lat="49.6393333" lon="0.2494717"><ele>124.97</ele></trkpt>
<trkpt lat="49.63931000000001" lon="0.249435"><ele>124.48</ele></trkpt>
<trkpt lat="49.6392883" lon="0.2493967"><ele>123.93</ele></trkpt>
<trkpt lat="49.6392683" lon="0.2493583"><ele>123.57</ele></trkpt>
<trkpt lat="49.63924329999999" lon="0.2493167"><ele>123.26</ele></trkpt>
<trkpt lat="49.6392183" lon="0.2492833"><ele>123.32</ele></trkpt>
<trkpt lat="49.6391883" lon="0.2492533"><ele>123.44</ele></trkpt>
<trkpt lat="49.63915829999999" lon="0.2492217"><ele>123.17</ele></trkpt>
<trkpt lat="49.6391317" lon="0.2491867"><ele>122.8</ele></trkpt>
<trkpt lat="49.6391033" lon="0.2491467"><ele>122.3</ele></trkpt>
<trkpt lat="49.6390767" lon="0.2491067"><ele>121.88</ele></trkpt>
<trkpt lat="49.63904829999999" lon="0.249065"><ele>121.76</ele></trkpt>
<trkpt lat="49.63902" lon="0.2490267"><ele>121.7</ele></trkpt>
<trkpt lat="49.638995" lon="0.2489867"><ele>121.65</ele></trkpt>
<trkpt lat="49.6389733" lon="0.2489483"><ele>121.79</ele></trkpt>
<trkpt lat="49.63895169999999" lon="0.2489167"><ele>121.75</ele></trkpt>
<trkpt lat="49.6389267" lon="0.2488817"><ele>121.4</ele></trkpt>
<trkpt lat="49.6388983" lon="0.2488417"><ele>121.14</ele></trkpt>
<trkpt lat="49.6388683" lon="0.2488017"><ele>121.12</ele></trkpt>
<trkpt lat="49.63884000000001" lon="0.2487617"><ele>121.45</ele></trkpt>
<trkpt lat="49.63881170000001" lon="0.2487217"><ele>121.78</ele></trkpt>
<trkpt lat="49.638785" lon="0.248685"><ele>121.82</ele></trkpt>
<trkpt lat="49.63876" lon="0.2486433"><ele>121.57</ele></trkpt>
<trkpt lat="49.6387333" lon="0.2486033"><ele>121.62</ele></trkpt>
<trkpt lat="49.6387067" lon="0.2485683"><ele>121.79</ele></trkpt>
<trkpt lat="49.63867830000001" lon="0.2485283"><ele>121.85</ele></trkpt>
<trkpt lat="49.63865000000001" lon="0.2484883"><ele>121.66</ele></trkpt>
<trkpt lat="49.6386233" lon="0.2484517"><ele>121.37</ele></trkpt>
<trkpt lat="49.638595" lon="0.2484117"><ele>121.4</ele></trkpt>
<trkpt lat="49.6385667" lon="0.2483733"><ele>121.77</ele></trkpt>
<trkpt lat="49.63853999999999" lon="0.248335"><ele>122.18</ele></trkpt>
<trkpt lat="49.63851829999999" lon="0.24829"><ele>122.6</ele></trkpt>
<trkpt lat="49.63849" lon="0.24825"><ele>122.79</ele></trkpt>
<trkpt lat="49.6384583" lon="0.2482133"><ele>122.92</ele></trkpt>
<trkpt lat="49.6384333" lon="0.2481683"><ele>123.32</ele></trkpt>
<trkpt lat="49.6384067" lon="0.24813"><ele>123.87</ele></trkpt>
<trkpt lat="49.63838" lon="0.2480983"><ele>124.21</ele></trkpt>
<trkpt lat="49.63835" lon="0.2480667"><ele>125.12</ele></trkpt>
<trkpt lat="49.6383217" lon="0.248055"><ele>126.57</ele></trkpt>
<trkpt lat="49.6382883" lon="0.2480367"><ele>126</ele></trkpt>
<trkpt lat="49.6382617" lon="0.2479917"><ele>125.79</ele></trkpt>
<trkpt lat="49.6382417" lon="0.2479633"><ele>125.73</ele></trkpt>
<trkpt lat="49.6382083" lon="0.247935"><ele>125.54</ele></trkpt>
<trkpt lat="49.638175" lon="0.247915"><ele>125.69</ele></trkpt>
<trkpt lat="49.63815" lon="0.24789"><ele>125.72</ele></trkpt>
<trkpt lat="49.6381233" lon="0.247865"><ele>125.49</ele></trkpt>
<trkpt lat="49.6380983" lon="0.2478467"><ele>125.32</ele></trkpt>
<trkpt lat="49.6380717" lon="0.2478267"><ele>125.67</ele></trkpt>
<trkpt lat="49.6380467" lon="0.2478067"><ele>125.88</ele></trkpt>
<trkpt lat="49.6380117" lon="0.2477767"><ele>125.95</ele></trkpt>
<trkpt lat="49.63798499999999" lon="0.2477567"><ele>126.02</ele></trkpt>
<trkpt lat="49.6379617" lon="0.2477333"><ele>126.28</ele></trkpt>
<trkpt lat="49.63792999999999" lon="0.2477"><ele>126.23</ele></trkpt>
<trkpt lat="49.6379017" lon="0.247675"><ele>126.22</ele></trkpt>
<trkpt lat="49.63787330000001" lon="0.2476533"><ele>126.09</ele></trkpt>
<trkpt lat="49.63784" lon="0.2476267"><ele>125.87</ele></trkpt>
<trkpt lat="49.6378067" lon="0.2475917"><ele>125.99</ele></trkpt>
<trkpt lat="49.637775" lon="0.2475667"><ele>125.86</ele></trkpt>
<trkpt lat="49.63775" lon="0.24755"><ele>125.92</ele></trkpt>
<trkpt lat="49.6377167" lon="0.2475233"><ele>125.83</ele></trkpt>
<trkpt lat="49.63768330000001" lon="0.2474983"><ele>125.99</ele></trkpt>
<trkpt lat="49.6376533" lon="0.24748"><ele>126.49</ele></trkpt>
<trkpt lat="49.63762000000001" lon="0.2474783"><ele>127.08</ele></trkpt>
<trkpt lat="49.63759" lon="0.2474583"><ele>127.67</ele></trkpt>
<trkpt lat="49.637555" lon="0.247425"><ele>128.15</ele></trkpt>
<trkpt lat="49.6375183" lon="0.2473967"><ele>128.23</ele></trkpt>
<trkpt lat="49.63748499999999" lon="0.24737"><ele>127.88</ele></trkpt>
<trkpt lat="49.63745999999999" lon="0.2473533"><ele>127.67</ele></trkpt>
<trkpt lat="49.63743" lon="0.24734"><ele>127.59</ele></trkpt>
<trkpt lat="49.63739669999999" lon="0.2473117"><ele>127.9</ele></trkpt>
<trkpt lat="49.6373683" lon="0.2472833"><ele>127.85</ele></trkpt>
<trkpt lat="49.6373333" lon="0.2472533"><ele>127.83</ele></trkpt>
<trkpt lat="49.63731" lon="0.24722"><ele>127.93</ele></trkpt>
<trkpt lat="49.63728" lon="0.2471767"><ele>127.7</ele></trkpt>
<trkpt lat="49.6372583" lon="0.2471433"><ele>127.38</ele></trkpt>
<trkpt lat="49.6372367" lon="0.24711"><ele>126.92</ele></trkpt>
<trkpt lat="49.637215" lon="0.247075"><ele>126.6</ele></trkpt>
<trkpt lat="49.637195" lon="0.2470417"><ele>126.39</ele></trkpt>
<trkpt lat="49.6371717" lon="0.246995"><ele>126.26</ele></trkpt>
<trkpt lat="49.63715329999999" lon="0.2469567"><ele>125.71</ele></trkpt>
<trkpt lat="49.637135" lon="0.2469233"><ele>125.68</ele></trkpt>
<trkpt lat="49.63711500000001" lon="0.2468817"><ele>125.66</ele></trkpt>
<trkpt lat="49.637095" lon="0.2468417"><ele>125.51</ele></trkpt>
<trkpt lat="49.637075" lon="0.2468"><ele>125.78</ele></trkpt>
<trkpt lat="49.63705" lon="0.2467567"><ele>126.31</ele></trkpt>
<trkpt lat="49.6370233" lon="0.2467183"><ele>126.87</ele></trkpt>
<trkpt lat="49.636995" lon="0.246685"><ele>126.93</ele></trkpt>
<trkpt lat="49.63696329999999" lon="0.2466533"><ele>126.67</ele></trkpt>
<trkpt lat="49.63694" lon="0.2466233"><ele>126.47</ele></trkpt>
<trkpt lat="49.63692000000001" lon="0.246595"><ele>126.52</ele></trkpt>
<trkpt lat="49.6368967" lon="0.24656"><ele>126.41</ele></trkpt>
<trkpt lat="49.636875" lon="0.24653"><ele>126.82</ele></trkpt>
<trkpt lat="49.63685329999999" lon="0.246505"><ele>127.19</ele></trkpt>
<trkpt lat="49.63682" lon="0.2464817"><ele>126.81</ele></trkpt>
<trkpt lat="49.6367967" lon="0.2464567"><ele>126.57</ele></trkpt>
<trkpt lat="49.63676829999999" lon="0.2464217"><ele>126.6</ele></trkpt>
<trkpt lat="49.636745" lon="0.2464"><ele>127.18</ele></trkpt>
<trkpt lat="49.6367167" lon="0.2463617"><ele>128.24</ele></trkpt>
<trkpt lat="49.6367" lon="0.24632"><ele>128.81</ele></trkpt>
<trkpt lat="49.6366783" lon="0.2462833"><ele>129.15</ele></trkpt>
<trkpt lat="49.6366567" lon="0.246245"><ele>129.79</ele></trkpt>
<trkpt lat="49.6366367" lon="0.24621"><ele>130.24</ele></trkpt>
<trkpt lat="49.63661999999999" lon="0.2461767"><ele>130.48</ele></trkpt>
<trkpt lat="49.63659499999999" lon="0.24614"><ele>130.66</ele></trkpt>
<trkpt lat="49.6365717" lon="0.2461033"><ele>129.76</ele></trkpt>
<trkpt lat="49.636545" lon="0.2460583"><ele>129.28</ele></trkpt>
<trkpt lat="49.6365217" lon="0.2460183"><ele>129.1</ele></trkpt>
<trkpt lat="49.6365" lon="0.2459867"><ele>129.36</ele></trkpt>
<trkpt lat="49.6364767" lon="0.2459567"><ele>129.88</ele></trkpt>
<trkpt lat="49.63645" lon="0.2459283"><ele>130.01</ele></trkpt>
<trkpt lat="49.6364283" lon="0.2458967"><ele>130.42</ele></trkpt>
<trkpt lat="49.63640829999999" lon="0.2458567"><ele>130.61</ele></trkpt>
<trkpt lat="49.63638670000001" lon="0.2458233"><ele>130.63</ele></trkpt>
<trkpt lat="49.6363667" lon="0.24579"><ele>130.49</ele></trkpt>
<trkpt lat="49.63634" lon="0.2457417"><ele>130.08</ele></trkpt>
<trkpt lat="49.63631999999999" lon="0.24571"><ele>130.19</ele></trkpt>
<trkpt lat="49.6363033" lon="0.2456767"><ele>130.13</ele></trkpt>
<trkpt lat="49.63628500000001" lon="0.245645"><ele>130.29</ele></trkpt>
<trkpt lat="49.636265" lon="0.2456133"><ele>130.37</ele></trkpt>
<trkpt lat="49.63624329999999" lon="0.24556"><ele>129.89</ele></trkpt>
<trkpt lat="49.6362283" lon="0.2455233"><ele>129.51</ele></trkpt>
<trkpt lat="49.636205" lon="0.2454783"><ele>129.26</ele></trkpt>
<trkpt lat="49.63618329999999" lon="0.2454267"><ele>128.94</ele></trkpt>
<trkpt lat="49.6361667" lon="0.24539"><ele>128.68</ele></trkpt>
<trkpt lat="49.6361517" lon="0.245355"><ele>128.47</ele></trkpt>
<trkpt lat="49.636135" lon="0.24532"><ele>128.59</ele></trkpt>
<trkpt lat="49.6361183" lon="0.2452867"><ele>128.79</ele></trkpt>
<trkpt lat="49.6361017" lon="0.2452517"><ele>128.96</ele></trkpt>
<trkpt lat="49.63608669999999" lon="0.2452133"><ele>129.02</ele></trkpt>
<trkpt lat="49.63606499999999" lon="0.2451617"><ele>129.22</ele></trkpt>
<trkpt lat="49.63605170000001" lon="0.245125"><ele>129.23</ele></trkpt>
<trkpt lat="49.63603669999999" lon="0.2450867"><ele>129.32</ele></trkpt>
<trkpt lat="49.63602670000001" lon="0.2450467"><ele>129.35</ele></trkpt>
<trkpt lat="49.636015" lon="0.2449867"><ele>129.66</ele></trkpt>
<trkpt lat="49.63601000000001" lon="0.244945"><ele>129.88</ele></trkpt>
<trkpt lat="49.6360033" lon="0.2448933"><ele>130.09</ele></trkpt>
<trkpt lat="49.6360033" lon="0.24485"><ele>130.12</ele></trkpt>
<trkpt lat="49.6360033" lon="0.2448067"><ele>130.11</ele></trkpt>
<trkpt lat="49.63600169999999" lon="0.2447467"><ele>130.06</ele></trkpt>
<trkpt lat="49.6360083" lon="0.2446983"><ele>129.57</ele></trkpt>
<trkpt lat="49.63601329999999" lon="0.2446433"><ele>129.21</ele></trkpt>
<trkpt lat="49.63601000000001" lon="0.2446017"><ele>129.3</ele></trkpt>
<trkpt lat="49.6360083" lon="0.244555"><ele>129.39</ele></trkpt>
<trkpt lat="49.6360033" lon="0.244495"><ele>130.1</ele></trkpt>
<trkpt lat="49.636005" lon="0.24445"><ele>130.36</ele></trkpt>
<trkpt lat="49.636005" lon="0.2444083"><ele>130.37</ele></trkpt>
<trkpt lat="49.636" lon="0.244365"><ele>130.38</ele></trkpt>
<trkpt lat="49.636" lon="0.2443233"><ele>130.51</ele></trkpt>
<trkpt lat="49.6359967" lon="0.2442817"><ele>130.36</ele></trkpt>
<trkpt lat="49.63598829999999" lon="0.2442217"><ele>130.36</ele></trkpt>
<trkpt lat="49.63598" lon="0.2441617"><ele>130.09</ele></trkpt>
<trkpt lat="49.635975" lon="0.244105"><ele>129.93</ele></trkpt>
<trkpt lat="49.63597669999999" lon="0.2440433"><ele>129.34</ele></trkpt>
<trkpt lat="49.6359783" lon="0.244"><ele>128.73</ele></trkpt>
<trkpt lat="49.635975" lon="0.2439567"><ele>128.29</ele></trkpt>
<trkpt lat="49.6359683" lon="0.243895"><ele>127.85</ele></trkpt>
<trkpt lat="49.6359617" lon="0.2438333"><ele>127.32</ele></trkpt>
<trkpt lat="49.6359567" lon="0.2437717"><ele>126.8</ele></trkpt>
<trkpt lat="49.6359533" lon="0.2437267"><ele>126.59</ele></trkpt>
<trkpt lat="49.63595000000001" lon="0.2436833"><ele>126.35</ele></trkpt>
<trkpt lat="49.63594670000001" lon="0.243625"><ele>126.09</ele></trkpt>
<trkpt lat="49.635945" lon="0.2435833"><ele>125.8</ele></trkpt>
<trkpt lat="49.63594" lon="0.2435417"><ele>125.41</ele></trkpt>
<trkpt lat="49.6359383" lon="0.2434983"><ele>125.08</ele></trkpt>
<trkpt lat="49.63594" lon="0.2434383"><ele>124.7</ele></trkpt>
<trkpt lat="49.6359383" lon="0.2433767"><ele>124.01</ele></trkpt>
<trkpt lat="49.635935" lon="0.2433167"><ele>123.73</ele></trkpt>
<trkpt lat="49.63593" lon="0.2432633"><ele>123.63</ele></trkpt>
<trkpt lat="49.6359267" lon="0.2432217"><ele>123.56</ele></trkpt>
<trkpt lat="49.63592" lon="0.2431667"><ele>123.39</ele></trkpt>
<trkpt lat="49.635915" lon="0.24311"><ele>122.71</ele></trkpt>
<trkpt lat="49.6359033" lon="0.2430517"><ele>122.2</ele></trkpt>
<trkpt lat="49.6358817" lon="0.2430033"><ele>121.95</ele></trkpt>
<trkpt lat="49.6358683" lon="0.2429633"><ele>122.09</ele></trkpt>
<trkpt lat="49.6358567" lon="0.2429233"><ele>122.38</ele></trkpt>
<trkpt lat="49.635845" lon="0.2428817"><ele>122.67</ele></trkpt>
<trkpt lat="49.6358333" lon="0.2428417"><ele>122.81</ele></trkpt>
<trkpt lat="49.63582" lon="0.2428033"><ele>122.9</ele></trkpt>
<trkpt lat="49.635805" lon="0.2427667"><ele>123.06</ele></trkpt>
<trkpt lat="49.63578999999999" lon="0.2427317"><ele>123.19</ele></trkpt>
<trkpt lat="49.635775" lon="0.242695"><ele>123.29</ele></trkpt>
<trkpt lat="49.6357567" lon="0.2426467"><ele>123.44</ele></trkpt>
<trkpt lat="49.63573829999999" lon="0.242615"><ele>123.5</ele></trkpt>
<trkpt lat="49.63571329999999" lon="0.2425683"><ele>123.27</ele></trkpt>
<trkpt lat="49.635695" lon="0.24252"><ele>123.04</ele></trkpt>
<trkpt lat="49.6356717" lon="0.2424733"><ele>122.83</ele></trkpt>
<trkpt lat="49.63564999999999" lon="0.2424467"><ele>122.97</ele></trkpt>
<trkpt lat="49.63562" lon="0.2424033"><ele>123.12</ele></trkpt>
<trkpt lat="49.6356" lon="0.2423733"><ele>123.13</ele></trkpt>
<trkpt lat="49.6355717" lon="0.2423267"><ele>123.04</ele></trkpt>
<trkpt lat="49.6355517" lon="0.242295"><ele>122.94</ele></trkpt>
<trkpt lat="49.6355267" lon="0.242255"><ele>123.19</ele></trkpt>
<trkpt lat="49.63550170000001" lon="0.2422083"><ele>123.46</ele></trkpt>
<trkpt lat="49.635485" lon="0.242175"><ele>123.52</ele></trkpt>
<trkpt lat="49.6354583" lon="0.24213"><ele>123.6</ele></trkpt>
<trkpt lat="49.635435" lon="0.2420867"><ele>124.42</ele></trkpt>
<trkpt lat="49.6354083" lon="0.24205"><ele>124.96</ele></trkpt>
<trkpt lat="49.6353833" lon="0.24201"><ele>124.76</ele></trkpt>
<trkpt lat="49.6353583" lon="0.2419733"><ele>124.57</ele></trkpt>
<trkpt lat="49.63533170000001" lon="0.2419333"><ele>124.36</ele></trkpt>
<trkpt lat="49.6353017" lon="0.241895"><ele>124.17</ele></trkpt>
<trkpt lat="49.6352783" lon="0.2418733"><ele>124.13</ele></trkpt>
<trkpt lat="49.635245" lon="0.241835"><ele>124.08</ele></trkpt>
<trkpt lat="49.63521329999999" lon="0.2417983"><ele>124.17</ele></trkpt>
<trkpt lat="49.635185" lon="0.2417633"><ele>124.42</ele></trkpt>
<trkpt lat="49.63515330000001" lon="0.2417317"><ele>124.24</ele></trkpt>
<trkpt lat="49.6351333" lon="0.2417017"><ele>124.23</ele></trkpt>
<trkpt lat="49.6351133" lon="0.2416683"><ele>124.32</ele></trkpt>
<trkpt lat="49.6350967" lon="0.241635"><ele>124.17</ele></trkpt>
<trkpt lat="49.6350717" lon="0.2415867"><ele>123.98</ele></trkpt>
<trkpt lat="49.63505" lon="0.2415383"><ele>123.6</ele></trkpt>
<trkpt lat="49.63503" lon="0.2414933"><ele>123.53</ele></trkpt>
<trkpt lat="49.6350133" lon="0.2414433"><ele>123.43</ele></trkpt>
<trkpt lat="49.63499329999999" lon="0.2413917"><ele>123.68</ele></trkpt>
<trkpt lat="49.63497170000001" lon="0.2413417"><ele>123.88</ele></trkpt>
<trkpt lat="49.6349567" lon="0.2413033"><ele>124.1</ele></trkpt>
<trkpt lat="49.6349367" lon="0.2412567"><ele>123.42</ele></trkpt>
<trkpt lat="49.634915" lon="0.24121"><ele>123.16</ele></trkpt>
<trkpt lat="49.6348967" lon="0.2411717"><ele>122.94</ele></trkpt>
<trkpt lat="49.6348783" lon="0.2411333"><ele>122.84</ele></trkpt>
<trkpt lat="49.6348567" lon="0.24109"><ele>122.66</ele></trkpt>
<trkpt lat="49.63483500000001" lon="0.2410417"><ele>122.82</ele></trkpt>
<trkpt lat="49.6348133" lon="0.240995"><ele>122.73</ele></trkpt>
<trkpt lat="49.63479" lon="0.2409567"><ele>122.73</ele></trkpt>
<trkpt lat="49.63477" lon="0.240915"><ele>122.63</ele></trkpt>
<trkpt lat="49.6347467" lon="0.2408717"><ele>122.77</ele></trkpt>
<trkpt lat="49.63472500000001" lon="0.240835"><ele>123.18</ele></trkpt>
<trkpt lat="49.6347067" lon="0.2407967"><ele>123.49</ele></trkpt>
<trkpt lat="49.6346867" lon="0.2407583"><ele>123.37</ele></trkpt>
<trkpt lat="49.634655" lon="0.2407217"><ele>123.58</ele></trkpt>
<trkpt lat="49.6346283" lon="0.2406867"><ele>123.39</ele></trkpt>
<trkpt lat="49.634605" lon="0.2406433"><ele>123.37</ele></trkpt>
<trkpt lat="49.6345833" lon="0.2406067"><ele>123.68</ele></trkpt>
<trkpt lat="49.63456000000001" lon="0.2405783"><ele>123.84</ele></trkpt>
<trkpt lat="49.63453830000001" lon="0.2405383"><ele>124.18</ele></trkpt>
<trkpt lat="49.6345083" lon="0.2404683"><ele>125.52</ele></trkpt>
<trkpt lat="49.634495" lon="0.24042"><ele>125.99</ele></trkpt>
<trkpt lat="49.6344967" lon="0.2403633"><ele>126.25</ele></trkpt>
<trkpt lat="49.6345117" lon="0.240325"><ele>125.9</ele></trkpt>
<trkpt lat="49.63453830000001" lon="0.2402967"><ele>125.73</ele></trkpt>
<trkpt lat="49.63456330000001" lon="0.2402733"><ele>125.82</ele></trkpt>
<trkpt lat="49.6345883" lon="0.2402517"><ele>126.18</ele></trkpt>
<trkpt lat="49.6346183" lon="0.2402317"><ele>126.81</ele></trkpt>
<trkpt lat="49.63464500000001" lon="0.24021"><ele>127.18</ele></trkpt>
<trkpt lat="49.63467169999999" lon="0.2401783"><ele>127.46</ele></trkpt>
<trkpt lat="49.6346983" lon="0.24015"><ele>127.69</ele></trkpt>
<trkpt lat="49.6347317" lon="0.2401167"><ele>127.91</ele></trkpt>
<trkpt lat="49.6347617" lon="0.2400883"><ele>128.02</ele></trkpt>
<trkpt lat="49.63479330000001" lon="0.2400583"><ele>128.28</ele></trkpt>
<trkpt lat="49.6348217" lon="0.2400283"><ele>128.49</ele></trkpt>
<trkpt lat="49.6348517" lon="0.2399967"><ele>128.64</ele></trkpt>
<trkpt lat="49.6348767" lon="0.2399633"><ele>128.23</ele></trkpt>
<trkpt lat="49.6349033" lon="0.2399283"><ele>127.9</ele></trkpt>
<trkpt lat="49.63492999999999" lon="0.2399017"><ele>128.11</ele></trkpt>
<trkpt lat="49.6349567" lon="0.2398783"><ele>128.54</ele></trkpt>
<trkpt lat="49.63498000000001" lon="0.2398483"><ele>129.13</ele></trkpt>
<trkpt lat="49.63500999999999" lon="0.2398133"><ele>129.78</ele></trkpt>
<trkpt lat="49.6350383" lon="0.2397833"><ele>130.21</ele></trkpt>
<trkpt lat="49.6350583" lon="0.2397517"><ele>130.08</ele></trkpt>
<trkpt lat="49.63508" lon="0.239715"><ele>129.94</ele></trkpt>
<trkpt lat="49.63510329999999" lon="0.23968"><ele>130.07</ele></trkpt>
<trkpt lat="49.635125" lon="0.2396533"><ele>130.52</ele></trkpt>
<trkpt lat="49.6351583" lon="0.2396283"><ele>131.26</ele></trkpt>
<trkpt lat="49.6351867" lon="0.2395983"><ele>131.51</ele></trkpt>
<trkpt lat="49.6352083" lon="0.239565"><ele>130.94</ele></trkpt>
<trkpt lat="49.6352367" lon="0.2395383"><ele>130.4</ele></trkpt>
<trkpt lat="49.63526330000001" lon="0.2395083"><ele>130.03</ele></trkpt>
<trkpt lat="49.63528169999999" lon="0.2394767"><ele>129.5</ele></trkpt>
<trkpt lat="49.6353033" lon="0.2394483"><ele>129.14</ele></trkpt>
<trkpt lat="49.6353283" lon="0.2394183"><ele>128.61</ele></trkpt>
<trkpt lat="49.63535" lon="0.2393833"><ele>128.43</ele></trkpt>
<trkpt lat="49.635375" lon="0.2393483"><ele>128.47</ele></trkpt>
<trkpt lat="49.6354" lon="0.239305"><ele>128.1</ele></trkpt>
<trkpt lat="49.63542830000001" lon="0.23927"><ele>127.9</ele></trkpt>
<trkpt lat="49.63546" lon="0.239235"><ele>127.9</ele></trkpt>
<trkpt lat="49.63549" lon="0.2391983"><ele>128.27</ele></trkpt>
<trkpt lat="49.63552" lon="0.2391683"><ele>128.92</ele></trkpt>
<trkpt lat="49.6355483" lon="0.23914"><ele>129.37</ele></trkpt>
<trkpt lat="49.63558" lon="0.23911"><ele>129.48</ele></trkpt>
<trkpt lat="49.6356067" lon="0.239075"><ele>129.26</ele></trkpt>
<trkpt lat="49.6356333" lon="0.23904"><ele>129.32</ele></trkpt>
<trkpt lat="49.63566" lon="0.2390033"><ele>128.94</ele></trkpt>
<trkpt lat="49.6356883" lon="0.2389733"><ele>128.76</ele></trkpt>
<trkpt lat="49.6357167" lon="0.2389433"><ele>128.8</ele></trkpt>
<trkpt lat="49.635745" lon="0.2389167"><ele>129.15</ele></trkpt>
<trkpt lat="49.6357733" lon="0.2388817"><ele>129.23</ele></trkpt>
<trkpt lat="49.63579829999999" lon="0.23885"><ele>129.27</ele></trkpt>
<trkpt lat="49.6358283" lon="0.238815"><ele>129.09</ele></trkpt>
<trkpt lat="49.6358583" lon="0.2387833"><ele>129</ele></trkpt>
<trkpt lat="49.635885" lon="0.2387483"><ele>129.22</ele></trkpt>
<trkpt lat="49.6359117" lon="0.2387133"><ele>129.38</ele></trkpt>
<trkpt lat="49.63594" lon="0.2386817"><ele>129.42</ele></trkpt>
<trkpt lat="49.635965" lon="0.2386467"><ele>129.44</ele></trkpt>
<trkpt lat="49.63598829999999" lon="0.238615"><ele>129.52</ele></trkpt>
<trkpt lat="49.6360167" lon="0.2385867"><ele>129.43</ele></trkpt>
<trkpt lat="49.6360433" lon="0.238555"><ele>129.17</ele></trkpt>
<trkpt lat="49.6360717" lon="0.2385283"><ele>129.12</ele></trkpt>
<trkpt lat="49.6361017" lon="0.238505"><ele>129.12</ele></trkpt>
<trkpt lat="49.63613" lon="0.2384767"><ele>128.93</ele></trkpt>
<trkpt lat="49.6361567" lon="0.2384467"><ele>128.85</ele></trkpt>
<trkpt lat="49.63618329999999" lon="0.238415"><ele>128.89</ele></trkpt>
<trkpt lat="49.63620830000001" lon="0.2383817"><ele>128.75</ele></trkpt>
<trkpt lat="49.63623499999999" lon="0.23835"><ele>128.37</ele></trkpt>
<trkpt lat="49.6362583" lon="0.23832"><ele>128.49</ele></trkpt>
<trkpt lat="49.6362833" lon="0.23829"><ele>128.28</ele></trkpt>
<trkpt lat="49.63631000000001" lon="0.2382667"><ele>127.85</ele></trkpt>
<trkpt lat="49.63634" lon="0.2382433"><ele>128.08</ele></trkpt>
<trkpt lat="49.6363667" lon="0.238215"><ele>128.09</ele></trkpt>
<trkpt lat="49.63639999999999" lon="0.2381967"><ele>128.38</ele></trkpt>
<trkpt lat="49.6364383" lon="0.2382033"><ele>128.68</ele></trkpt>
<trkpt lat="49.6364733" lon="0.23822"><ele>128.8</ele></trkpt>
<trkpt lat="49.6365083" lon="0.2382383"><ele>128.75</ele></trkpt>
<trkpt lat="49.63654330000001" lon="0.2382567"><ele>128.56</ele></trkpt>
<trkpt lat="49.63656999999999" lon="0.2382733"><ele>128.5</ele></trkpt>
<trkpt lat="49.6366017" lon="0.238295"><ele>128.08</ele></trkpt>
<trkpt lat="49.6366333" lon="0.23831"><ele>128.02</ele></trkpt>
<trkpt lat="49.63667000000001" lon="0.2383267"><ele>127.9</ele></trkpt>
<trkpt lat="49.63670499999999" lon="0.2383417"><ele>128.12</ele></trkpt>
<trkpt lat="49.6367317" lon="0.2383517"><ele>128.33</ele></trkpt>
<trkpt lat="49.63676829999999" lon="0.2383667"><ele>128.87</ele></trkpt>
<trkpt lat="49.6368033" lon="0.23838"><ele>129.53</ele></trkpt>
<trkpt lat="49.6368367" lon="0.2383917"><ele>130.27</ele></trkpt>
<trkpt lat="49.6368683" lon="0.2383983"><ele>130.51</ele></trkpt>
<trkpt lat="49.6369067" lon="0.23842"><ele>130.78</ele></trkpt>
<trkpt lat="49.63694" lon="0.23844"><ele>130.85</ele></trkpt>
<trkpt lat="49.6369733" lon="0.2384517"><ele>130.75</ele></trkpt>
<trkpt lat="49.6370033" lon="0.2384633"><ele>130.53</ele></trkpt>
<trkpt lat="49.6370383" lon="0.2384733"><ele>130.43</ele></trkpt>
<trkpt lat="49.6370767" lon="0.2384817"><ele>130.87</ele></trkpt>
<trkpt lat="49.63711" lon="0.2384867"><ele>131.02</ele></trkpt>
<trkpt lat="49.6371483" lon="0.2384883"><ele>131.12</ele></trkpt>
<trkpt lat="49.6371817" lon="0.23849"><ele>131.05</ele></trkpt>
<trkpt lat="49.6372183" lon="0.2384983"><ele>130.77</ele></trkpt>
<trkpt lat="49.6372583" lon="0.238505"><ele>130.72</ele></trkpt>
<trkpt lat="49.63728500000001" lon="0.2385117"><ele>130.65</ele></trkpt>
<trkpt lat="49.637325" lon="0.238515"><ele>130.78</ele></trkpt>
<trkpt lat="49.63736500000001" lon="0.23852"><ele>131.15</ele></trkpt>
<trkpt lat="49.6373933" lon="0.2385283"><ele>131.38</ele></trkpt>
<trkpt lat="49.637435" lon="0.2385367"><ele>131.68</ele></trkpt>
<trkpt lat="49.6374617" lon="0.2385433"><ele>131.79</ele></trkpt>
<trkpt lat="49.63748829999999" lon="0.2385517"><ele>131.82</ele></trkpt>
<trkpt lat="49.6375283" lon="0.2385567"><ele>131.82</ele></trkpt>
<trkpt lat="49.6375683" lon="0.2385583"><ele>131.89</ele></trkpt>
<trkpt lat="49.6376067" lon="0.238565"><ele>132.27</ele></trkpt>
<trkpt lat="49.637645" lon="0.2385733"><ele>132.34</ele></trkpt>
<trkpt lat="49.63768330000001" lon="0.238585"><ele>132.48</ele></trkpt>
<trkpt lat="49.63772" lon="0.238595"><ele>132.52</ele></trkpt>
<trkpt lat="49.6377583" lon="0.2386"><ele>132.49</ele></trkpt>
<trkpt lat="49.637795" lon="0.238605"><ele>132.87</ele></trkpt>
<trkpt lat="49.6378333" lon="0.2386083"><ele>133.18</ele></trkpt>
<trkpt lat="49.6378717" lon="0.238615"><ele>133.31</ele></trkpt>
<trkpt lat="49.63791" lon="0.23862"><ele>133.36</ele></trkpt>
<trkpt lat="49.63794670000001" lon="0.2386283"><ele>133.51</ele></trkpt>
<trkpt lat="49.63798330000001" lon="0.2386367"><ele>133.69</ele></trkpt>
<trkpt lat="49.6380233" lon="0.2386433"><ele>133.7</ele></trkpt>
<trkpt lat="49.63806169999999" lon="0.2386483"><ele>133.72</ele></trkpt>
<trkpt lat="49.6381" lon="0.238655"><ele>133.91</ele></trkpt>
<trkpt lat="49.6381383" lon="0.2386617"><ele>133.92</ele></trkpt>
<trkpt lat="49.6381767" lon="0.2386683"><ele>133.85</ele></trkpt>
<trkpt lat="49.638215" lon="0.238675"><ele>133.89</ele></trkpt>
<trkpt lat="49.6382533" lon="0.2386783"><ele>134.36</ele></trkpt>
<trkpt lat="49.63829329999999" lon="0.23868"><ele>134.51</ele></trkpt>
<trkpt lat="49.6383283" lon="0.2386683"><ele>134.82</ele></trkpt>
<trkpt lat="49.638365" lon="0.238665"><ele>135.01</ele></trkpt>
<trkpt lat="49.6384017" lon="0.2386817"><ele>135.11</ele></trkpt>
<trkpt lat="49.6384367" lon="0.2386883"><ele>135.12</ele></trkpt>
<trkpt lat="49.6384717" lon="0.2386967"><ele>135.12</ele></trkpt>
<trkpt lat="49.63851" lon="0.2387017"><ele>135.02</ele></trkpt>
<trkpt lat="49.63854829999999" lon="0.2387033"><ele>134.96</ele></trkpt>
<trkpt lat="49.6385833" lon="0.238705"><ele>134.9</ele></trkpt>
<trkpt lat="49.63861669999999" lon="0.23871"><ele>135.01</ele></trkpt>
<trkpt lat="49.63865330000001" lon="0.238715"><ele>134.9</ele></trkpt>
<trkpt lat="49.63869" lon="0.2387233"><ele>135.24</ele></trkpt>
<trkpt lat="49.63872" lon="0.2387217"><ele>134.19</ele></trkpt>
<trkpt lat="49.63875500000001" lon="0.238745"><ele>133.9</ele></trkpt>
<trkpt lat="49.63878999999999" lon="0.238745"><ele>133.43</ele></trkpt>
<trkpt lat="49.6388183" lon="0.2387417"><ele>132.89</ele></trkpt>
<trkpt lat="49.6388517" lon="0.238745"><ele>131.81</ele></trkpt>
<trkpt lat="49.6388883" lon="0.2387417"><ele>130.41</ele></trkpt>
<trkpt lat="49.6389233" lon="0.2387417"><ele>130.07</ele></trkpt>
<trkpt lat="49.63895169999999" lon="0.23875"><ele>129.72</ele></trkpt>
<trkpt lat="49.6389867" lon="0.2387533"><ele>129.2</ele></trkpt>
<trkpt lat="49.6390183" lon="0.2387567"><ele>128.86</ele></trkpt>
<trkpt lat="49.6390517" lon="0.2387633"><ele>128.91</ele></trkpt>
<trkpt lat="49.6390783" lon="0.2387733"><ele>129.08</ele></trkpt>
<trkpt lat="49.6391067" lon="0.2387817"><ele>129.35</ele></trkpt>
<trkpt lat="49.6391433" lon="0.2387933"><ele>129.65</ele></trkpt>
<trkpt lat="49.63917" lon="0.2388017"><ele>129.78</ele></trkpt>
<trkpt lat="49.63919670000001" lon="0.2388083"><ele>129.91</ele></trkpt>
<trkpt lat="49.6392033" lon="0.2388533"><ele>130.64</ele></trkpt>
<trkpt lat="49.6392383" lon="0.2388633"><ele>131.08</ele></trkpt>
<trkpt lat="49.6392683" lon="0.2388667"><ele>131.11</ele></trkpt>
<trkpt lat="49.6393083" lon="0.2388767"><ele>131.28</ele></trkpt>
<trkpt lat="49.63933669999999" lon="0.2388867"><ele>131.48</ele></trkpt>
<trkpt lat="49.63937330000001" lon="0.238905"><ele>131.8</ele></trkpt>
<trkpt lat="49.63940829999999" lon="0.23893"><ele>132.05</ele></trkpt>
<trkpt lat="49.6394417" lon="0.238955"><ele>132.26</ele></trkpt>
<trkpt lat="49.63947" lon="0.2389717"><ele>132.47</ele></trkpt>
<trkpt lat="49.639495" lon="0.23899"><ele>132.67</ele></trkpt>
<trkpt lat="49.63952" lon="0.2390067"><ele>132.55</ele></trkpt>
<trkpt lat="49.639545" lon="0.239025"><ele>132.36</ele></trkpt>
<trkpt lat="49.6395733" lon="0.2390533"><ele>131.77</ele></trkpt>
<trkpt lat="49.6396" lon="0.239085"><ele>130.94</ele></trkpt>
<trkpt lat="49.6396267" lon="0.2391233"><ele>130.3</ele></trkpt>
<trkpt lat="49.63965" lon="0.23915"><ele>130.36</ele></trkpt>
<trkpt lat="49.6396733" lon="0.2391733"><ele>130.16</ele></trkpt>
<trkpt lat="49.63969670000001" lon="0.2391983"><ele>130.03</ele></trkpt>
<trkpt lat="49.6397283" lon="0.2392333"><ele>129.82</ele></trkpt>
<trkpt lat="49.63975669999999" lon="0.23927"><ele>129.59</ele></trkpt>
<trkpt lat="49.63978170000001" lon="0.2392983"><ele>129.25</ele></trkpt>
<trkpt lat="49.6398083" lon="0.2393367"><ele>129.02</ele></trkpt>
<trkpt lat="49.6398317" lon="0.2393733"><ele>128.69</ele></trkpt>
<trkpt lat="49.6398517" lon="0.2394017"><ele>128.35</ele></trkpt>
<trkpt lat="49.6398717" lon="0.239435"><ele>128.3</ele></trkpt>
<trkpt lat="49.639905" lon="0.239475"><ele>128.48</ele></trkpt>
<trkpt lat="49.63992669999999" lon="0.2395017"><ele>128.84</ele></trkpt>
<trkpt lat="49.6399567" lon="0.2395383"><ele>129.27</ele></trkpt>
<trkpt lat="49.63999" lon="0.239575"><ele>129.32</ele></trkpt>
<trkpt lat="49.6400117" lon="0.2396033"><ele>129.16</ele></trkpt>
<trkpt lat="49.64003169999999" lon="0.2396317"><ele>128.96</ele></trkpt>
<trkpt lat="49.64005670000001" lon="0.2396717"><ele>129.01</ele></trkpt>
<trkpt lat="49.6400783" lon="0.2396967"><ele>129.11</ele></trkpt>
<trkpt lat="49.64009999999999" lon="0.2397233"><ele>129.02</ele></trkpt>
<trkpt lat="49.6401233" lon="0.2397567"><ele>129</ele></trkpt>
<trkpt lat="49.6401467" lon="0.239785"><ele>129.08</ele></trkpt>
<trkpt lat="49.6401683" lon="0.23981"><ele>129.37</ele></trkpt>
<trkpt lat="49.6401917" lon="0.2398433"><ele>129</ele></trkpt>
<trkpt lat="49.6402217" lon="0.2398783"><ele>128.83</ele></trkpt>
<trkpt lat="49.640245" lon="0.2399033"><ele>128.75</ele></trkpt>
<trkpt lat="49.64027329999999" lon="0.23994"><ele>128.44</ele></trkpt>
<trkpt lat="49.6402967" lon="0.2399683"><ele>128.26</ele></trkpt>
<trkpt lat="49.6403183" lon="0.239995"><ele>128.22</ele></trkpt>
<trkpt lat="49.64034000000001" lon="0.2400233"><ele>128.15</ele></trkpt>
<trkpt lat="49.64036669999999" lon="0.240065"><ele>127.62</ele></trkpt>
<trkpt lat="49.6403967" lon="0.2401033"><ele>127.17</ele></trkpt>
<trkpt lat="49.64042500000001" lon="0.2401417"><ele>126.83</ele></trkpt>
<trkpt lat="49.64045169999999" lon="0.2401783"><ele>126.84</ele></trkpt>
<trkpt lat="49.64048" lon="0.240215"><ele>126.84</ele></trkpt>
<trkpt lat="49.64051000000001" lon="0.24025"><ele>126.72</ele></trkpt>
<trkpt lat="49.64053830000001" lon="0.2402867"><ele>126.37</ele></trkpt>
<trkpt lat="49.6405667" lon="0.24032"><ele>125.97</ele></trkpt>
<trkpt lat="49.640595" lon="0.2403517"><ele>125.7</ele></trkpt>
<trkpt lat="49.64062169999999" lon="0.2403883"><ele>125.76</ele></trkpt>
<trkpt lat="49.640645" lon="0.2404133"><ele>126.15</ele></trkpt>
<trkpt lat="49.6406683" lon="0.2404383"><ele>125.98</ele></trkpt>
<trkpt lat="49.64070000000001" lon="0.240465"><ele>125.73</ele></trkpt>
<trkpt lat="49.6407317" lon="0.24049"><ele>125.46</ele></trkpt>
<trkpt lat="49.64076330000001" lon="0.2405083"><ele>124.99</ele></trkpt>
<trkpt lat="49.64079499999999" lon="0.2405217"><ele>124.66</ele></trkpt>
<trkpt lat="49.64082329999999" lon="0.240535"><ele>124.46</ele></trkpt>
<trkpt lat="49.6408533" lon="0.240545"><ele>124.49</ele></trkpt>
<trkpt lat="49.64088" lon="0.240555"><ele>124.54</ele></trkpt>
<trkpt lat="49.6409117" lon="0.240555"><ele>124.77</ele></trkpt>
<trkpt lat="49.64094" lon="0.2405383"><ele>126.61</ele></trkpt>
<trkpt lat="49.64096829999999" lon="0.24054"><ele>126.63</ele></trkpt>
<trkpt lat="49.6409967" lon="0.2405283"><ele>126.52</ele></trkpt>
<trkpt lat="49.6410267" lon="0.2405267"><ele>126.73</ele></trkpt>
<trkpt lat="49.64106169999999" lon="0.2405383"><ele>126.32</ele></trkpt>
<trkpt lat="49.6410883" lon="0.2405617"><ele>125.08</ele></trkpt>
<trkpt lat="49.6411183" lon="0.2405783"><ele>124.58</ele></trkpt>
<trkpt lat="49.64115" lon="0.2405733"><ele>123.76</ele></trkpt>
<trkpt lat="49.64117999999999" lon="0.24058"><ele>123.17</ele></trkpt>
<trkpt lat="49.64121" lon="0.240575"><ele>123.09</ele></trkpt>
<trkpt lat="49.6412383" lon="0.24057"><ele>123.56</ele></trkpt>
<trkpt lat="49.64126829999999" lon="0.2405767"><ele>124.36</ele></trkpt>
<trkpt lat="49.6413017" lon="0.2405783"><ele>125.15</ele></trkpt>
<trkpt lat="49.641335" lon="0.2405733"><ele>125.52</ele></trkpt>
<trkpt lat="49.6413617" lon="0.2406017"><ele>125.49</ele></trkpt>
<trkpt lat="49.6413867" lon="0.2406217"><ele>125.96</ele></trkpt>
<trkpt lat="49.6414167" lon="0.2406167"><ele>126.2</ele></trkpt>
<trkpt lat="49.6414433" lon="0.240605"><ele>126.1</ele></trkpt>
<trkpt lat="49.6414733" lon="0.24059"><ele>125.52</ele></trkpt>
<trkpt lat="49.64150500000001" lon="0.2405783"><ele>124.45</ele></trkpt>
<trkpt lat="49.64154000000001" lon="0.24057"><ele>124</ele></trkpt>
<trkpt lat="49.64157829999999" lon="0.24057"><ele>123.3</ele></trkpt>
<trkpt lat="49.6416133" lon="0.240565"><ele>122.46</ele></trkpt>
<trkpt lat="49.64164170000001" lon="0.2405633"><ele>122.74</ele></trkpt>
<trkpt lat="49.6416717" lon="0.24056"><ele>122.92</ele></trkpt>
<trkpt lat="49.6416983" lon="0.2405517"><ele>122.61</ele></trkpt>
<trkpt lat="49.641725" lon="0.240535"><ele>122.66</ele></trkpt>
<trkpt lat="49.64176" lon="0.2405217"><ele>122.79</ele></trkpt>
<trkpt lat="49.64179829999999" lon="0.2405133"><ele>123.16</ele></trkpt>
<trkpt lat="49.6418383" lon="0.2405067"><ele>122.88</ele></trkpt>
<trkpt lat="49.64186669999999" lon="0.2405"><ele>122.91</ele></trkpt>
<trkpt lat="49.6418933" lon="0.2404883"><ele>122.98</ele></trkpt>
<trkpt lat="49.64193" lon="0.2404717"><ele>123.11</ele></trkpt>
<trkpt lat="49.641965" lon="0.24046"><ele>123.27</ele></trkpt>
<trkpt lat="49.641995" lon="0.2404467"><ele>123.41</ele></trkpt>
<trkpt lat="49.6420317" lon="0.2404383"><ele>123.6</ele></trkpt>
<trkpt lat="49.6420667" lon="0.2404317"><ele>124.09</ele></trkpt>
<trkpt lat="49.6420967" lon="0.2404317"><ele>124.04</ele></trkpt>
<trkpt lat="49.64212499999999" lon="0.2404267"><ele>123.59</ele></trkpt>
<trkpt lat="49.642155" lon="0.2404167"><ele>123.14</ele></trkpt>
<trkpt lat="49.642185" lon="0.2404133"><ele>123.35</ele></trkpt>
<trkpt lat="49.64222" lon="0.24042"><ele>123.58</ele></trkpt>
<trkpt lat="49.6422533" lon="0.2404317"><ele>123.68</ele></trkpt>
<trkpt lat="49.64229330000001" lon="0.2404383"><ele>124.26</ele></trkpt>
<trkpt lat="49.64231999999999" lon="0.240445"><ele>124.47</ele></trkpt>
<trkpt lat="49.6423583" lon="0.2404533"><ele>125.01</ele></trkpt>
<trkpt lat="49.642395" lon="0.2404517"><ele>125.4</ele></trkpt>
<trkpt lat="49.6424267" lon="0.240455"><ele>125.41</ele></trkpt>
<trkpt lat="49.6424633" lon="0.2404633"><ele>125.57</ele></trkpt>
<trkpt lat="49.6424983" lon="0.2404717"><ele>125.59</ele></trkpt>
<trkpt lat="49.64253170000001" lon="0.2404917"><ele>125.26</ele></trkpt>
<trkpt lat="49.6425633" lon="0.2405067"><ele>125.21</ele></trkpt>
<trkpt lat="49.6425933" lon="0.2405217"><ele>125.23</ele></trkpt>
<trkpt lat="49.64262830000001" lon="0.240535"><ele>124.45</ele></trkpt>
<trkpt lat="49.64265829999999" lon="0.24055"><ele>123.99</ele></trkpt>
<trkpt lat="49.642685" lon="0.24056"><ele>123.47</ele></trkpt>
<trkpt lat="49.6427183" lon="0.2405817"><ele>123.48</ele></trkpt>
<trkpt lat="49.642745" lon="0.2405967"><ele>123.97</ele></trkpt>
<trkpt lat="49.6427717" lon="0.2406117"><ele>124.19</ele></trkpt>
<trkpt lat="49.6427983" lon="0.24062"><ele>124.44</ele></trkpt>
<trkpt lat="49.6428317" lon="0.2406283"><ele>124.7</ele></trkpt>
<trkpt lat="49.64286670000001" lon="0.2406417"><ele>124.9</ele></trkpt>
<trkpt lat="49.64289500000001" lon="0.2406583"><ele>124.84</ele></trkpt>
<trkpt lat="49.6429283" lon="0.240665"><ele>124.72</ele></trkpt>
<trkpt lat="49.64296" lon="0.2406733"><ele>124.27</ele></trkpt>
<trkpt lat="49.64298999999999" lon="0.2406833"><ele>123.83</ele></trkpt>
<trkpt lat="49.6430217" lon="0.2406933"><ele>123.85</ele></trkpt>
<trkpt lat="49.643055" lon="0.2407"><ele>124.24</ele></trkpt>
<trkpt lat="49.643085" lon="0.2407083"><ele>124.76</ele></trkpt>
<trkpt lat="49.643115" lon="0.2407167"><ele>124.81</ele></trkpt>
<trkpt lat="49.64315169999999" lon="0.24073"><ele>125.01</ele></trkpt>
<trkpt lat="49.64317999999999" lon="0.2407417"><ele>125.1</ele></trkpt>
<trkpt lat="49.6432167" lon="0.2407567"><ele>125.28</ele></trkpt>
<trkpt lat="49.6432483" lon="0.240765"><ele>125.23</ele></trkpt>
<trkpt lat="49.6432767" lon="0.240775"><ele>124.88</ele></trkpt>
<trkpt lat="49.6433083" lon="0.24079"><ele>124.53</ele></trkpt>
<trkpt lat="49.6433333" lon="0.240825"><ele>124.61</ele></trkpt>
<trkpt lat="49.64336669999999" lon="0.2408467"><ele>124.64</ele></trkpt>
<trkpt lat="49.643395" lon="0.2408567"><ele>124.55</ele></trkpt>
<trkpt lat="49.64343" lon="0.2408733"><ele>124.13</ele></trkpt>
<trkpt lat="49.6434567" lon="0.240885"><ele>124.02</ele></trkpt>
<trkpt lat="49.64348500000001" lon="0.2408983"><ele>123.83</ele></trkpt>
<trkpt lat="49.6435167" lon="0.2409167"><ele>123.97</ele></trkpt>
<trkpt lat="49.6435533" lon="0.2409383"><ele>124.43</ele></trkpt>
<trkpt lat="49.6435817" lon="0.240955"><ele>124.6</ele></trkpt>
<trkpt lat="49.64361" lon="0.2409683"><ele>124.87</ele></trkpt>
<trkpt lat="49.64364" lon="0.24098"><ele>124.91</ele></trkpt>
<trkpt lat="49.64367170000001" lon="0.2409967"><ele>125.18</ele></trkpt>
<trkpt lat="49.64370000000001" lon="0.241015"><ele>125.22</ele></trkpt>
<trkpt lat="49.64372669999999" lon="0.2410367"><ele>124.62</ele></trkpt>
<trkpt lat="49.6437533" lon="0.241055"><ele>124.33</ele></trkpt>
<trkpt lat="49.64378" lon="0.2410767"><ele>123.9</ele></trkpt>
<trkpt lat="49.64381" lon="0.2410867"><ele>123.81</ele></trkpt>
<trkpt lat="49.64384" lon="0.2411033"><ele>123.68</ele></trkpt>
<trkpt lat="49.64387000000001" lon="0.241125"><ele>123.56</ele></trkpt>
<trkpt lat="49.64389669999999" lon="0.24115"><ele>123.18</ele></trkpt>
<trkpt lat="49.64393" lon="0.2411667"><ele>122.99</ele></trkpt>
<trkpt lat="49.64395669999999" lon="0.24118"><ele>122.92</ele></trkpt>
<trkpt lat="49.6439883" lon="0.2411833"><ele>122.66</ele></trkpt>
<trkpt lat="49.6440167" lon="0.2411917"><ele>122.68</ele></trkpt>
<trkpt lat="49.6440467" lon="0.2412"><ele>122.79</ele></trkpt>
<trkpt lat="49.6440733" lon="0.2412167"><ele>122.79</ele></trkpt>
<trkpt lat="49.64409830000001" lon="0.2412333"><ele>122.79</ele></trkpt>
<trkpt lat="49.64413329999999" lon="0.24126"><ele>122.82</ele></trkpt>
<trkpt lat="49.6441633" lon="0.241275"><ele>122.81</ele></trkpt>
<trkpt lat="49.64419670000001" lon="0.2412933"><ele>122.58</ele></trkpt>
<trkpt lat="49.64423" lon="0.24131"><ele>122</ele></trkpt>
<trkpt lat="49.64426" lon="0.241325"><ele>121.72</ele></trkpt>
<trkpt lat="49.64429000000001" lon="0.2413417"><ele>121.45</ele></trkpt>
<trkpt lat="49.64431830000001" lon="0.24136"><ele>120.99</ele></trkpt>
<trkpt lat="49.6443517" lon="0.2413817"><ele>120.74</ele></trkpt>
<trkpt lat="49.644385" lon="0.2413933"><ele>120.19</ele></trkpt>
<trkpt lat="49.6444183" lon="0.2414067"><ele>119.59</ele></trkpt>
<trkpt lat="49.6444517" lon="0.241425"><ele>119.16</ele></trkpt>
<trkpt lat="49.6444783" lon="0.2414383"><ele>118.95</ele></trkpt>
<trkpt lat="49.6445133" lon="0.24146"><ele>118.7</ele></trkpt>
<trkpt lat="49.644545" lon="0.2414767"><ele>118.71</ele></trkpt>
<trkpt lat="49.6445767" lon="0.2415"><ele>118.63</ele></trkpt>
<trkpt lat="49.6446083" lon="0.2415217"><ele>118.52</ele></trkpt>
<trkpt lat="49.64464170000001" lon="0.2415417"><ele>118.35</ele></trkpt>
<trkpt lat="49.644675" lon="0.24156"><ele>118.19</ele></trkpt>
<trkpt lat="49.6447083" lon="0.241575"><ele>118.05</ele></trkpt>
<trkpt lat="49.64473830000001" lon="0.24159"><ele>117.92</ele></trkpt>
<trkpt lat="49.6447717" lon="0.241605"><ele>117.98</ele></trkpt>
<trkpt lat="49.6448033" lon="0.2416233"><ele>117.99</ele></trkpt>
<trkpt lat="49.64483" lon="0.2416417"><ele>117.92</ele></trkpt>
<trkpt lat="49.6448633" lon="0.24166"><ele>117.82</ele></trkpt>
<trkpt lat="49.6448983" lon="0.24168"><ele>117.55</ele></trkpt>
<trkpt lat="49.6449317" lon="0.2416983"><ele>117.44</ele></trkpt>
<trkpt lat="49.6449683" lon="0.2417133"><ele>116.99</ele></trkpt>
<trkpt lat="49.64500170000001" lon="0.24173"><ele>116.63</ele></trkpt>
<trkpt lat="49.64503669999999" lon="0.24175"><ele>116.26</ele></trkpt>
<trkpt lat="49.64507" lon="0.2417683"><ele>115.79</ele></trkpt>
<trkpt lat="49.6451017" lon="0.2417833"><ele>115.36</ele></trkpt>
<trkpt lat="49.64513329999999" lon="0.2417967"><ele>115.28</ele></trkpt>
<trkpt lat="49.6451667" lon="0.2418167"><ele>115.5</ele></trkpt>
<trkpt lat="49.6452033" lon="0.2418333"><ele>115.73</ele></trkpt>
<trkpt lat="49.6452367" lon="0.2418567"><ele>115.9</ele></trkpt>
<trkpt lat="49.64526830000001" lon="0.2418733"><ele>116.17</ele></trkpt>
<trkpt lat="49.6453017" lon="0.2418883"><ele>116.02</ele></trkpt>
<trkpt lat="49.64533670000001" lon="0.241905"><ele>115.68</ele></trkpt>
<trkpt lat="49.6453683" lon="0.24192"><ele>115.24</ele></trkpt>
<trkpt lat="49.645405" lon="0.2419333"><ele>115.02</ele></trkpt>
<trkpt lat="49.6454417" lon="0.2419467"><ele>115.1</ele></trkpt>
<trkpt lat="49.6454767" lon="0.2419667"><ele>114.86</ele></trkpt>
<trkpt lat="49.6455083" lon="0.2419817"><ele>114.62</ele></trkpt>
<trkpt lat="49.64554499999999" lon="0.242"><ele>114.82</ele></trkpt>
<trkpt lat="49.645575" lon="0.2420167"><ele>115.26</ele></trkpt>
<trkpt lat="49.6456" lon="0.2420383"><ele>115.44</ele></trkpt>
<trkpt lat="49.6456267" lon="0.2420567"><ele>115.6</ele></trkpt>
<trkpt lat="49.64565829999999" lon="0.2420733"><ele>115.54</ele></trkpt>
<trkpt lat="49.6456883" lon="0.2420883"><ele>115.44</ele></trkpt>
<trkpt lat="49.64572" lon="0.2421033"><ele>114.98</ele></trkpt>
<trkpt lat="49.6457533" lon="0.2421183"><ele>114.39</ele></trkpt>
<trkpt lat="49.645785" lon="0.2421333"><ele>113.98</ele></trkpt>
<trkpt lat="49.6458233" lon="0.2421533"><ele>113.7</ele></trkpt>
<trkpt lat="49.645855" lon="0.2421683"><ele>114.03</ele></trkpt>
<trkpt lat="49.645885" lon="0.24218"><ele>114.91</ele></trkpt>
<trkpt lat="49.64592" lon="0.242195"><ele>115.24</ele></trkpt>
<trkpt lat="49.645945" lon="0.2422117"><ele>115.3</ele></trkpt>
<trkpt lat="49.645975" lon="0.2422233"><ele>114.82</ele></trkpt>
<trkpt lat="49.6460017" lon="0.2422367"><ele>113.67</ele></trkpt>
<trkpt lat="49.646035" lon="0.2422467"><ele>112.57</ele></trkpt>
<trkpt lat="49.64606669999999" lon="0.2422517"><ele>112.9</ele></trkpt>
<trkpt lat="49.64610329999999" lon="0.2422517"><ele>113.24</ele></trkpt>
<trkpt lat="49.6461367" lon="0.2422467"><ele>113.3</ele></trkpt>
<trkpt lat="49.646165" lon="0.2422417"><ele>113.33</ele></trkpt>
<trkpt lat="49.6461933" lon="0.2422433"><ele>113.31</ele></trkpt>
<trkpt lat="49.6462233" lon="0.242245"><ele>113.31</ele></trkpt>
<trkpt lat="49.6462533" lon="0.24225"><ele>113.54</ele></trkpt>
<trkpt lat="49.646285" lon="0.2422517"><ele>113.86</ele></trkpt>
<trkpt lat="49.64631170000001" lon="0.2422383"><ele>114.01</ele></trkpt>
<trkpt lat="49.64634169999999" lon="0.2422283"><ele>114.08</ele></trkpt>
<trkpt lat="49.6463717" lon="0.2422233"><ele>114.43</ele></trkpt>
<trkpt lat="49.64640169999999" lon="0.2422183"><ele>114.85</ele></trkpt>
<trkpt lat="49.6464283" lon="0.24221"><ele>114.67</ele></trkpt>
<trkpt lat="49.6464583" lon="0.242195"><ele>114.42</ele></trkpt>
<trkpt lat="49.64648500000001" lon="0.242185"><ele>113.99</ele></trkpt>
<trkpt lat="49.64651499999999" lon="0.2421683"><ele>113.74</ele></trkpt>
<trkpt lat="49.646545" lon="0.2421533"><ele>113.61</ele></trkpt>
<trkpt lat="49.64657330000001" lon="0.242145"><ele>113.35</ele></trkpt>
<trkpt lat="49.64659999999999" lon="0.2421317"><ele>113.57</ele></trkpt>
<trkpt lat="49.6466283" lon="0.2421233"><ele>113.7</ele></trkpt>
<trkpt lat="49.64665830000001" lon="0.2421083"><ele>114.25</ele></trkpt>
<trkpt lat="49.6466917" lon="0.2420883"><ele>114.92</ele></trkpt>
<trkpt lat="49.6467183" lon="0.2420817"><ele>115.36</ele></trkpt>
<trkpt lat="49.6467533" lon="0.2420667"><ele>115.4</ele></trkpt>
<trkpt lat="49.64678" lon="0.2420483"><ele>115.34</ele></trkpt>
<trkpt lat="49.6468067" lon="0.2420333"><ele>114.81</ele></trkpt>
<trkpt lat="49.6468417" lon="0.24203"><ele>113.86</ele></trkpt>
<trkpt lat="49.6468767" lon="0.2420217"><ele>113.97</ele></trkpt>
<trkpt lat="49.6469117" lon="0.2420217"><ele>113.93</ele></trkpt>
<trkpt lat="49.646945" lon="0.2420133"><ele>113.91</ele></trkpt>
<trkpt lat="49.6469717" lon="0.2419983"><ele>114.09</ele></trkpt>
<trkpt lat="49.6470033" lon="0.2419783"><ele>114.37</ele></trkpt>
<trkpt lat="49.6470317" lon="0.2419617"><ele>114.38</ele></trkpt>
<trkpt lat="49.6470633" lon="0.2419467"><ele>114.38</ele></trkpt>
<trkpt lat="49.64709669999999" lon="0.2419233"><ele>114.33</ele></trkpt>
<trkpt lat="49.64713329999999" lon="0.2418983"><ele>114.1</ele></trkpt>
<trkpt lat="49.647165" lon="0.2418717"><ele>114.24</ele></trkpt>
<trkpt lat="49.6472" lon="0.2418533"><ele>114.88</ele></trkpt>
<trkpt lat="49.64723" lon="0.2418417"><ele>115.45</ele></trkpt>
<trkpt lat="49.6472583" lon="0.2418267"><ele>115.53</ele></trkpt>
<trkpt lat="49.647285" lon="0.2418033"><ele>115.41</ele></trkpt>
<trkpt lat="49.647315" lon="0.2417817"><ele>115.17</ele></trkpt>
<trkpt lat="49.64734500000001" lon="0.2417667"><ele>115.48</ele></trkpt>
<trkpt lat="49.6473817" lon="0.241755"><ele>116.33</ele></trkpt>
<trkpt lat="49.6474067" lon="0.2417383"><ele>116.28</ele></trkpt>
<trkpt lat="49.647435" lon="0.241725"><ele>116.38</ele></trkpt>
<trkpt lat="49.6474617" lon="0.2417067"><ele>116.22</ele></trkpt>
<trkpt lat="49.6474917" lon="0.2416783"><ele>115.59</ele></trkpt>
<trkpt lat="49.64751830000001" lon="0.241655"><ele>115.07</ele></trkpt>
<trkpt lat="49.64754499999999" lon="0.241625"><ele>114.37</ele></trkpt>
<trkpt lat="49.6475717" lon="0.2415983"><ele>113.53</ele></trkpt>
<trkpt lat="49.64760330000001" lon="0.2415767"><ele>112.79</ele></trkpt>
<trkpt lat="49.64762999999999" lon="0.2415483"><ele>112.26</ele></trkpt>
<trkpt lat="49.6476617" lon="0.2415183"><ele>112.09</ele></trkpt>
<trkpt lat="49.6476933" lon="0.2414833"><ele>112.43</ele></trkpt>
<trkpt lat="49.64772670000001" lon="0.2414583"><ele>112.54</ele></trkpt>
<trkpt lat="49.64776" lon="0.24143"><ele>112.6</ele></trkpt>
<trkpt lat="49.6477917" lon="0.24141"><ele>112.51</ele></trkpt>
<trkpt lat="49.6478267" lon="0.2413933"><ele>112.85</ele></trkpt>
<trkpt lat="49.6478567" lon="0.24137"><ele>113.06</ele></trkpt>
<trkpt lat="49.647885" lon="0.2413467"><ele>113.3</ele></trkpt>
<trkpt lat="49.64791329999999" lon="0.2413233"><ele>112.72</ele></trkpt>
<trkpt lat="49.6479417" lon="0.2413067"><ele>112.35</ele></trkpt>
<trkpt lat="49.6479733" lon="0.24129"><ele>112.05</ele></trkpt>
<trkpt lat="49.6480017" lon="0.2412733"><ele>111.85</ele></trkpt>
<trkpt lat="49.64803" lon="0.2412533"><ele>111.62</ele></trkpt>
<trkpt lat="49.64806" lon="0.2412383"><ele>111.28</ele></trkpt>
<trkpt lat="49.6480883" lon="0.24122"><ele>110.73</ele></trkpt>
<trkpt lat="49.64812" lon="0.241205"><ele>109.74</ele></trkpt>
<trkpt lat="49.6481483" lon="0.2411867"><ele>109.33</ele></trkpt>
<trkpt lat="49.6481783" lon="0.2411667"><ele>109.27</ele></trkpt>
<trkpt lat="49.64821329999999" lon="0.2411567"><ele>109.34</ele></trkpt>
<trkpt lat="49.6482467" lon="0.24114"><ele>109.4</ele></trkpt>
<trkpt lat="49.6482767" lon="0.2411267"><ele>109.05</ele></trkpt>
<trkpt lat="49.6483133" lon="0.2411283"><ele>108.42</ele></trkpt>
<trkpt lat="49.6483417" lon="0.2411317"><ele>107.67</ele></trkpt>
<trkpt lat="49.64837169999999" lon="0.2411383"><ele>107.28</ele></trkpt>
<trkpt lat="49.6484033" lon="0.2411483"><ele>106.69</ele></trkpt>
<trkpt lat="49.64844" lon="0.2411533"><ele>106.12</ele></trkpt>
<trkpt lat="49.64847670000001" lon="0.2411583"><ele>106.12</ele></trkpt>
<trkpt lat="49.6485083" lon="0.2411667"><ele>105.75</ele></trkpt>
<trkpt lat="49.64854" lon="0.24117"><ele>105.47</ele></trkpt>
<trkpt lat="49.6485767" lon="0.2411733"><ele>105.12</ele></trkpt>
<trkpt lat="49.6486117" lon="0.2411867"><ele>104.84</ele></trkpt>
<trkpt lat="49.64864670000001" lon="0.2411983"><ele>104.87</ele></trkpt>
<trkpt lat="49.64868169999999" lon="0.24121"><ele>105.09</ele></trkpt>
<trkpt lat="49.64871829999999" lon="0.2412183"><ele>105.33</ele></trkpt>
<trkpt lat="49.6487533" lon="0.2412283"><ele>105.99</ele></trkpt>
<trkpt lat="49.6487833" lon="0.2412333"><ele>106.45</ele></trkpt>
<trkpt lat="49.6488117" lon="0.2412367"><ele>106.67</ele></trkpt>
<trkpt lat="49.64884" lon="0.2412383"><ele>106.51</ele></trkpt>
<trkpt lat="49.64887169999999" lon="0.24124"><ele>106.74</ele></trkpt>
<trkpt lat="49.6489067" lon="0.241235"><ele>107.52</ele></trkpt>
<trkpt lat="49.6489367" lon="0.241225"><ele>108.15</ele></trkpt>
<trkpt lat="49.64896330000001" lon="0.2412117"><ele>106.66</ele></trkpt>
<trkpt lat="49.6489833" lon="0.2411833"><ele>106.34</ele></trkpt>
<trkpt lat="49.6490133" lon="0.2411583"><ele>106.06</ele></trkpt>
<trkpt lat="49.6490467" lon="0.2411717"><ele>106.04</ele></trkpt>
<trkpt lat="49.64908" lon="0.2411883"><ele>106.14</ele></trkpt>
<trkpt lat="49.6491067" lon="0.241195"><ele>106.2</ele></trkpt>
<trkpt lat="49.649135" lon="0.241195"><ele>106.52</ele></trkpt>
<trkpt lat="49.64916329999999" lon="0.2411967"><ele>107.76</ele></trkpt>
<trkpt lat="49.64918830000001" lon="0.2411717"><ele>108.06</ele></trkpt>
<trkpt lat="49.6492083" lon="0.24114"><ele>108.39</ele></trkpt>
<trkpt lat="49.64923" lon="0.241115"><ele>108.67</ele></trkpt>
<trkpt lat="49.649255" lon="0.2410817"><ele>108.99</ele></trkpt>
<trkpt lat="49.6492833" lon="0.2410483"><ele>109.26</ele></trkpt>
<trkpt lat="49.649315" lon="0.2410167"><ele>109.33</ele></trkpt>
<trkpt lat="49.6493433" lon="0.24099"><ele>108.75</ele></trkpt>
<trkpt lat="49.64937" lon="0.2409767"><ele>108.78</ele></trkpt>
<trkpt lat="49.6493983" lon="0.24095"><ele>109.42</ele></trkpt>
<trkpt lat="49.649425" lon="0.2409317"><ele>109.76</ele></trkpt>
<trkpt lat="49.6494533" lon="0.240925"><ele>109.68</ele></trkpt>
<trkpt lat="49.6494817" lon="0.240915"><ele>109.69</ele></trkpt>
<trkpt lat="49.64951169999999" lon="0.2408983"><ele>110.42</ele></trkpt>
<trkpt lat="49.6495417" lon="0.24089"><ele>110.79</ele></trkpt>
<trkpt lat="49.64957499999999" lon="0.2408783"><ele>110.47</ele></trkpt>
<trkpt lat="49.6496033" lon="0.240875"><ele>110.21</ele></trkpt>
<trkpt lat="49.6496333" lon="0.240875"><ele>110.2</ele></trkpt>
<trkpt lat="49.64965999999999" lon="0.2408633"><ele>110.46</ele></trkpt>
<trkpt lat="49.64969" lon="0.24086"><ele>111.04</ele></trkpt>
<trkpt lat="49.6497183" lon="0.240855"><ele>111.27</ele></trkpt>
<trkpt lat="49.649745" lon="0.2408417"><ele>111.65</ele></trkpt>
<trkpt lat="49.64976999999999" lon="0.240825"><ele>111.98</ele></trkpt>
<trkpt lat="49.64979830000001" lon="0.2408067"><ele>112.24</ele></trkpt>
<trkpt lat="49.64983" lon="0.240795"><ele>112.66</ele></trkpt>
<trkpt lat="49.6498617" lon="0.2407783"><ele>113.12</ele></trkpt>
<trkpt lat="49.64989670000001" lon="0.2407617"><ele>114.14</ele></trkpt>
<trkpt lat="49.64992669999999" lon="0.2407533"><ele>114.39</ele></trkpt>
<trkpt lat="49.6499583" lon="0.2407417"><ele>114.38</ele></trkpt>
<trkpt lat="49.6499883" lon="0.2407183"><ele>114.53</ele></trkpt>
<trkpt lat="49.6500083" lon="0.240685"><ele>114.67</ele></trkpt>
<trkpt lat="49.65003" lon="0.2406517"><ele>114.56</ele></trkpt>
<trkpt lat="49.6500567" lon="0.240625"><ele>114.17</ele></trkpt>
<trkpt lat="49.6500833" lon="0.2405983"><ele>113.98</ele></trkpt>
<trkpt lat="49.65010829999999" lon="0.2405767"><ele>114.07</ele></trkpt>
<trkpt lat="49.6501367" lon="0.2405567"><ele>114.1</ele></trkpt>
<trkpt lat="49.65016" lon="0.2405283"><ele>114.31</ele></trkpt>
<trkpt lat="49.6501867" lon="0.240505"><ele>114.46</ele></trkpt>
<trkpt lat="49.6502133" lon="0.24049"><ele>114.36</ele></trkpt>
<trkpt lat="49.65024330000001" lon="0.2404717"><ele>114.16</ele></trkpt>
<trkpt lat="49.65026999999999" lon="0.2404533"><ele>114.26</ele></trkpt>
<trkpt lat="49.6502983" lon="0.240425"><ele>114.77</ele></trkpt>
<trkpt lat="49.6503317" lon="0.2404033"><ele>115.51</ele></trkpt>
<trkpt lat="49.6503667" lon="0.24039"><ele>115.4</ele></trkpt>
<trkpt lat="49.650395" lon="0.2403717"><ele>115.02</ele></trkpt>
<trkpt lat="49.6504267" lon="0.2403517"><ele>115.26</ele></trkpt>
<trkpt lat="49.65046" lon="0.2403333"><ele>116</ele></trkpt>
<trkpt lat="49.6504917" lon="0.2403217"><ele>116.87</ele></trkpt>
<trkpt lat="49.6505217" lon="0.240305"><ele>117.18</ele></trkpt>
<trkpt lat="49.6505517" lon="0.24029"><ele>117.4</ele></trkpt>
<trkpt lat="49.65058" lon="0.24028"><ele>118.01</ele></trkpt>
<trkpt lat="49.65061" lon="0.240265"><ele>118.31</ele></trkpt>
<trkpt lat="49.65064" lon="0.240255"><ele>118.72</ele></trkpt>
<trkpt lat="49.6506717" lon="0.2402433"><ele>118.29</ele></trkpt>
<trkpt lat="49.65070170000001" lon="0.2402267"><ele>117.82</ele></trkpt>
<trkpt lat="49.65073169999999" lon="0.2402067"><ele>118.2</ele></trkpt>
<trkpt lat="49.65076500000001" lon="0.2401917"><ele>118.27</ele></trkpt>
<trkpt lat="49.650795" lon="0.2401717"><ele>118.46</ele></trkpt>
<trkpt lat="49.6508233" lon="0.2401533"><ele>118.14</ele></trkpt>
<trkpt lat="49.65085330000001" lon="0.2401383"><ele>118</ele></trkpt>
<trkpt lat="49.6508817" lon="0.2401217"><ele>118.28</ele></trkpt>
<trkpt lat="49.650915" lon="0.2401033"><ele>118.81</ele></trkpt>
<trkpt lat="49.6509467" lon="0.2400917"><ele>119.15</ele></trkpt>
<trkpt lat="49.6509783" lon="0.24008"><ele>118.77</ele></trkpt>
<trkpt lat="49.65101" lon="0.2400733"><ele>118.49</ele></trkpt>
<trkpt lat="49.65104000000001" lon="0.2400633"><ele>118.68</ele></trkpt>
<trkpt lat="49.65106669999999" lon="0.24005"><ele>118.86</ele></trkpt>
<trkpt lat="49.651095" lon="0.2400367"><ele>119.15</ele></trkpt>
<trkpt lat="49.6511233" lon="0.2400217"><ele>119.54</ele></trkpt>
<trkpt lat="49.65115169999999" lon="0.24001"><ele>119.92</ele></trkpt>
<trkpt lat="49.6511817" lon="0.2399967"><ele>120.51</ele></trkpt>
<trkpt lat="49.6512117" lon="0.2399817"><ele>121.11</ele></trkpt>
<trkpt lat="49.6512417" lon="0.2399667"><ele>121.46</ele></trkpt>
<trkpt lat="49.65126999999999" lon="0.2399483"><ele>121.59</ele></trkpt>
<trkpt lat="49.65129830000001" lon="0.239935"><ele>121.58</ele></trkpt>
<trkpt lat="49.6513267" lon="0.2399183"><ele>121.76</ele></trkpt>
<trkpt lat="49.651355" lon="0.2399083"><ele>122.21</ele></trkpt>
<trkpt lat="49.6513817" lon="0.2398983"><ele>122.45</ele></trkpt>
<trkpt lat="49.65140999999999" lon="0.2398867"><ele>122.35</ele></trkpt>
<trkpt lat="49.65143499999999" lon="0.2398683"><ele>122.19</ele></trkpt>
<trkpt lat="49.6514617" lon="0.2398533"><ele>122.61</ele></trkpt>
<trkpt lat="49.65149" lon="0.2398367"><ele>123.28</ele></trkpt>
<trkpt lat="49.6515183" lon="0.2398233"><ele>124.01</ele></trkpt>
<trkpt lat="49.65154500000001" lon="0.2398083"><ele>123.83</ele></trkpt>
<trkpt lat="49.65157330000001" lon="0.2397933"><ele>123.78</ele></trkpt>
<trkpt lat="49.6516033" lon="0.2397767"><ele>124.15</ele></trkpt>
<trkpt lat="49.651635" lon="0.2397617"><ele>124.65</ele></trkpt>
<trkpt lat="49.6516683" lon="0.2397467"><ele>124.25</ele></trkpt>
<trkpt lat="49.6517" lon="0.239735"><ele>123.94</ele></trkpt>
<trkpt lat="49.65173" lon="0.2397183"><ele>123.69</ele></trkpt>
<trkpt lat="49.65176000000001" lon="0.2397067"><ele>124.05</ele></trkpt>
<trkpt lat="49.6517933" lon="0.2396933"><ele>124.42</ele></trkpt>
<trkpt lat="49.6518267" lon="0.23968"><ele>124.91</ele></trkpt>
<trkpt lat="49.6518567" lon="0.2396717"><ele>125.1</ele></trkpt>
<trkpt lat="49.6518867" lon="0.23966"><ele>125.14</ele></trkpt>
<trkpt lat="49.6519133" lon="0.2396467"><ele>125.71</ele></trkpt>
<trkpt lat="49.65194329999999" lon="0.2396367"><ele>125.77</ele></trkpt>
<trkpt lat="49.6519733" lon="0.239625"><ele>125.96</ele></trkpt>
<trkpt lat="49.65200670000001" lon="0.2396167"><ele>125.6</ele></trkpt>
<trkpt lat="49.65204169999999" lon="0.2396083"><ele>124.98</ele></trkpt>
<trkpt lat="49.6520767" lon="0.2395967"><ele>124.76</ele></trkpt>
<trkpt lat="49.65211" lon="0.239585"><ele>124.51</ele></trkpt>
<trkpt lat="49.652145" lon="0.239575"><ele>124.31</ele></trkpt>
<trkpt lat="49.6521817" lon="0.2395617"><ele>123.84</ele></trkpt>
<trkpt lat="49.6522167" lon="0.2395583"><ele>123.94</ele></trkpt>
<trkpt lat="49.6522517" lon="0.2395483"><ele>124.43</ele></trkpt>
<trkpt lat="49.6522867" lon="0.2395383"><ele>124.85</ele></trkpt>
<trkpt lat="49.6523217" lon="0.2395317"><ele>124.98</ele></trkpt>
<trkpt lat="49.6523567" lon="0.2395183"><ele>124.81</ele></trkpt>
<trkpt lat="49.6523933" lon="0.23951"><ele>124.68</ele></trkpt>
<trkpt lat="49.6524283" lon="0.2395033"><ele>124.88</ele></trkpt>
<trkpt lat="49.65246499999999" lon="0.2395033"><ele>125.25</ele></trkpt>
<trkpt lat="49.6525" lon="0.239495"><ele>125.55</ele></trkpt>
<trkpt lat="49.6525333" lon="0.23949"><ele>125.85</ele></trkpt>
<trkpt lat="49.65256500000001" lon="0.239485"><ele>126.2</ele></trkpt>
<trkpt lat="49.6525983" lon="0.23948"><ele>126.36</ele></trkpt>
<trkpt lat="49.65263499999999" lon="0.2394767"><ele>126.62</ele></trkpt>
<trkpt lat="49.6526717" lon="0.23947"><ele>127.02</ele></trkpt>
<trkpt lat="49.65271000000001" lon="0.239465"><ele>126.95</ele></trkpt>
<trkpt lat="49.6527467" lon="0.239465"><ele>126.52</ele></trkpt>
<trkpt lat="49.6527833" lon="0.2394633"><ele>127.21</ele></trkpt>
<trkpt lat="49.6528183" lon="0.23946"><ele>127.39</ele></trkpt>
<trkpt lat="49.6528533" lon="0.2394633"><ele>127.37</ele></trkpt>
<trkpt lat="49.6528883" lon="0.2394583"><ele>127.13</ele></trkpt>
<trkpt lat="49.6529233" lon="0.239465"><ele>127.09</ele></trkpt>
<trkpt lat="49.6529583" lon="0.2394683"><ele>127.32</ele></trkpt>
<trkpt lat="49.6529917" lon="0.239465"><ele>127.69</ele></trkpt>
<trkpt lat="49.653025" lon="0.23947"><ele>128.02</ele></trkpt>
<trkpt lat="49.6530583" lon="0.2394683"><ele>127.84</ele></trkpt>
<trkpt lat="49.6530933" lon="0.2394717"><ele>127.75</ele></trkpt>
<trkpt lat="49.6531267" lon="0.239475"><ele>128.63</ele></trkpt>
<trkpt lat="49.6531617" lon="0.23949"><ele>129.4</ele></trkpt>
<trkpt lat="49.6531967" lon="0.23949"><ele>129.82</ele></trkpt>
<trkpt lat="49.65323" lon="0.2394883"><ele>129.8</ele></trkpt>
<trkpt lat="49.6532633" lon="0.2394933"><ele>129.84</ele></trkpt>
<trkpt lat="49.6533" lon="0.2394967"><ele>130.24</ele></trkpt>
<trkpt lat="49.6533367" lon="0.2394983"><ele>130.56</ele></trkpt>
<trkpt lat="49.65337169999999" lon="0.2395033"><ele>130.68</ele></trkpt>
<trkpt lat="49.6534033" lon="0.239505"><ele>130.44</ele></trkpt>
<trkpt lat="49.6534383" lon="0.2395"><ele>130.18</ele></trkpt>
<trkpt lat="49.6534733" lon="0.2395017"><ele>130.47</ele></trkpt>
<trkpt lat="49.6535083" lon="0.239505"><ele>130.49</ele></trkpt>
<trkpt lat="49.65354499999999" lon="0.2395117"><ele>130.4</ele></trkpt>
<trkpt lat="49.65357830000001" lon="0.2395183"><ele>130.3</ele></trkpt>
<trkpt lat="49.6536117" lon="0.2395233"><ele>130.36</ele></trkpt>
<trkpt lat="49.6536467" lon="0.2395267"><ele>130.39</ele></trkpt>
<trkpt lat="49.65368169999999" lon="0.23953"><ele>130.56</ele></trkpt>
<trkpt lat="49.6537133" lon="0.23952"><ele>130.62</ele></trkpt>
<trkpt lat="49.65374000000001" lon="0.2395117"><ele>130.52</ele></trkpt>
<trkpt lat="49.6537717" lon="0.2395117"><ele>130.63</ele></trkpt>
<trkpt lat="49.653805" lon="0.2395167"><ele>130.86</ele></trkpt>
<trkpt lat="49.65384" lon="0.2395267"><ele>130.89</ele></trkpt>
<trkpt lat="49.65387830000001" lon="0.2395333"><ele>130.87</ele></trkpt>
<trkpt lat="49.65391" lon="0.2395417"><ele>130.98</ele></trkpt>
<trkpt lat="49.6539417" lon="0.239545"><ele>131.16</ele></trkpt>
<trkpt lat="49.65397" lon="0.23954"><ele>131.33</ele></trkpt>
<trkpt lat="49.65399829999999" lon="0.2395083"><ele>131.15</ele></trkpt>
<trkpt lat="49.6540067" lon="0.2394667"><ele>130.72</ele></trkpt>
<trkpt lat="49.65403670000001" lon="0.2394617"><ele>130.14</ele></trkpt>
<trkpt lat="49.6540683" lon="0.239455"><ele>130.69</ele></trkpt>
<trkpt lat="49.6540517" lon="0.23941"><ele>130.43</ele></trkpt>
<trkpt lat="49.6540567" lon="0.2393567"><ele>129.17</ele></trkpt>
<trkpt lat="49.6540583" lon="0.2392967"><ele>127.22</ele></trkpt>
<trkpt lat="49.6540767" lon="0.23925"><ele>126.01</ele></trkpt>
<trkpt lat="49.654105" lon="0.2392117"><ele>125.94</ele></trkpt>
<trkpt lat="49.6541317" lon="0.2391717"><ele>126.27</ele></trkpt>
<trkpt lat="49.6541533" lon="0.2391317"><ele>126.65</ele></trkpt>
<trkpt lat="49.6541733" lon="0.2390867"><ele>126.43</ele></trkpt>
<trkpt lat="49.6542" lon="0.2390483"><ele>125.84</ele></trkpt>
<trkpt lat="49.6542283" lon="0.2390267"><ele>125.21</ele></trkpt>
<trkpt lat="49.6542567" lon="0.2390283"><ele>125.26</ele></trkpt>
<trkpt lat="49.654275" lon="0.238975"><ele>124.71</ele></trkpt>
<trkpt lat="49.6542883" lon="0.2389283"><ele>124.59</ele></trkpt>
<trkpt lat="49.65430829999999" lon="0.2388717"><ele>124.85</ele></trkpt>
<trkpt lat="49.65433329999999" lon="0.2388433"><ele>124.89</ele></trkpt>
<trkpt lat="49.65435830000001" lon="0.2388217"><ele>124.63</ele></trkpt>
<trkpt lat="49.6543917" lon="0.2388083"><ele>124.24</ele></trkpt>
<trkpt lat="49.6544233" lon="0.2387683"><ele>123.6</ele></trkpt>
<trkpt lat="49.6544533" lon="0.2387333"><ele>123.82</ele></trkpt>
<trkpt lat="49.6544833" lon="0.23869"><ele>124.55</ele></trkpt>
<trkpt lat="49.6545083" lon="0.2386733"><ele>124.93</ele></trkpt>
<trkpt lat="49.65453670000001" lon="0.2386517"><ele>124.78</ele></trkpt>
<trkpt lat="49.65457000000001" lon="0.2386217"><ele>124.12</ele></trkpt>
<trkpt lat="49.65459999999999" lon="0.2385933"><ele>123.9</ele></trkpt>
<trkpt lat="49.6546367" lon="0.2385867"><ele>124.17</ele></trkpt>
<trkpt lat="49.6546767" lon="0.238575"><ele>124.93</ele></trkpt>
<trkpt lat="49.6547167" lon="0.2385767"><ele>125.54</ele></trkpt>
<trkpt lat="49.654755" lon="0.2385783"><ele>125.55</ele></trkpt>
<trkpt lat="49.6547917" lon="0.2385783"><ele>125.62</ele></trkpt>
<trkpt lat="49.6548217" lon="0.238585"><ele>126.2</ele></trkpt>
<trkpt lat="49.65485499999999" lon="0.2385933"><ele>127.04</ele></trkpt>
<trkpt lat="49.65489" lon="0.23861"><ele>127.94</ele></trkpt>
<trkpt lat="49.6549233" lon="0.2386283"><ele>128.3</ele></trkpt>
<trkpt lat="49.65495669999999" lon="0.2386517"><ele>127.94</ele></trkpt>
<trkpt lat="49.65498500000001" lon="0.2386833"><ele>127.83</ele></trkpt>
<trkpt lat="49.6550133" lon="0.238715"><ele>127.53</ele></trkpt>
<trkpt lat="49.655035" lon="0.23876"><ele>126.67</ele></trkpt>
<trkpt lat="49.6550567" lon="0.2388067"><ele>125.09</ele></trkpt>
<trkpt lat="49.6550767" lon="0.23886"><ele>124.38</ele></trkpt>
<trkpt lat="49.6551" lon="0.2389067"><ele>123.77</ele></trkpt>
<trkpt lat="49.6551233" lon="0.2389467"><ele>123.34</ele></trkpt>
<trkpt lat="49.6551483" lon="0.2389767"><ele>123.41</ele></trkpt>
<trkpt lat="49.6551717" lon="0.239"><ele>123.03</ele></trkpt>
<trkpt lat="49.65520669999999" lon="0.2390133"><ele>123.15</ele></trkpt>
<trkpt lat="49.65524330000001" lon="0.2390083"><ele>123.52</ele></trkpt>
<trkpt lat="49.6552817" lon="0.2389967"><ele>124</ele></trkpt>
<trkpt lat="49.6553083" lon="0.2389883"><ele>124.56</ele></trkpt>
<trkpt lat="49.6553383" lon="0.23898"><ele>124.77</ele></trkpt>
<trkpt lat="49.65537669999999" lon="0.2389717"><ele>125.19</ele></trkpt>
<trkpt lat="49.6554117" lon="0.238965"><ele>126.12</ele></trkpt>
<trkpt lat="49.6554467" lon="0.2389517"><ele>127.2</ele></trkpt>
<trkpt lat="49.65548" lon="0.2389417"><ele>128.02</ele></trkpt>
<trkpt lat="49.6555133" lon="0.23893"><ele>128.15</ele></trkpt>
<trkpt lat="49.6555467" lon="0.2389183"><ele>127.83</ele></trkpt>
<trkpt lat="49.6555817" lon="0.2389133"><ele>128.4</ele></trkpt>
<trkpt lat="49.6556217" lon="0.2389083"><ele>128.93</ele></trkpt>
<trkpt lat="49.65565999999999" lon="0.2389067"><ele>128.99</ele></trkpt>
<trkpt lat="49.6556933" lon="0.2389067"><ele>128.64</ele></trkpt>
<trkpt lat="49.6557317" lon="0.2389033"><ele>128.16</ele></trkpt>
<trkpt lat="49.6557583" lon="0.238895"><ele>128.09</ele></trkpt>
<trkpt lat="49.65578670000001" lon="0.2388917"><ele>128.16</ele></trkpt>
<trkpt lat="49.65582169999999" lon="0.23889"><ele>128.28</ele></trkpt>
<trkpt lat="49.6558567" lon="0.2388883"><ele>128.12</ele></trkpt>
<trkpt lat="49.655895" lon="0.23889"><ele>128.25</ele></trkpt>
<trkpt lat="49.6559317" lon="0.2388917"><ele>128.45</ele></trkpt>
<trkpt lat="49.65596330000001" lon="0.2388883"><ele>128.49</ele></trkpt>
<trkpt lat="49.6559933" lon="0.238885"><ele>128.9</ele></trkpt>
<trkpt lat="49.6560333" lon="0.2388917"><ele>129.34</ele></trkpt>
<trkpt lat="49.65607169999999" lon="0.2388967"><ele>129.25</ele></trkpt>
<trkpt lat="49.6561117" lon="0.2388983"><ele>128.67</ele></trkpt>
<trkpt lat="49.6561433" lon="0.2389033"><ele>128.43</ele></trkpt>
<trkpt lat="49.65618" lon="0.238905"><ele>128.28</ele></trkpt>
<trkpt lat="49.656215" lon="0.2389067"><ele>128.57</ele></trkpt>
<trkpt lat="49.65624330000001" lon="0.2389083"><ele>128.77</ele></trkpt>
<trkpt lat="49.65627829999999" lon="0.238915"><ele>128.86</ele></trkpt>
<trkpt lat="49.6563133" lon="0.2389217"><ele>129.14</ele></trkpt>
<trkpt lat="49.65634669999999" lon="0.2389267"><ele>129.12</ele></trkpt>
<trkpt lat="49.656385" lon="0.2389333"><ele>128.8</ele></trkpt>
<trkpt lat="49.65641829999999" lon="0.23894"><ele>128.64</ele></trkpt>
<trkpt lat="49.6564533" lon="0.238945"><ele>127.82</ele></trkpt>
<trkpt lat="49.6564867" lon="0.2389517"><ele>127.5</ele></trkpt>
<trkpt lat="49.65651999999999" lon="0.2389567"><ele>127.23</ele></trkpt>
<trkpt lat="49.6565567" lon="0.238965"><ele>127.44</ele></trkpt>
<trkpt lat="49.65659500000001" lon="0.2389633"><ele>127.51</ele></trkpt>
<trkpt lat="49.6566333" lon="0.238965"><ele>127.16</ele></trkpt>
<trkpt lat="49.6566717" lon="0.238965"><ele>126.45</ele></trkpt>
<trkpt lat="49.6567083" lon="0.23897"><ele>126.32</ele></trkpt>
<trkpt lat="49.65674330000001" lon="0.2389683"><ele>126.31</ele></trkpt>
<trkpt lat="49.6567817" lon="0.23897"><ele>125.87</ele></trkpt>
<trkpt lat="49.6568183" lon="0.23897"><ele>125.59</ele></trkpt>
<trkpt lat="49.65685330000001" lon="0.2389717"><ele>125.4</ele></trkpt>
<trkpt lat="49.65688829999999" lon="0.23898"><ele>125.73</ele></trkpt>
<trkpt lat="49.656925" lon="0.2389917"><ele>126.4</ele></trkpt>
<trkpt lat="49.65696" lon="0.239"><ele>126.34</ele></trkpt>
<trkpt lat="49.6569933" lon="0.2390067"><ele>125.75</ele></trkpt>
<trkpt lat="49.6570317" lon="0.2390117"><ele>125.33</ele></trkpt>
<trkpt lat="49.6570583" lon="0.23902"><ele>125.11</ele></trkpt>
<trkpt lat="49.6570967" lon="0.2390283"><ele>124.99</ele></trkpt>
<trkpt lat="49.6571333" lon="0.2390333"><ele>124.89</ele></trkpt>
<trkpt lat="49.6571683" lon="0.2390383"><ele>124.98</ele></trkpt>
<trkpt lat="49.65720170000001" lon="0.2390483"><ele>125.05</ele></trkpt>
<trkpt lat="49.65723669999999" lon="0.2390567"><ele>125.18</ele></trkpt>
<trkpt lat="49.65727330000001" lon="0.2390683"><ele>125</ele></trkpt>
<trkpt lat="49.65731" lon="0.2390767"><ele>124.92</ele></trkpt>
<trkpt lat="49.65734" lon="0.23909"><ele>124.56</ele></trkpt>
<trkpt lat="49.65737500000001" lon="0.2391117"><ele>124.42</ele></trkpt>
<trkpt lat="49.65740169999999" lon="0.2391233"><ele>124.48</ele></trkpt>
<trkpt lat="49.65743830000001" lon="0.2391383"><ele>124.23</ele></trkpt>
<trkpt lat="49.6574767" lon="0.239145"><ele>123.74</ele></trkpt>
<trkpt lat="49.6575133" lon="0.2391617"><ele>123.69</ele></trkpt>
<trkpt lat="49.6575517" lon="0.2391817"><ele>123.61</ele></trkpt>
<trkpt lat="49.6575883" lon="0.2391983"><ele>123.82</ele></trkpt>
<trkpt lat="49.6576233" lon="0.2392117"><ele>123.72</ele></trkpt>
<trkpt lat="49.65765830000001" lon="0.239225"><ele>123.17</ele></trkpt>
<trkpt lat="49.657695" lon="0.2392383"><ele>123.15</ele></trkpt>
<trkpt lat="49.6577333" lon="0.23925"><ele>123.27</ele></trkpt>
<trkpt lat="49.6577683" lon="0.2392633"><ele>123.38</ele></trkpt>
<trkpt lat="49.6578033" lon="0.2392767"><ele>123.64</ele></trkpt>
<trkpt lat="49.6578367" lon="0.2392983"><ele>123.91</ele></trkpt>
<trkpt lat="49.6578633" lon="0.23931"><ele>124.07</ele></trkpt>
<trkpt lat="49.6579" lon="0.2393283"><ele>123.73</ele></trkpt>
<trkpt lat="49.6579333" lon="0.2393433"><ele>123.61</ele></trkpt>
<trkpt lat="49.65797" lon="0.2393567"><ele>123.52</ele></trkpt>
<trkpt lat="49.6580067" lon="0.23937"><ele>123.39</ele></trkpt>
<trkpt lat="49.6580433" lon="0.2393883"><ele>123.57</ele></trkpt>
<trkpt lat="49.6580767" lon="0.2394083"><ele>123.84</ele></trkpt>
<trkpt lat="49.6581117" lon="0.239425"><ele>124.07</ele></trkpt>
<trkpt lat="49.65814670000001" lon="0.2394433"><ele>123.5</ele></trkpt>
<trkpt lat="49.65818169999999" lon="0.2394617"><ele>123</ele></trkpt>
<trkpt lat="49.65821500000001" lon="0.23948"><ele>122.52</ele></trkpt>
<trkpt lat="49.65825" lon="0.239495"><ele>122.65</ele></trkpt>
<trkpt lat="49.6582833" lon="0.2395117"><ele>123</ele></trkpt>
<trkpt lat="49.6583133" lon="0.23953"><ele>123.6</ele></trkpt>
<trkpt lat="49.6583483" lon="0.2395433"><ele>124.31</ele></trkpt>
<trkpt lat="49.6583817" lon="0.2395667"><ele>124.69</ele></trkpt>
<trkpt lat="49.6584117" lon="0.2395883"><ele>124.68</ele></trkpt>
<trkpt lat="49.6584467" lon="0.2396083"><ele>124.57</ele></trkpt>
<trkpt lat="49.6584767" lon="0.2396317"><ele>124.56</ele></trkpt>
<trkpt lat="49.6585067" lon="0.239655"><ele>124.44</ele></trkpt>
<trkpt lat="49.6585333" lon="0.2396833"><ele>124.2</ele></trkpt>
<trkpt lat="49.6585617" lon="0.2397183"><ele>123.93</ele></trkpt>
<trkpt lat="49.6585867" lon="0.23974"><ele>123.95</ele></trkpt>
<trkpt lat="49.65861329999999" lon="0.2397617"><ele>124.05</ele></trkpt>
<trkpt lat="49.65863829999999" lon="0.2397933"><ele>124.15</ele></trkpt>
<trkpt lat="49.6586667" lon="0.239825"><ele>124.18</ele></trkpt>
<trkpt lat="49.6586917" lon="0.239855"><ele>124.44</ele></trkpt>
<trkpt lat="49.6587183" lon="0.23988"><ele>124.76</ele></trkpt>
<trkpt lat="49.6587467" lon="0.2399117"><ele>124.79</ele></trkpt>
<trkpt lat="49.65877499999999" lon="0.239945"><ele>124.36</ele></trkpt>
<trkpt lat="49.6588067" lon="0.2399783"><ele>124.12</ele></trkpt>
<trkpt lat="49.658835" lon="0.2400167"><ele>124.04</ele></trkpt>
<trkpt lat="49.6588633" lon="0.2400467"><ele>123.86</ele></trkpt>
<trkpt lat="49.65888499999999" lon="0.2400767"><ele>124.06</ele></trkpt>
<trkpt lat="49.658915" lon="0.240115"><ele>124.22</ele></trkpt>
<trkpt lat="49.65894" lon="0.2401567"><ele>124.58</ele></trkpt>
<trkpt lat="49.6589667" lon="0.24019"><ele>124.25</ele></trkpt>
<trkpt lat="49.65899499999999" lon="0.2402183"><ele>124.07</ele></trkpt>
<trkpt lat="49.65902000000001" lon="0.240255"><ele>124.08</ele></trkpt>
<trkpt lat="49.6590417" lon="0.2403"><ele>123.64</ele></trkpt>
<trkpt lat="49.6590683" lon="0.2403317"><ele>123.47</ele></trkpt>
<trkpt lat="49.6590983" lon="0.2403517"><ele>123.53</ele></trkpt>
<trkpt lat="49.6591267" lon="0.2403833"><ele>123.21</ele></trkpt>
<trkpt lat="49.659155" lon="0.2404167"><ele>122.95</ele></trkpt>
<trkpt lat="49.6591783" lon="0.2404517"><ele>122.23</ele></trkpt>
<trkpt lat="49.65920670000001" lon="0.2404833"><ele>121.83</ele></trkpt>
<trkpt lat="49.65923500000001" lon="0.2405183"><ele>122.05</ele></trkpt>
<trkpt lat="49.6592633" lon="0.2405467"><ele>122.05</ele></trkpt>
<trkpt lat="49.65928670000001" lon="0.2405817"><ele>121.91</ele></trkpt>
<trkpt lat="49.6593133" lon="0.2406167"><ele>121.72</ele></trkpt>
<trkpt lat="49.6593383" lon="0.2406533"><ele>121.33</ele></trkpt>
<trkpt lat="49.6593633" lon="0.240685"><ele>121.09</ele></trkpt>
<trkpt lat="49.65939" lon="0.240715"><ele>120.94</ele></trkpt>
<trkpt lat="49.6594167" lon="0.2407483"><ele>120.97</ele></trkpt>
<trkpt lat="49.65944329999999" lon="0.2407767"><ele>121.05</ele></trkpt>
<trkpt lat="49.6594717" lon="0.24081"><ele>121.37</ele></trkpt>
<trkpt lat="49.65949499999999" lon="0.24085"><ele>121.33</ele></trkpt>
<trkpt lat="49.6595233" lon="0.2408833"><ele>121.38</ele></trkpt>
<trkpt lat="49.6595483" lon="0.2409167"><ele>121.05</ele></trkpt>
<trkpt lat="49.65957000000001" lon="0.24095"><ele>120.6</ele></trkpt>
<trkpt lat="49.6595917" lon="0.24099"><ele>120.18</ele></trkpt>
<trkpt lat="49.659615" lon="0.2410283"><ele>119.76</ele></trkpt>
<trkpt lat="49.6596383" lon="0.2410667"><ele>119.54</ele></trkpt>
<trkpt lat="49.6596667" lon="0.2410983"><ele>119.55</ele></trkpt>
<trkpt lat="49.65969329999999" lon="0.2411333"><ele>119.13</ele></trkpt>
<trkpt lat="49.65972" lon="0.241165"><ele>118.41</ele></trkpt>
<trkpt lat="49.6597483" lon="0.2411933"><ele>117.83</ele></trkpt>
<trkpt lat="49.6597717" lon="0.241225"><ele>117.41</ele></trkpt>
<trkpt lat="49.6597983" lon="0.24126"><ele>116.7</ele></trkpt>
<trkpt lat="49.6598217" lon="0.2412983"><ele>116.33</ele></trkpt>
<trkpt lat="49.65985169999999" lon="0.241335"><ele>116.12</ele></trkpt>
<trkpt lat="49.65987999999999" lon="0.24137"><ele>116.08</ele></trkpt>
<trkpt lat="49.6599067" lon="0.2414067"><ele>115.98</ele></trkpt>
<trkpt lat="49.6599333" lon="0.2414417"><ele>115.82</ele></trkpt>
<trkpt lat="49.6599567" lon="0.2414867"><ele>115.78</ele></trkpt>
<trkpt lat="49.65998170000001" lon="0.2415217"><ele>115.98</ele></trkpt>
<trkpt lat="49.66001" lon="0.241555"><ele>115.44</ele></trkpt>
<trkpt lat="49.66002829999999" lon="0.24159"><ele>115.63</ele></trkpt>
<trkpt lat="49.6600517" lon="0.24163"><ele>115.42</ele></trkpt>
<trkpt lat="49.66007830000001" lon="0.2416617"><ele>115.56</ele></trkpt>
<trkpt lat="49.66010330000001" lon="0.2417"><ele>115.11</ele></trkpt>
<trkpt lat="49.6601283" lon="0.2417383"><ele>115.18</ele></trkpt>
<trkpt lat="49.66015" lon="0.24178"><ele>115.19</ele></trkpt>
<trkpt lat="49.66017" lon="0.2418267"><ele>115.44</ele></trkpt>
<trkpt lat="49.66018999999999" lon="0.2418633"><ele>115.56</ele></trkpt>
<trkpt lat="49.66021169999999" lon="0.2419083"><ele>115.28</ele></trkpt>
<trkpt lat="49.660235" lon="0.241945"><ele>115.18</ele></trkpt>
<trkpt lat="49.6602583" lon="0.2419817"><ele>115.57</ele></trkpt>
<trkpt lat="49.66027330000001" lon="0.2420283"><ele>116.03</ele></trkpt>
<trkpt lat="49.66029169999999" lon="0.2420717"><ele>116.02</ele></trkpt>
<trkpt lat="49.660305" lon="0.2421183"><ele>116.16</ele></trkpt>
<trkpt lat="49.66032" lon="0.24216"><ele>116.57</ele></trkpt>
<trkpt lat="49.66033" lon="0.2422117"><ele>117.33</ele></trkpt>
<trkpt lat="49.6603333" lon="0.242265"><ele>117.57</ele></trkpt>
<trkpt lat="49.6603383" lon="0.2423167"><ele>117.23</ele></trkpt>
<trkpt lat="49.660335" lon="0.2423733"><ele>116.78</ele></trkpt>
<trkpt lat="49.6603367" lon="0.2424333"><ele>116.78</ele></trkpt>
<trkpt lat="49.66034" lon="0.2424817"><ele>116.39</ele></trkpt>
<trkpt lat="49.6603367" lon="0.24254"><ele>115.94</ele></trkpt>
<trkpt lat="49.6603317" lon="0.2426"><ele>115.88</ele></trkpt>
<trkpt lat="49.660335" lon="0.24266"><ele>116.16</ele></trkpt>
<trkpt lat="49.660335" lon="0.242715"><ele>116.38</ele></trkpt>
<trkpt lat="49.6603367" lon="0.2427717"><ele>115.97</ele></trkpt>
<trkpt lat="49.6603383" lon="0.2428133"><ele>115.98</ele></trkpt>
<trkpt lat="49.66035000000001" lon="0.2428567"><ele>115.35</ele></trkpt>
<trkpt lat="49.66038499999999" lon="0.2428617"><ele>114.99</ele></trkpt>
<trkpt lat="49.66042" lon="0.242835"><ele>114.88</ele></trkpt>
<trkpt lat="49.66045170000001" lon="0.2428083"><ele>114.69</ele></trkpt>
<trkpt lat="49.6604767" lon="0.2427683"><ele>114.68</ele></trkpt>
<trkpt lat="49.6604967" lon="0.2427383"><ele>114.7</ele></trkpt>
<trkpt lat="49.6605333" lon="0.2427033"><ele>114.52</ele></trkpt>
<trkpt lat="49.6605633" lon="0.24269"><ele>114.3</ele></trkpt>
<trkpt lat="49.6605917" lon="0.242665"><ele>113.7</ele></trkpt>
<trkpt lat="49.660615" lon="0.2426217"><ele>112.68</ele></trkpt>
<trkpt lat="49.6606383" lon="0.2425917"><ele>112.49</ele></trkpt>
<trkpt lat="49.66065999999999" lon="0.242565"><ele>112.25</ele></trkpt>
<trkpt lat="49.6606917" lon="0.242535"><ele>111.85</ele></trkpt>
<trkpt lat="49.6607283" lon="0.242505"><ele>111.45</ele></trkpt>
<trkpt lat="49.660755" lon="0.242485"><ele>111.14</ele></trkpt>
<trkpt lat="49.6607883" lon="0.2424533"><ele>110.31</ele></trkpt>
<trkpt lat="49.6608167" lon="0.2424233"><ele>109.99</ele></trkpt>
<trkpt lat="49.6608483" lon="0.2423967"><ele>109.46</ele></trkpt>
<trkpt lat="49.660875" lon="0.2423733"><ele>109.32</ele></trkpt>
<trkpt lat="49.66088499999999" lon="0.2423233"><ele>108.67</ele></trkpt>
<trkpt lat="49.66089" lon="0.2422667"><ele>108.2</ele></trkpt>
<trkpt lat="49.6609017" lon="0.24222"><ele>108.24</ele></trkpt>
<trkpt lat="49.66089" lon="0.24218"><ele>109.39</ele></trkpt>
<trkpt lat="49.6608767" lon="0.2422283"><ele>110.8</ele></trkpt>
<trkpt lat="49.6608767" lon="0.2422733"><ele>111.53</ele></trkpt>
<trkpt lat="49.6608767" lon="0.2423283"><ele>111.74</ele></trkpt>
<trkpt lat="49.66087" lon="0.24238"><ele>111.95</ele></trkpt>
<trkpt lat="49.66085500000001" lon="0.242415"><ele>112.14</ele></trkpt>
<trkpt lat="49.6608283" lon="0.2424483"><ele>111.92</ele></trkpt>
<trkpt lat="49.66079830000001" lon="0.2424767"><ele>112.02</ele></trkpt>
<trkpt lat="49.6607667" lon="0.2425083"><ele>111.64</ele></trkpt>
<trkpt lat="49.66074" lon="0.2425283"><ele>111.84</ele></trkpt>
<trkpt lat="49.66070670000001" lon="0.2425483"><ele>111.95</ele></trkpt>
<trkpt lat="49.66067670000001" lon="0.24257"><ele>111.99</ele></trkpt>
</trkseg></trk>
</gpx>