<?xml version="1.0" encoding="UTF-8"?>
<gpx version="1.1" creator="Marando" xmlns="http://www.topografix.com/GPX/1/1">
<wpt lat="49.5816617" lon="0.2130617"><ele>32.65</ele><name>Départ</name><desc>Préparez-vous. Nous allons marcher plus de 12 kilomètres.</desc></wpt>
<wpt lat="49.5809967" lon="0.2126533"><ele>43.15</ele><name>Manoir des Abbesses</name><desc>Au détour d'un vallon normand, le Manoir des Abbesses surgit comme un palimpseste de pierre calcaire et de silex taillé. Ce logis monastique, sentinelle silencieuse de Rolleville, dresse ses imposants pignons à redents et ses lucarnes sculptées face aux méandres de la Lézarde. Entre vestiges du passé et élégance architecturale de la Renaissance, l'œil du randonneur savoure l'harmonie austère mais lumineuse de cette ancienne dépendance ecclésiastique, figée dans sa parenterie de verdure et d'histoire.</desc></wpt>
<wpt lat="49.5779117" lon="0.215425"><ele>34.09</ele><name>Arrêt de bus 21</name><desc>La ligne 21 va de la gare du Havre à Etretat Le Grand Val.</desc></wpt>
<wpt lat="49.577185" lon="0.2157867"><ele>33.6</ele><name>Millepertuis</name><desc>Sous mes pas de marcheur, le millepertuis éclabousse les bas-côtés d'un jaune solaire. Jadis surnommé « chasse-diable », ce végétal garde en ses feuilles perforées les stigmates de ses légendes : selon la coutume, ses macérations purpurines soignaient les blessures des croisés. En écrasant une fleur entre mes doigts, la sève rouge sang rappelle cette pharmacopée ancestrale, transformant ce modeste arbrisseau en un précieux grimoire botanique niché au cœur de nos sentiers.</desc></wpt>
<wpt lat="49.57128169999999" lon="0.220145"><ele>33.95</ele><name>Chemin de l'Ormerie</name><desc>Ici, le Chemin de l'Ormerie déroule son ruban de terre creusé par les siècles et la déclivité des eaux. Ce nom d'autrefois, évocation végétale d'une ormaie disparue sous les assauts de la graphiose, résonne encore entre les talus de l'andosol. L'objectif capte l'ombre portée des frondaisons sur la craaie affleurante, révélant la géologie intime du terroir. Une invitation à arpenter ce corridor botanique où la mémoire sylvestre dialogue avec l'obstination minérale des vieux chemins creux.</desc></wpt>
<wpt lat="49.5702617" lon="0.21749"><ele>0</ele><name>Vallée de la Lézarde</name><desc>Sculptée par l'eau comme un ruban de verdure secret, la vallée de la Lézarde déroule ses paysages enchanteurs au fil du courant. Ici, le temps suspend son vol entre prairies lumineuses et sous-bois mystérieux, où chaque méandre dévoile un nouveau tableau vivant. Un véritable havre de paix où le murmure de la rivière accompagne les pas du promeneur, l'invitant à capturer en image la poésie simple et sauvage de cette nature accueillante et préservée.</desc></wpt>
<wpt lat="49.56879" lon="0.21436"><ele>96.04</ele><name>Manoir de l'Ormerie à Rolleville</name><desc>Une ancienne demeure, le manoir de l'Ormerie</desc></wpt>
<wpt lat="49.56811500000001" lon="0.21206"><ele>96.82</ele><name>Les deux cheminées EDF du Havre</name><desc>D'une hauteur vertigineuse, les deux cheminées EDF du Havre dominent l'estuaire comme des phares industriels anachroniques. Je me souviens de cette randonnée où, surgissant soudain au détour d'un plateau bocager, ces géants de béton m'ont rappelé l'immensité de la zone portuaire. En cadrant leur silhouette élancée face au ciel changeant de la Seine, l'image saisit ce contraste saisissant entre la rudesse de l'infrastructure énergétique et la poésie brute de l'horizon normand en fin de parcours.</desc></wpt>
<wpt lat="49.5684789" lon="0.2079462"><ele>0</ele><name>Centre équestre</name><desc>Au seuil de ce centre équestre, mon regard croise la silhouette nerveuse d'un pur-sang, rappelant l'illustre ascendance de ces plaines d'élevage. J'aime songer aux lointaines origines équines, depuis l'Eohippus des forêts primitives jusqu'aux fiers destriers de nos manèges actuels. En capturant ce moment suspendu où l'animal hume le vent du large, le cliché immortalise cette alliance séculaire entre l'homme et le cheval, ancrant la randonnée dans le pouls vivant du terroir normand.</desc></wpt>
<wpt lat="49.5684789" lon="0.2079462"><ele>0</ele><name>Bassin de rétention</name><desc>Ce bassin de rétention joue un rôle essentiel dans la régulation des eaux pluviales et la prévention des inondations. En stockant temporairement les précipitations excessives lors d'intempéries, il permet de restituer l'eau de manière progressive dans le milieu naturel. Cette infrastructure contribue ainsi à la protection des écosystèmes environnants et des zones habitées en aval, tout en favorisant la recharge mesurée des nappes souterraines au cœur de nos paysages aménagés.</desc></wpt>
<wpt lat="49.5684789" lon="0.2079462"><ele>0</ele><name>Maison ancienne</name><desc>Blottie contre le temps, cette maison ancienne semble murmurer les secrets des siècles passés. Avec ses murs de briques et de silex assemblés comme un puzzle rustique et son toit de chaume ou d'ardoises doucement courbé, elle incarne l'âme intemporelle des campagnes normandes. Chaque poutre apparente et chaque fenêtre garnie de gérants fleuris racontent une histoire de famille et de traditions, offrant au regard du promeneur une escale pleine de charme et de poésie authentique.</desc></wpt>
<wpt lat="49.5684789" lon="0.2079462"><ele>0</ele><name>Charnier de Brisgaret</name><desc>Le charnier de Brisgaret constitue un témoignage historique remarquable du patrimoine funéraire régional. Ce type de structure, destiné à abriter les ossements exhumés des cimetières paroissiaux saturés, illustre les pratiques mémorielles d'autrefois. En préservant l'architecture sobre de ce monument, le site offre aux randonneurs une halte propice à la contemplation historique et à la réflexion sur la mémoire collective et l'évolution des rites funéraires à travers les siècles.</desc></wpt>
<wpt lat="49.5684789" lon="0.2079462"><ele>0</ele><name>Sente des rivières</name><desc>La Sente des Rivières longe le cours de la Lézarde sur le territoire de Montivilliers, constituant un axe de communication ancien. Ce cheminement met en valeur la relation historique entre le milieu urbain et les zones humides riveraines. En suivant ce sentier aménagé, le randonneur observe la diversité de la faune et de la flore aquatiques, tout en mesurant l'importance de la préservation des corridors écologiques au cœur des paysages de la vallée.</desc></wpt>
<wpt lat="49.54723" lon="0.1965967"><ele>22.06</ele><name>Séneçon de Jacobée</name><desc>Le séneçon de Jacobée se distingue par ses inflorescences en capitules d'un jaune éclatant, visibles le long des chemins durant la saison estivale. Cette espèce végétale, commune dans les prairies et les jachères, joue un rôle écologique avéré en accueillant de nombreux insectes pollinisateurs. Toutefois, sa toxicité pour le bétail requiert une gestion attentive des pâturages environnants, illustrant l'équilibre nécessaire entre biodiversité floristique et activités agricoles locales.</desc></wpt>
<wpt lat="49.54745" lon="0.19702"><ele>22.86</ele><name>Eupatoire chanvrine</name><desc>Surgissant des sols humides comme un feu d'artifice végétal, l'eupatoire chanvrine dresse ses délicats bouquets pourprés au bord du chemin. Ses inflorescences vaporeuses attirent une foule de papillons et d'insectes butineurs, transformant chaque touffe en un véritable îlot de vie bourdonnant. En contemplant cette élégante sauvageonne aux reflets roses, le promeneur découvre toute la poésie insoupçonnée des rivages et des fossés qui bordent discrètement nos itinéraires de randonnée.</desc></wpt>
<wpt lat="49.54726" lon="0.1979467"><ele>20.12</ele><name>Eupatoire chanvrine</name><desc>L'eupatoire chanvrine se caractérise par ses inflorescences duveteuses aux teintes pourpres, se développant principalement dans les milieux humides et le long des cours d'eau. Cette plante vivace joue un rôle écologique primordial en fournissant une ressource mellifère essentielle pour de nombreux insectes pollinisateurs durant la période estivale. Sa présence témoigne de la richesse des zones riveraines, illustrant la nécessité de préserver ces habitats naturels fragiles le long des sentiers.</desc></wpt>
<wpt lat="49.54719000000001" lon="0.1992767"><ele>0</ele><name>Roselière</name><desc>En longeant la Lézarde à Montivilliers, cette roselière m'a offert un véritable instant suspendu. Alors que je marquais une pause au plus près des berges, un bruissement soudain a trahi le manège discret d'une rousserolle effarvatte se faufilant entre les hautes tiges de Phragmites australis. En observant ces épis bruissant sous la brise, j'ai mesuré toute la complexité de cet écosystème amphibie, véritable filtre naturel et refuge indispensable pour l'avifaune nichant au cœur de la vallée.</desc></wpt>
<wpt lat="49.5475183" lon="0.1997"><ele>15.38</ele><name>Salicaire à feuilles effilées</name><desc>En arpentant les abords marécageux du sentier, j'ai soudain aperçu une flamboyante colonie de salicaires à feuilles effilées. En m'approchant pour cadrer ces épis d'un pourpre intense, j'ai revu l'histoire de cette hélophyte jadis employée pour ses vertus astringentes dans les pharmacopées traditionnelles. Tandis qu'un syrphe venait butiner ses fleurs sessiles, j'ai mesuré combien cette vigoureuse vivace illumine les milieux humides, offrant aux photographes un contrepoint chromatique saisissant.</desc></wpt>
<wpt lat="49.54988169999999" lon="0.20322"><ele>20.94</ele><name>La Lézarde</name><desc>La Lézarde constitue le principal cours d'eau structurant cette vallée normande, jouant un rôle central dans l'histoire et l'aménagement du territoire. Son lit serpunit à travers des paysages variés, alternant zones humides, prairies et espaces urbains. En façonnant la topographie locale au fil des siècles, la rivière a favorisé l'implantation humaine et le développement économique, tout en abritant aujourd'hui un patrimoine naturel et paysager remarquable à préserver.</desc></wpt>
<wpt lat="49.55156329999999" lon="0.20448"><ele>20.06</ele><name>Chemin traversant</name><desc>Un petit pont qui traverse la LKézarde.</desc></wpt>
<wpt lat="49.5518183" lon="0.2046333"><ele>18.88</ele><name>Cascade</name><desc>En suivant le cours de la Lézarde, j'ai été surpris par le murmure soudain de cette cascade. Ce saut d'eau n'est pas seulement un spectacle enchanteur pour les yeux ; il témoigne du passé industriel de la vallée, où les moulins d'autrefois utilisaient la force du courant pour moudre le grain ou battre les toiles. En écoutant l'eau jaillir entre les rochers, on comprend comment ces petits aménagements façonnent encore aujourd'hui la poésie sauvage et vivante de notre itinéraire.</desc></wpt>
<wpt lat="49.552255" lon="0.2050933"><ele>20.81</ele><name>Lac</name><desc>La construction du chemin de fer dans la vallée de la Lézarde, au XIXe siècle, a profondément bouleversé ce paysage façonné par l'eau. Pour tracer la voie ferrée reliant Le Havre à Rolleville et au-delà, les ingénieurs ont dû composer avec les méandres de la rivière, multipliant les remblais, les ponts et les tranchées. En arpentant ces vestiges ferroviaires devenus sentiers, le randonneur mesure l'impact titanesque de cette révolution industrielle qui a redessiné durablement l'économie et la géographie locale.</desc></wpt>
<wpt lat="49.55374669999999" lon="0.20854"><ele>22.55</ele><name>Lac</name><desc>Le creusement des emprises et des tranchées nécessaires à l'établissement de la voie ferrée dans la vallée de la Lézarde a profondément remodelé la topographie locale. Pour asseoir la ligne et façonner son lit de ballast — cette couche de pierres concassées indispensable pour stabiliser les rails, drainer l'eau et répartir la charge des convois —, les terrassiers ont dû entailler les coteaux calcaires. Ces chantiers titanesques du XIXe siècle ont ainsi donné naissance à de profondes entailles paysagères, révélant la géologie des lieux tout en unissant à jamais le ruban d'acier au cours sinueux</desc></wpt>
<wpt lat="49.5552317" lon="0.2114583"><ele>25.04</ele><name>Sente du chemin de fer</name><desc>Le chemin de fer de la Lézarde, qui reliait Le Havre à Rolleville en épousant les méandres de la rivière, a longtemps rythmé la vie de cette vallée industrielle et rurale. Inaugurée à la fin du XIXe siècle et familièrement surnommée le train des ouvriers, cette ligne historique — un temps valorisée sous le nom de Lézard'Express Régionale (LER) — a profondément structuré le territoire. En longeant ses emprises devenues chemins de randonnée, le marcheur devine l'empreinte de ce ruban d'acier qui, entre coteaux calcaires et zones humides, continue de narrer la grande aventure industrielle.</desc></wpt>
<wpt lat="49.5561083" lon="0.2157633"><ele>20.79</ele><name>Moulin de la Drille</name><desc>Le **Moulin de la Drille**, situé à Épouville le long de la Lézarde, tire son nom du terme ancien *drille*, qui désigne un petit cours d'eau, un filet d'eau ou un canal de dérivation alimentant le mécanisme hydraulique. Dans les parlers régionaux et l'ancien français, la « drille » pouvait aussi faire référence au courant ou à un petit bief.

Bâti au XVIIe siècle et ayant évolué au fil du temps (successivement moulin à huile, à foulon, à papier puis à blé), il doit ainsi son appellation à l'eau vive qui s'écoulait activement pour actionner sa roue et rythmer l'activité industrielle de la vallé</desc></wpt>
<wpt lat="49.5557767" lon="0.216055"><ele>20.71</ele><name>Canal de dérivation</name><desc>Ce canal de dérivation, ou bief, témoigne de la maîtrise hydraulique nécessaire au fonctionnement des anciens moulins de la vallée. En détournant une partie du cours de la Lézarde, cet ouvrage artificiel permettait de concentrer le débit et de générer la pression hydraulique requise pour actionner les roues à aubes. Au-delà de sa fonction technique initiale, ce dispositif structure aujourd'hui le paysage, illustrant l'intégration durable des aménagements industriels au sein de l'écosystème riverain.</desc></wpt>
<wpt lat="49.556175" lon="0.2198217"><ele>40.79</ele><name>Vallée de la Lézarde</name><desc>Façonnée par le temps et murmurée par l'eau, la vallée de la Lézarde dévoile une mémoire vive où se tissent nature et vestiges d'antan. Entre coteaux verdoyants et méandres secrets, chaque pas résonne comme un voyage à travers les siècles, révélant comment le travail des hommes et le souffle de la rivière ont sculpté ce paysage enchanteur. Un véritable écrin patrimonial où l'histoire se lit au fil du courant et des sentiers.</desc></wpt>
<wpt lat="49.5615783" lon="0.22369"><ele>36.85</ele><name>Tulipier de Chine</name><desc>Le tulipier de Chine (*Liriodendron chinense*) se distingue par son feuillage caduc aux lobes caractéristiques et sa floraison estivale en forme de tulipe. Apparenté aux magnoliacées, cet arbre remarquable témoigne de l'introduction d'espèces exotiques dans les parcs et domaines historiques de la vallée. Sa présence illustre la diversification arboricole passée, offrant aux botanistes l'opportunité d'étudier l'adaptation de ce taxon asiatique aux conditions pédoclimatiques normandes.</desc></wpt>
<wpt lat="49.572795" lon="0.2250717"><ele>44.06</ele><name>Ferme du Gray</name><desc>Implantée sur le territoire de Rolleville, la Ferme du Gray témoigne de l'organisation architecturale et agricole traditionnelle du pays de Caux. Son corps de bâtiment principal, représentatif de l'habitat rural normand en calcaire et silex, illustre l'exploitation pérenne des terroirs limoneux du plateau. Cet ensemble patrimonial met en lumière l'histoire agraire locale, où les structures foncières anciennes continuent d'ancrer le paysage rural contemporain de la vallée.</desc></wpt>
<wpt lat="49.5719017" lon="0.2228033"><ele>32.47</ele><name>Pont sur la Lézarde</name><desc>Longue d'environ 14,5 kilomètres, la Lézarde présente un profil caractéristique des rivières côtières normandes : un bassin versant modeste de 116 km² mais doté d'un fort dénivelé (environ 44 mètres de dénivelé global depuis sa source à Saint-Martin-du-Bec jusqu'à son exutoire). Ce relief marqué engendre un débit réactif et dynamique, autrefois intensément mis à contribution pour alimenter les biefs, les moulins et les activités industrielles de la vallée.</desc></wpt>
<wpt lat="49.58225" lon="0.2142217"><ele>39.45</ele><name>Arrivée</name><desc>Grande randonnée Heure de départ: 09:04 11 août 2026 Heure d'arrivée: 11:56 11 août 2026 Distance: 12,0km (02:52) Temps déplacement: 02:37 Vitesse moyenne: 4,17 km/h Vitesse en mouvement: 4,56 km/h Vitesse Max.: 10,08 km/h Altitude minimale: 16 m Altitude maximale: 97 m Vitesse de montée: 159,3 m/h Vitesse de descente: 138,7 m/h Dénivelé positif: 163 m Dénivelé négatif: 158 m Temps de montée: 01:01 Temps de descente: 01:08.</desc></wpt>
<trk><name>Rolleville - Montivilliers-2026-08-11</name><trkseg>
<trkpt lat="49.5816617" lon="0.2130617"><ele>32.65</ele></trkpt>
<trkpt lat="49.5816517" lon="0.213055"><ele>33.15</ele></trkpt>
<trkpt lat="49.5816183" lon="0.2130817"><ele>34.93</ele></trkpt>
<trkpt lat="49.581585" lon="0.2130833"><ele>36.17</ele></trkpt>
<trkpt lat="49.5815583" lon="0.21309"><ele>36.56</ele></trkpt>
<trkpt lat="49.5815233" lon="0.213065"><ele>36.54</ele></trkpt>
<trkpt lat="49.581495" lon="0.213035"><ele>36.49</ele></trkpt>
<trkpt lat="49.581475" lon="0.2130067"><ele>36.79</ele></trkpt>
<trkpt lat="49.5814617" lon="0.2129667"><ele>36.8</ele></trkpt>
<trkpt lat="49.5814417" lon="0.212935"><ele>36.35</ele></trkpt>
<trkpt lat="49.58142170000001" lon="0.2128867"><ele>36.47</ele></trkpt>
<trkpt lat="49.58141" lon="0.2128467"><ele>36.6</ele></trkpt>
<trkpt lat="49.5813917" lon="0.212805"><ele>37.05</ele></trkpt>
<trkpt lat="49.58137169999999" lon="0.2127633"><ele>37.36</ele></trkpt>
<trkpt lat="49.5813567" lon="0.2127217"><ele>37.5</ele></trkpt>
<trkpt lat="49.58133670000001" lon="0.2126833"><ele>38.39</ele></trkpt>
<trkpt lat="49.5813283" lon="0.212635"><ele>40.88</ele></trkpt>
<trkpt lat="49.58131" lon="0.21259"><ele>42.17</ele></trkpt>
<trkpt lat="49.5812917" lon="0.2125583"><ele>42.85</ele></trkpt>
<trkpt lat="49.58127" lon="0.21251"><ele>43.64</ele></trkpt>
<trkpt lat="49.58126000000001" lon="0.212465"><ele>44.48</ele></trkpt>
<trkpt lat="49.5812383" lon="0.21244"><ele>44.94</ele></trkpt>
<trkpt lat="49.581215" lon="0.2124717"><ele>45.37</ele></trkpt>
<trkpt lat="49.5811883" lon="0.2124967"><ele>45.5</ele></trkpt>
<trkpt lat="49.5811617" lon="0.2125317"><ele>44.95</ele></trkpt>
<trkpt lat="49.581135" lon="0.2125583"><ele>44.25</ele></trkpt>
<trkpt lat="49.58109999999999" lon="0.2125817"><ele>43.67</ele></trkpt>
<trkpt lat="49.581075" lon="0.2126"><ele>43.52</ele></trkpt>
<trkpt lat="49.5810383" lon="0.2126233"><ele>43.35</ele></trkpt>
<trkpt lat="49.58101169999999" lon="0.2126317"><ele>43.31</ele></trkpt>
<trkpt lat="49.5809867" lon="0.2126583"><ele>43.05</ele></trkpt>
<trkpt lat="49.58095999999999" lon="0.2126733"><ele>43.15</ele></trkpt>
<trkpt lat="49.5809283" lon="0.2126967"><ele>43.21</ele></trkpt>
<trkpt lat="49.5808933" lon="0.212715"><ele>42.33</ele></trkpt>
<trkpt lat="49.5808683" lon="0.2127433"><ele>41.74</ele></trkpt>
<trkpt lat="49.5808433" lon="0.2127683"><ele>41.23</ele></trkpt>
<trkpt lat="49.58082" lon="0.2127917"><ele>40.8</ele></trkpt>
<trkpt lat="49.580785" lon="0.212815"><ele>40.36</ele></trkpt>
<trkpt lat="49.58076169999999" lon="0.2128383"><ele>40.29</ele></trkpt>
<trkpt lat="49.58073830000001" lon="0.212865"><ele>40.31</ele></trkpt>
<trkpt lat="49.5807117" lon="0.21289"><ele>40.45</ele></trkpt>
<trkpt lat="49.58069" lon="0.2129183"><ele>40.57</ele></trkpt>
<trkpt lat="49.5806567" lon="0.2129467"><ele>40.52</ele></trkpt>
<trkpt lat="49.5806267" lon="0.212975"><ele>40.84</ele></trkpt>
<trkpt lat="49.58060329999999" lon="0.2130083"><ele>41.19</ele></trkpt>
<trkpt lat="49.58056830000001" lon="0.213035"><ele>41.02</ele></trkpt>
<trkpt lat="49.580545" lon="0.2130567"><ele>41.31</ele></trkpt>
<trkpt lat="49.5805117" lon="0.21308"><ele>41.76</ele></trkpt>
<trkpt lat="49.5804833" lon="0.2131083"><ele>41.65</ele></trkpt>
<trkpt lat="49.58045500000001" lon="0.2131367"><ele>41.77</ele></trkpt>
<trkpt lat="49.58042999999999" lon="0.2131617"><ele>41.24</ele></trkpt>
<trkpt lat="49.5804" lon="0.213185"><ele>40.86</ele></trkpt>
<trkpt lat="49.5803733" lon="0.21322"><ele>40.3</ele></trkpt>
<trkpt lat="49.5803467" lon="0.2132533"><ele>39.7</ele></trkpt>
<trkpt lat="49.5803133" lon="0.2132667"><ele>39.1</ele></trkpt>
<trkpt lat="49.5802783" lon="0.2132883"><ele>39.33</ele></trkpt>
<trkpt lat="49.5802483" lon="0.2133117"><ele>39.88</ele></trkpt>
<trkpt lat="49.580225" lon="0.21334"><ele>40.17</ele></trkpt>
<trkpt lat="49.5802033" lon="0.2133733"><ele>39.97</ele></trkpt>
<trkpt lat="49.580175" lon="0.2133917"><ele>40.38</ele></trkpt>
<trkpt lat="49.58015330000001" lon="0.21342"><ele>40.89</ele></trkpt>
<trkpt lat="49.5801233" lon="0.2134417"><ele>41.55</ele></trkpt>
<trkpt lat="49.5800917" lon="0.2134567"><ele>41.84</ele></trkpt>
<trkpt lat="49.5800583" lon="0.21349"><ele>42.24</ele></trkpt>
<trkpt lat="49.580025" lon="0.2135283"><ele>42.83</ele></trkpt>
<trkpt lat="49.5799967" lon="0.2135633"><ele>42.66</ele></trkpt>
<trkpt lat="49.5799667" lon="0.2136"><ele>42.28</ele></trkpt>
<trkpt lat="49.57994" lon="0.2136233"><ele>41.8</ele></trkpt>
<trkpt lat="49.579915" lon="0.21365"><ele>41.35</ele></trkpt>
<trkpt lat="49.5798883" lon="0.2136817"><ele>41.25</ele></trkpt>
<trkpt lat="49.5798567" lon="0.2137117"><ele>40.95</ele></trkpt>
<trkpt lat="49.5798333" lon="0.213745"><ele>40.66</ele></trkpt>
<trkpt lat="49.57981" lon="0.21377"><ele>40.13</ele></trkpt>
<trkpt lat="49.5797833" lon="0.2137867"><ele>39.08</ele></trkpt>
<trkpt lat="49.5797567" lon="0.2138033"><ele>38.28</ele></trkpt>
<trkpt lat="49.57972669999999" lon="0.213825"><ele>37.71</ele></trkpt>
<trkpt lat="49.579695" lon="0.2138567"><ele>37.33</ele></trkpt>
<trkpt lat="49.5796633" lon="0.2138883"><ele>36.84</ele></trkpt>
<trkpt lat="49.5796317" lon="0.2139183"><ele>37.01</ele></trkpt>
<trkpt lat="49.579605" lon="0.2139467"><ele>36.68</ele></trkpt>
<trkpt lat="49.579575" lon="0.2139783"><ele>35.99</ele></trkpt>
<trkpt lat="49.5795467" lon="0.21401"><ele>35.89</ele></trkpt>
<trkpt lat="49.579525" lon="0.2140433"><ele>35.63</ele></trkpt>
<trkpt lat="49.5794933" lon="0.214075"><ele>35.23</ele></trkpt>
<trkpt lat="49.5794683" lon="0.2141017"><ele>34.22</ele></trkpt>
<trkpt lat="49.579445" lon="0.2141383"><ele>34.01</ele></trkpt>
<trkpt lat="49.5794117" lon="0.21417"><ele>34.11</ele></trkpt>
<trkpt lat="49.5793733" lon="0.214195"><ele>34.39</ele></trkpt>
<trkpt lat="49.5793383" lon="0.2142167"><ele>34.83</ele></trkpt>
<trkpt lat="49.579305" lon="0.214245"><ele>35.17</ele></trkpt>
<trkpt lat="49.5792817" lon="0.2142683"><ele>35.46</ele></trkpt>
<trkpt lat="49.5792583" lon="0.21429"><ele>35.67</ele></trkpt>
<trkpt lat="49.57922670000001" lon="0.2143167"><ele>35.8</ele></trkpt>
<trkpt lat="49.5791967" lon="0.2143367"><ele>36.07</ele></trkpt>
<trkpt lat="49.579165" lon="0.2143617"><ele>35.69</ele></trkpt>
<trkpt lat="49.5791333" lon="0.2143883"><ele>34.99</ele></trkpt>
<trkpt lat="49.5791017" lon="0.21442"><ele>34.92</ele></trkpt>
<trkpt lat="49.579075" lon="0.2144617"><ele>34.66</ele></trkpt>
<trkpt lat="49.5790533" lon="0.2144867"><ele>34.3</ele></trkpt>
<trkpt lat="49.5790283" lon="0.2145117"><ele>33.9</ele></trkpt>
<trkpt lat="49.5789933" lon="0.2145383"><ele>32.79</ele></trkpt>
<trkpt lat="49.5789583" lon="0.2145683"><ele>32.12</ele></trkpt>
<trkpt lat="49.578935" lon="0.21459"><ele>32.34</ele></trkpt>
<trkpt lat="49.57891" lon="0.2146133"><ele>32.5</ele></trkpt>
<trkpt lat="49.578875" lon="0.21464"><ele>32.54</ele></trkpt>
<trkpt lat="49.57885" lon="0.2146583"><ele>32.61</ele></trkpt>
<trkpt lat="49.5788267" lon="0.2146817"><ele>32.59</ele></trkpt>
<trkpt lat="49.57879330000001" lon="0.2147133"><ele>33.1</ele></trkpt>
<trkpt lat="49.57877" lon="0.214735"><ele>33.29</ele></trkpt>
<trkpt lat="49.5787383" lon="0.2147667"><ele>33.41</ele></trkpt>
<trkpt lat="49.5787067" lon="0.214795"><ele>33.61</ele></trkpt>
<trkpt lat="49.5786767" lon="0.214825"><ele>34</ele></trkpt>
<trkpt lat="49.57865330000001" lon="0.2148467"><ele>33.94</ele></trkpt>
<trkpt lat="49.57862000000001" lon="0.2148733"><ele>34.48</ele></trkpt>
<trkpt lat="49.57859169999999" lon="0.2148917"><ele>34.65</ele></trkpt>
<trkpt lat="49.57855670000001" lon="0.2149133"><ele>34.69</ele></trkpt>
<trkpt lat="49.5785267" lon="0.2149367"><ele>34.53</ele></trkpt>
<trkpt lat="49.578495" lon="0.2149617"><ele>35.22</ele></trkpt>
<trkpt lat="49.5784633" lon="0.2149933"><ele>35.22</ele></trkpt>
<trkpt lat="49.57843" lon="0.2150233"><ele>34.89</ele></trkpt>
<trkpt lat="49.57839830000001" lon="0.2150533"><ele>34.59</ele></trkpt>
<trkpt lat="49.5783767" lon="0.2150783"><ele>34.45</ele></trkpt>
<trkpt lat="49.5783533" lon="0.215105"><ele>34.1</ele></trkpt>
<trkpt lat="49.57831999999999" lon="0.215135"><ele>33.92</ele></trkpt>
<trkpt lat="49.57829" lon="0.215165"><ele>34.08</ele></trkpt>
<trkpt lat="49.5782633" lon="0.2151933"><ele>34.39</ele></trkpt>
<trkpt lat="49.5782333" lon="0.2152183"><ele>34.34</ele></trkpt>
<trkpt lat="49.578205" lon="0.2152433"><ele>34.09</ele></trkpt>
<trkpt lat="49.57817170000001" lon="0.2152633"><ele>33.66</ele></trkpt>
<trkpt lat="49.5781383" lon="0.21529"><ele>33.39</ele></trkpt>
<trkpt lat="49.578115" lon="0.2153117"><ele>32.89</ele></trkpt>
<trkpt lat="49.57809000000001" lon="0.2153333"><ele>32.69</ele></trkpt>
<trkpt lat="49.57806" lon="0.215355"><ele>33.25</ele></trkpt>
<trkpt lat="49.578025" lon="0.2153717"><ele>33.57</ele></trkpt>
<trkpt lat="49.5779933" lon="0.2153933"><ele>33.82</ele></trkpt>
<trkpt lat="49.5779683" lon="0.2154117"><ele>33.8</ele></trkpt>
<trkpt lat="49.57793" lon="0.2154167"><ele>34.08</ele></trkpt>
<trkpt lat="49.5778967" lon="0.2154233"><ele>34.44</ele></trkpt>
<trkpt lat="49.57786500000001" lon="0.2154067"><ele>33.56</ele></trkpt>
<trkpt lat="49.5778317" lon="0.2153783"><ele>33.39</ele></trkpt>
<trkpt lat="49.577795" lon="0.2153683"><ele>33.04</ele></trkpt>
<trkpt lat="49.5777567" lon="0.2153783"><ele>32.47</ele></trkpt>
<trkpt lat="49.577725" lon="0.2154"><ele>32.44</ele></trkpt>
<trkpt lat="49.57769" lon="0.2154283"><ele>32.72</ele></trkpt>
<trkpt lat="49.577665" lon="0.2154483"><ele>33.13</ele></trkpt>
<trkpt lat="49.5776383" lon="0.2154717"><ele>33.53</ele></trkpt>
<trkpt lat="49.577605" lon="0.2155"><ele>34.13</ele></trkpt>
<trkpt lat="49.57757" lon="0.2155233"><ele>34.47</ele></trkpt>
<trkpt lat="49.5775383" lon="0.2155533"><ele>35.03</ele></trkpt>
<trkpt lat="49.57750500000001" lon="0.21558"><ele>35.63</ele></trkpt>
<trkpt lat="49.5774717" lon="0.2156067"><ele>36.14</ele></trkpt>
<trkpt lat="49.57743829999999" lon="0.2156333"><ele>36.54</ele></trkpt>
<trkpt lat="49.5774083" lon="0.2156517"><ele>37.06</ele></trkpt>
<trkpt lat="49.57738" lon="0.2156767"><ele>37.12</ele></trkpt>
<trkpt lat="49.57734499999999" lon="0.215685"><ele>36.63</ele></trkpt>
<trkpt lat="49.5773133" lon="0.2156967"><ele>35.65</ele></trkpt>
<trkpt lat="49.57728169999999" lon="0.21571"><ele>34.75</ele></trkpt>
<trkpt lat="49.5772533" lon="0.2157367"><ele>34.2</ele></trkpt>
<trkpt lat="49.5772267" lon="0.215755"><ele>33.84</ele></trkpt>
<trkpt lat="49.5772017" lon="0.2157783"><ele>33.4</ele></trkpt>
<trkpt lat="49.5771667" lon="0.2157933"><ele>35.24</ele></trkpt>
<trkpt lat="49.57714" lon="0.2158167"><ele>35.76</ele></trkpt>
<trkpt lat="49.5771133" lon="0.2158383"><ele>35.66</ele></trkpt>
<trkpt lat="49.5770883" lon="0.2158633"><ele>35.57</ele></trkpt>
<trkpt lat="49.57706000000001" lon="0.21588"><ele>35.57</ele></trkpt>
<trkpt lat="49.57703" lon="0.2158967"><ele>35.65</ele></trkpt>
<trkpt lat="49.5770017" lon="0.215905"><ele>35.81</ele></trkpt>
<trkpt lat="49.57679330000001" lon="0.2160183"><ele>36.62</ele></trkpt>
<trkpt lat="49.5767583" lon="0.216"><ele>36.9</ele></trkpt>
<trkpt lat="49.57672669999999" lon="0.216005"><ele>36.84</ele></trkpt>
<trkpt lat="49.57669" lon="0.216025"><ele>35.67</ele></trkpt>
<trkpt lat="49.5766617" lon="0.2160467"><ele>35.28</ele></trkpt>
<trkpt lat="49.576615" lon="0.2160833"><ele>34.9</ele></trkpt>
<trkpt lat="49.5765783" lon="0.2161083"><ele>34.41</ele></trkpt>
<trkpt lat="49.5765467" lon="0.2161317"><ele>34.33</ele></trkpt>
<trkpt lat="49.57651000000001" lon="0.2161583"><ele>33.77</ele></trkpt>
<trkpt lat="49.5764833" lon="0.216185"><ele>33.4</ele></trkpt>
<trkpt lat="49.5764567" lon="0.2162067"><ele>32.91</ele></trkpt>
<trkpt lat="49.57642830000001" lon="0.216225"><ele>32.58</ele></trkpt>
<trkpt lat="49.5763983" lon="0.216245"><ele>32.43</ele></trkpt>
<trkpt lat="49.5763717" lon="0.21626"><ele>32.33</ele></trkpt>
<trkpt lat="49.576345" lon="0.2162683"><ele>32.07</ele></trkpt>
<trkpt lat="49.5763167" lon="0.216275"><ele>31.79</ele></trkpt>
<trkpt lat="49.57628999999999" lon="0.2162833"><ele>31.47</ele></trkpt>
<trkpt lat="49.57625" lon="0.2163067"><ele>31.37</ele></trkpt>
<trkpt lat="49.5762233" lon="0.2163233"><ele>31.63</ele></trkpt>
<trkpt lat="49.5761933" lon="0.2163417"><ele>32.29</ele></trkpt>
<trkpt lat="49.576165" lon="0.216355"><ele>32.66</ele></trkpt>
<trkpt lat="49.5761367" lon="0.2163667"><ele>33.04</ele></trkpt>
<trkpt lat="49.576105" lon="0.2163833"><ele>33.5</ele></trkpt>
<trkpt lat="49.5760717" lon="0.2164"><ele>33.93</ele></trkpt>
<trkpt lat="49.57603999999999" lon="0.2164133"><ele>34.19</ele></trkpt>
<trkpt lat="49.5760083" lon="0.2164283"><ele>34.08</ele></trkpt>
<trkpt lat="49.5759817" lon="0.2164417"><ele>33.7</ele></trkpt>
<trkpt lat="49.575945" lon="0.216455"><ele>33.36</ele></trkpt>
<trkpt lat="49.5759083" lon="0.216475"><ele>33.57</ele></trkpt>
<trkpt lat="49.5758833" lon="0.216495"><ele>33.55</ele></trkpt>
<trkpt lat="49.57584499999999" lon="0.2165133"><ele>33.24</ele></trkpt>
<trkpt lat="49.5758133" lon="0.2165333"><ele>33.19</ele></trkpt>
<trkpt lat="49.5757783" lon="0.2165483"><ele>32.92</ele></trkpt>
<trkpt lat="49.57574670000001" lon="0.2165683"><ele>32.19</ele></trkpt>
<trkpt lat="49.5757117" lon="0.2165883"><ele>31.84</ele></trkpt>
<trkpt lat="49.57567830000001" lon="0.2166083"><ele>31.4</ele></trkpt>
<trkpt lat="49.5756433" lon="0.21662"><ele>31.37</ele></trkpt>
<trkpt lat="49.5756083" lon="0.21664"><ele>30.9</ele></trkpt>
<trkpt lat="49.5755733" lon="0.216655"><ele>30.79</ele></trkpt>
<trkpt lat="49.5755367" lon="0.216675"><ele>30.75</ele></trkpt>
<trkpt lat="49.575505" lon="0.21669"><ele>30.55</ele></trkpt>
<trkpt lat="49.57547" lon="0.2167033"><ele>30.61</ele></trkpt>
<trkpt lat="49.5754367" lon="0.216725"><ele>30.01</ele></trkpt>
<trkpt lat="49.5754017" lon="0.2167417"><ele>29.9</ele></trkpt>
<trkpt lat="49.5753667" lon="0.21677"><ele>29.88</ele></trkpt>
<trkpt lat="49.57533669999999" lon="0.21679"><ele>30.24</ele></trkpt>
<trkpt lat="49.5753083" lon="0.21682"><ele>30.69</ele></trkpt>
<trkpt lat="49.5752783" lon="0.2168467"><ele>31.6</ele></trkpt>
<trkpt lat="49.57524329999999" lon="0.2168667"><ele>32.4</ele></trkpt>
<trkpt lat="49.57520830000001" lon="0.2168817"><ele>33.06</ele></trkpt>
<trkpt lat="49.57518" lon="0.2168967"><ele>33.73</ele></trkpt>
<trkpt lat="49.5751517" lon="0.2169117"><ele>34.15</ele></trkpt>
<trkpt lat="49.57512000000001" lon="0.21693"><ele>34.24</ele></trkpt>
<trkpt lat="49.575085" lon="0.2169483"><ele>34.38</ele></trkpt>
<trkpt lat="49.5750583" lon="0.2169583"><ele>34.53</ele></trkpt>
<trkpt lat="49.575025" lon="0.2169833"><ele>34.75</ele></trkpt>
<trkpt lat="49.5749867" lon="0.2170067"><ele>35.27</ele></trkpt>
<trkpt lat="49.57495999999999" lon="0.217015"><ele>35.5</ele></trkpt>
<trkpt lat="49.5749283" lon="0.2170333"><ele>35.96</ele></trkpt>
<trkpt lat="49.574895" lon="0.2170517"><ele>35.64</ele></trkpt>
<trkpt lat="49.5748683" lon="0.2170733"><ele>35.95</ele></trkpt>
<trkpt lat="49.57486" lon="0.21713"><ele>36.56</ele></trkpt>
<trkpt lat="49.57484000000001" lon="0.2171817"><ele>36.56</ele></trkpt>
<trkpt lat="49.5748133" lon="0.2172133"><ele>35.69</ele></trkpt>
<trkpt lat="49.5747833" lon="0.2172383"><ele>35.1</ele></trkpt>
<trkpt lat="49.57475170000001" lon="0.2172517"><ele>35.12</ele></trkpt>
<trkpt lat="49.5747167" lon="0.2172667"><ele>35.05</ele></trkpt>
<trkpt lat="49.5746833" lon="0.2172867"><ele>35.13</ele></trkpt>
<trkpt lat="49.57465329999999" lon="0.21731"><ele>35.22</ele></trkpt>
<trkpt lat="49.57461669999999" lon="0.21733"><ele>35.46</ele></trkpt>
<trkpt lat="49.57458" lon="0.2173467"><ele>36.22</ele></trkpt>
<trkpt lat="49.5745533" lon="0.217365"><ele>36.31</ele></trkpt>
<trkpt lat="49.5745167" lon="0.2173817"><ele>36.37</ele></trkpt>
<trkpt lat="49.5744817" lon="0.2174017"><ele>36.8</ele></trkpt>
<trkpt lat="49.5744567" lon="0.21742"><ele>36.68</ele></trkpt>
<trkpt lat="49.57442000000001" lon="0.2174417"><ele>36.21</ele></trkpt>
<trkpt lat="49.574385" lon="0.2174617"><ele>35.87</ele></trkpt>
<trkpt lat="49.5743483" lon="0.2174817"><ele>35.92</ele></trkpt>
<trkpt lat="49.5743133" lon="0.217505"><ele>35.76</ele></trkpt>
<trkpt lat="49.5742783" lon="0.21753"><ele>35.79</ele></trkpt>
<trkpt lat="49.5742517" lon="0.2175483"><ele>35.68</ele></trkpt>
<trkpt lat="49.5742167" lon="0.2175717"><ele>34.98</ele></trkpt>
<trkpt lat="49.57418329999999" lon="0.2176"><ele>34.51</ele></trkpt>
<trkpt lat="49.57415" lon="0.2176267"><ele>34.5</ele></trkpt>
<trkpt lat="49.57411669999999" lon="0.2176517"><ele>34.59</ele></trkpt>
<trkpt lat="49.5740833" lon="0.2176717"><ele>34.3</ele></trkpt>
<trkpt lat="49.5740483" lon="0.217695"><ele>34.13</ele></trkpt>
<trkpt lat="49.5740167" lon="0.2177217"><ele>34.15</ele></trkpt>
<trkpt lat="49.57398169999999" lon="0.2177467"><ele>34.45</ele></trkpt>
<trkpt lat="49.5739567" lon="0.2177633"><ele>34.7</ele></trkpt>
<trkpt lat="49.57392169999999" lon="0.21779"><ele>34.7</ele></trkpt>
<trkpt lat="49.57389" lon="0.2178183"><ele>34.37</ele></trkpt>
<trkpt lat="49.5738567" lon="0.217845"><ele>34.33</ele></trkpt>
<trkpt lat="49.5738233" lon="0.2178717"><ele>34.31</ele></trkpt>
<trkpt lat="49.5737983" lon="0.2178883"><ele>34.16</ele></trkpt>
<trkpt lat="49.573765" lon="0.2179133"><ele>34.06</ele></trkpt>
<trkpt lat="49.57373" lon="0.2179367"><ele>34.1</ele></trkpt>
<trkpt lat="49.573705" lon="0.2179533"><ele>34.44</ele></trkpt>
<trkpt lat="49.57368" lon="0.2179717"><ele>34.77</ele></trkpt>
<trkpt lat="49.57364669999999" lon="0.2179983"><ele>34.82</ele></trkpt>
<trkpt lat="49.573615" lon="0.2180217"><ele>34.63</ele></trkpt>
<trkpt lat="49.573585" lon="0.218045"><ele>34.6</ele></trkpt>
<trkpt lat="49.5735533" lon="0.2180683"><ele>34.63</ele></trkpt>
<trkpt lat="49.5735217" lon="0.218095"><ele>34.95</ele></trkpt>
<trkpt lat="49.573495" lon="0.21812"><ele>35.26</ele></trkpt>
<trkpt lat="49.573465" lon="0.2181367"><ele>35.56</ele></trkpt>
<trkpt lat="49.573435" lon="0.2181617"><ele>35.41</ele></trkpt>
<trkpt lat="49.5734033" lon="0.218195"><ele>35.1</ele></trkpt>
<trkpt lat="49.5733717" lon="0.2182217"><ele>35.01</ele></trkpt>
<trkpt lat="49.57333670000001" lon="0.2182433"><ele>35</ele></trkpt>
<trkpt lat="49.5733067" lon="0.2182717"><ele>34.79</ele></trkpt>
<trkpt lat="49.57327670000001" lon="0.2183017"><ele>34.89</ele></trkpt>
<trkpt lat="49.5732483" lon="0.21833"><ele>35.33</ele></trkpt>
<trkpt lat="49.57322" lon="0.2183583"><ele>35.81</ele></trkpt>
<trkpt lat="49.5731933" lon="0.2183833"><ele>36.15</ele></trkpt>
<trkpt lat="49.5731633" lon="0.2184117"><ele>36.43</ele></trkpt>
<trkpt lat="49.57313" lon="0.218435"><ele>36.33</ele></trkpt>
<trkpt lat="49.573105" lon="0.2184517"><ele>36.26</ele></trkpt>
<trkpt lat="49.5730783" lon="0.2184783"><ele>35.87</ele></trkpt>
<trkpt lat="49.5730483" lon="0.2185083"><ele>35.57</ele></trkpt>
<trkpt lat="49.5730233" lon="0.2185333"><ele>35.43</ele></trkpt>
<trkpt lat="49.5729967" lon="0.2185617"><ele>34.17</ele></trkpt>
<trkpt lat="49.57297" lon="0.21858"><ele>34.23</ele></trkpt>
<trkpt lat="49.57294170000001" lon="0.2186083"><ele>34.21</ele></trkpt>
<trkpt lat="49.572915" lon="0.21863"><ele>33.91</ele></trkpt>
<trkpt lat="49.5728867" lon="0.2186567"><ele>33.26</ele></trkpt>
<trkpt lat="49.5728583" lon="0.2186817"><ele>33.33</ele></trkpt>
<trkpt lat="49.5728283" lon="0.2187067"><ele>33.2</ele></trkpt>
<trkpt lat="49.572795" lon="0.2187283"><ele>33.58</ele></trkpt>
<trkpt lat="49.57277" lon="0.2187533"><ele>33.53</ele></trkpt>
<trkpt lat="49.5727433" lon="0.2187833"><ele>33.3</ele></trkpt>
<trkpt lat="49.572715" lon="0.218815"><ele>32.78</ele></trkpt>
<trkpt lat="49.572685" lon="0.2188433"><ele>32.54</ele></trkpt>
<trkpt lat="49.57265" lon="0.21887"><ele>32.92</ele></trkpt>
<trkpt lat="49.57261669999999" lon="0.218895"><ele>33.51</ele></trkpt>
<trkpt lat="49.572585" lon="0.2189217"><ele>33.66</ele></trkpt>
<trkpt lat="49.5725533" lon="0.2189483"><ele>33.47</ele></trkpt>
<trkpt lat="49.5725217" lon="0.218975"><ele>33.24</ele></trkpt>
<trkpt lat="49.5724917" lon="0.2190067"><ele>33.33</ele></trkpt>
<trkpt lat="49.5724617" lon="0.21904"><ele>33.39</ele></trkpt>
<trkpt lat="49.5724283" lon="0.2190733"><ele>34.01</ele></trkpt>
<trkpt lat="49.57239830000001" lon="0.21911"><ele>34.7</ele></trkpt>
<trkpt lat="49.5723683" lon="0.2191417"><ele>34.8</ele></trkpt>
<trkpt lat="49.5723383" lon="0.219175"><ele>34.97</ele></trkpt>
<trkpt lat="49.572315" lon="0.2192"><ele>35.09</ele></trkpt>
<trkpt lat="49.5722833" lon="0.2192317"><ele>34.99</ele></trkpt>
<trkpt lat="49.5722533" lon="0.2192633"><ele>34.89</ele></trkpt>
<trkpt lat="49.57222170000001" lon="0.2192933"><ele>34.51</ele></trkpt>
<trkpt lat="49.5721917" lon="0.2193217"><ele>33.98</ele></trkpt>
<trkpt lat="49.57216170000001" lon="0.2193533"><ele>33.74</ele></trkpt>
<trkpt lat="49.5721333" lon="0.2193817"><ele>33.56</ele></trkpt>
<trkpt lat="49.5721067" lon="0.21941"><ele>33.7</ele></trkpt>
<trkpt lat="49.5720767" lon="0.21944"><ele>33.73</ele></trkpt>
<trkpt lat="49.5720483" lon="0.2194733"><ele>33.59</ele></trkpt>
<trkpt lat="49.57202" lon="0.21951"><ele>33.6</ele></trkpt>
<trkpt lat="49.5719917" lon="0.219545"><ele>33.63</ele></trkpt>
<trkpt lat="49.5719633" lon="0.21958"><ele>33.49</ele></trkpt>
<trkpt lat="49.571935" lon="0.2196167"><ele>33.49</ele></trkpt>
<trkpt lat="49.5719067" lon="0.2196467"><ele>33.7</ele></trkpt>
<trkpt lat="49.5718767" lon="0.219675"><ele>33.73</ele></trkpt>
<trkpt lat="49.5718433" lon="0.2197017"><ele>33.66</ele></trkpt>
<trkpt lat="49.57181" lon="0.2197333"><ele>33.38</ele></trkpt>
<trkpt lat="49.57177670000001" lon="0.2197633"><ele>32.98</ele></trkpt>
<trkpt lat="49.5717433" lon="0.2197967"><ele>32.77</ele></trkpt>
<trkpt lat="49.5717183" lon="0.2198217"><ele>32.8</ele></trkpt>
<trkpt lat="49.5716883" lon="0.219855"><ele>32.99</ele></trkpt>
<trkpt lat="49.571665" lon="0.2198767"><ele>33.28</ele></trkpt>
<trkpt lat="49.57164169999999" lon="0.2199"><ele>33.33</ele></trkpt>
<trkpt lat="49.5716183" lon="0.2199233"><ele>33.17</ele></trkpt>
<trkpt lat="49.5715867" lon="0.21995"><ele>32.62</ele></trkpt>
<trkpt lat="49.5715533" lon="0.2199817"><ele>32.11</ele></trkpt>
<trkpt lat="49.5715217" lon="0.2200133"><ele>32.21</ele></trkpt>
<trkpt lat="49.57149" lon="0.220035"><ele>32.59</ele></trkpt>
<trkpt lat="49.5714583" lon="0.2200617"><ele>32.96</ele></trkpt>
<trkpt lat="49.57142830000001" lon="0.2200917"><ele>33.06</ele></trkpt>
<trkpt lat="49.5713983" lon="0.220125"><ele>33.02</ele></trkpt>
<trkpt lat="49.5713767" lon="0.220155"><ele>33.1</ele></trkpt>
<trkpt lat="49.571355" lon="0.22019"><ele>33.31</ele></trkpt>
<trkpt lat="49.571325" lon="0.22018"><ele>33.3</ele></trkpt>
<trkpt lat="49.5713" lon="0.22016"><ele>33.59</ele></trkpt>
<trkpt lat="49.5712767" lon="0.2201383"><ele>34.22</ele></trkpt>
<trkpt lat="49.5712617" lon="0.22009"><ele>34.99</ele></trkpt>
<trkpt lat="49.571245" lon="0.2200517"><ele>35.95</ele></trkpt>
<trkpt lat="49.571225" lon="0.2200167"><ele>36.37</ele></trkpt>
<trkpt lat="49.57120330000001" lon="0.2199867"><ele>36.4</ele></trkpt>
<trkpt lat="49.57118" lon="0.2199417"><ele>36.1</ele></trkpt>
<trkpt lat="49.57116" lon="0.2199133"><ele>35.96</ele></trkpt>
<trkpt lat="49.5711367" lon="0.2198817"><ele>36.19</ele></trkpt>
<trkpt lat="49.57111669999999" lon="0.2198533"><ele>36.3</ele></trkpt>
<trkpt lat="49.5710967" lon="0.2198133"><ele>36.6</ele></trkpt>
<trkpt lat="49.5710783" lon="0.219775"><ele>36.98</ele></trkpt>
<trkpt lat="49.5710617" lon="0.2197367"><ele>37.22</ele></trkpt>
<trkpt lat="49.5710467" lon="0.2196967"><ele>37.31</ele></trkpt>
<trkpt lat="49.57103499999999" lon="0.2196567"><ele>37.31</ele></trkpt>
<trkpt lat="49.571025" lon="0.2196167"><ele>37.65</ele></trkpt>
<trkpt lat="49.57100830000001" lon="0.2195717"><ele>38.05</ele></trkpt>
<trkpt lat="49.5709917" lon="0.21953"><ele>38.2</ele></trkpt>
<trkpt lat="49.5709783" lon="0.2194917"><ele>38.32</ele></trkpt>
<trkpt lat="49.5709633" lon="0.2194483"><ele>38.68</ele></trkpt>
<trkpt lat="49.5709483" lon="0.2194067"><ele>39.08</ele></trkpt>
<trkpt lat="49.5709367" lon="0.2193567"><ele>39.38</ele></trkpt>
<trkpt lat="49.5709183" lon="0.2193133"><ele>39.68</ele></trkpt>
<trkpt lat="49.5709017" lon="0.2192717"><ele>40.24</ele></trkpt>
<trkpt lat="49.570885" lon="0.2192283"><ele>40.98999999999999</ele></trkpt>
<trkpt lat="49.570865" lon="0.2191783"><ele>41.46</ele></trkpt>
<trkpt lat="49.5708517" lon="0.2191283"><ele>41.88</ele></trkpt>
<trkpt lat="49.5708383" lon="0.2190817"><ele>42.29</ele></trkpt>
<trkpt lat="49.5708283" lon="0.2190383"><ele>42.61</ele></trkpt>
<trkpt lat="49.5708117" lon="0.2190017"><ele>43.14</ele></trkpt>
<trkpt lat="49.5707967" lon="0.218955"><ele>43.81</ele></trkpt>
<trkpt lat="49.57078169999999" lon="0.218915"><ele>44.28</ele></trkpt>
<trkpt lat="49.570765" lon="0.2188733"><ele>44.59</ele></trkpt>
<trkpt lat="49.5707483" lon="0.2188317"><ele>45.09999999999999</ele></trkpt>
<trkpt lat="49.570735" lon="0.2187867"><ele>45.27</ele></trkpt>
<trkpt lat="49.57072170000001" lon="0.2187467"><ele>45.56</ele></trkpt>
<trkpt lat="49.5707067" lon="0.2186967"><ele>46.21</ele></trkpt>
<trkpt lat="49.570695" lon="0.2186483"><ele>46.24</ele></trkpt>
<trkpt lat="49.57068329999999" lon="0.2186067"><ele>46.26</ele></trkpt>
<trkpt lat="49.5706667" lon="0.2185667"><ele>46.46</ele></trkpt>
<trkpt lat="49.57065" lon="0.21853"><ele>46.95</ele></trkpt>
<trkpt lat="49.5706333" lon="0.2184933"><ele>47.52</ele></trkpt>
<trkpt lat="49.5706167" lon="0.2184583"><ele>48.17</ele></trkpt>
<trkpt lat="49.5706" lon="0.2184217"><ele>48.67</ele></trkpt>
<trkpt lat="49.57058669999999" lon="0.2183833"><ele>49.27</ele></trkpt>
<trkpt lat="49.57056999999999" lon="0.2183433"><ele>49.49</ele></trkpt>
<trkpt lat="49.5705567" lon="0.2183033"><ele>49.74</ele></trkpt>
<trkpt lat="49.5705417" lon="0.2182683"><ele>50.23</ele></trkpt>
<trkpt lat="49.5705283" lon="0.2182283"><ele>50.78</ele></trkpt>
<trkpt lat="49.5705117" lon="0.218185"><ele>50.94</ele></trkpt>
<trkpt lat="49.5704967" lon="0.2181317"><ele>50.88</ele></trkpt>
<trkpt lat="49.57048" lon="0.2180917"><ele>50.83</ele></trkpt>
<trkpt lat="49.570465" lon="0.2180517"><ele>51.12</ele></trkpt>
<trkpt lat="49.57045000000001" lon="0.2180117"><ele>51.3</ele></trkpt>
<trkpt lat="49.57044" lon="0.21796"><ele>51.64999999999999</ele></trkpt>
<trkpt lat="49.57042499999999" lon="0.2179167"><ele>51.71999999999999</ele></trkpt>
<trkpt lat="49.5704117" lon="0.2178767"><ele>52.14999999999999</ele></trkpt>
<trkpt lat="49.57039999999999" lon="0.2178367"><ele>52.98</ele></trkpt>
<trkpt lat="49.5703833" lon="0.2178"><ele>54.25</ele></trkpt>
<trkpt lat="49.57036500000001" lon="0.2177667"><ele>55.48</ele></trkpt>
<trkpt lat="49.57035" lon="0.2177317"><ele>56.59</ele></trkpt>
<trkpt lat="49.570345" lon="0.2176883"><ele>57.43</ele></trkpt>
<trkpt lat="49.5703333" lon="0.2176467"><ele>57.6</ele></trkpt>
<trkpt lat="49.5703183" lon="0.2175983"><ele>57.98999999999999</ele></trkpt>
<trkpt lat="49.570305" lon="0.217555"><ele>58.46</ele></trkpt>
<trkpt lat="49.57029" lon="0.2175117"><ele>58.82</ele></trkpt>
<trkpt lat="49.570265" lon="0.2174883"><ele>59.23</ele></trkpt>
<trkpt lat="49.5702433" lon="0.2174633"><ele>58.48999999999999</ele></trkpt>
<trkpt lat="49.5702283" lon="0.2174133"><ele>57.6</ele></trkpt>
<trkpt lat="49.5702017" lon="0.2173783"><ele>57.35</ele></trkpt>
<trkpt lat="49.57017499999999" lon="0.2173633"><ele>57.25999999999999</ele></trkpt>
<trkpt lat="49.57014169999999" lon="0.2173433"><ele>57.43999999999999</ele></trkpt>
<trkpt lat="49.5701167" lon="0.2173267"><ele>57.68</ele></trkpt>
<trkpt lat="49.5700883" lon="0.2173133"><ele>57.96</ele></trkpt>
<trkpt lat="49.57006169999999" lon="0.217305"><ele>58.25999999999999</ele></trkpt>
<trkpt lat="49.57002670000001" lon="0.2172817"><ele>59.11999999999999</ele></trkpt>
<trkpt lat="49.57" lon="0.217245"><ele>60.23</ele></trkpt>
<trkpt lat="49.56997669999999" lon="0.2172033"><ele>61.47</ele></trkpt>
<trkpt lat="49.56996329999999" lon="0.2171583"><ele>62.83</ele></trkpt>
<trkpt lat="49.56995330000001" lon="0.2171183"><ele>64.15</ele></trkpt>
<trkpt lat="49.569945" lon="0.2170767"><ele>65.24</ele></trkpt>
<trkpt lat="49.5699333" lon="0.2170333"><ele>66.08</ele></trkpt>
<trkpt lat="49.5699183" lon="0.2169833"><ele>67.14</ele></trkpt>
<trkpt lat="49.56990329999999" lon="0.2169283"><ele>68.07</ele></trkpt>
<trkpt lat="49.569895" lon="0.21688"><ele>69.19</ele></trkpt>
<trkpt lat="49.56990329999999" lon="0.21684"><ele>70.35</ele></trkpt>
<trkpt lat="49.56991" lon="0.2167967"><ele>71.38</ele></trkpt>
<trkpt lat="49.569905" lon="0.2167517"><ele>71.76</ele></trkpt>
<trkpt lat="49.5698933" lon="0.2167"><ele>72.77</ele></trkpt>
<trkpt lat="49.56988170000001" lon="0.21666"><ele>73.54</ele></trkpt>
<trkpt lat="49.5698733" lon="0.2166183"><ele>74.12</ele></trkpt>
<trkpt lat="49.56986999999999" lon="0.2165667"><ele>75.31</ele></trkpt>
<trkpt lat="49.56986" lon="0.2165217"><ele>76.12</ele></trkpt>
<trkpt lat="49.5698533" lon="0.216475"><ele>76.43</ele></trkpt>
<trkpt lat="49.5698383" lon="0.21643"><ele>76.72</ele></trkpt>
<trkpt lat="49.5698267" lon="0.2163767"><ele>77.09</ele></trkpt>
<trkpt lat="49.56981499999999" lon="0.2163333"><ele>77.3</ele></trkpt>
<trkpt lat="49.5698033" lon="0.2162933"><ele>77.62</ele></trkpt>
<trkpt lat="49.5697833" lon="0.216255"><ele>78.05</ele></trkpt>
<trkpt lat="49.5697683" lon="0.2162083"><ele>78.46</ele></trkpt>
<trkpt lat="49.5697533" lon="0.2161633"><ele>78.72</ele></trkpt>
<trkpt lat="49.5697417" lon="0.2161183"><ele>79.09</ele></trkpt>
<trkpt lat="49.56972669999999" lon="0.2160767"><ele>79.65</ele></trkpt>
<trkpt lat="49.56971329999999" lon="0.216035"><ele>79.93</ele></trkpt>
<trkpt lat="49.56969170000001" lon="0.2160033"><ele>80.1</ele></trkpt>
<trkpt lat="49.56967000000001" lon="0.2159683"><ele>80.13</ele></trkpt>
<trkpt lat="49.5696467" lon="0.2159417"><ele>80.49</ele></trkpt>
<trkpt lat="49.569625" lon="0.2158983"><ele>80.88</ele></trkpt>
<trkpt lat="49.5696083" lon="0.2158617"><ele>81.66</ele></trkpt>
<trkpt lat="49.5695883" lon="0.215815"><ele>82.55</ele></trkpt>
<trkpt lat="49.5695733" lon="0.2157767"><ele>82.92</ele></trkpt>
<trkpt lat="49.5695617" lon="0.2157383"><ele>83.2</ele></trkpt>
<trkpt lat="49.56954" lon="0.2157017"><ele>83.66</ele></trkpt>
<trkpt lat="49.56952" lon="0.2156683"><ele>84.68</ele></trkpt>
<trkpt lat="49.5695033" lon="0.2156267"><ele>85.31</ele></trkpt>
<trkpt lat="49.5694883" lon="0.21559"><ele>85.5</ele></trkpt>
<trkpt lat="49.5694783" lon="0.21555"><ele>85.98</ele></trkpt>
<trkpt lat="49.56946" lon="0.2155083"><ele>86.33</ele></trkpt>
<trkpt lat="49.56944" lon="0.21548"><ele>86.58</ele></trkpt>
<trkpt lat="49.56942000000001" lon="0.2154483"><ele>87.18</ele></trkpt>
<trkpt lat="49.5693883" lon="0.2154083"><ele>87.5</ele></trkpt>
<trkpt lat="49.56936169999999" lon="0.2153617"><ele>87.76</ele></trkpt>
<trkpt lat="49.56934330000001" lon="0.2153217"><ele>87.93</ele></trkpt>
<trkpt lat="49.56932" lon="0.215285"><ele>87.76</ele></trkpt>
<trkpt lat="49.5692917" lon="0.2152383"><ele>87.73</ele></trkpt>
<trkpt lat="49.5692717" lon="0.21521"><ele>87.96</ele></trkpt>
<trkpt lat="49.56924" lon="0.215175"><ele>88.25</ele></trkpt>
<trkpt lat="49.5692133" lon="0.21513"><ele>88.88</ele></trkpt>
<trkpt lat="49.5691983" lon="0.215095"><ele>89.34</ele></trkpt>
<trkpt lat="49.5691783" lon="0.2150483"><ele>89.88</ele></trkpt>
<trkpt lat="49.5691533" lon="0.2150017"><ele>90.13</ele></trkpt>
<trkpt lat="49.569135" lon="0.2149683"><ele>90.19999999999999</ele></trkpt>
<trkpt lat="49.569115" lon="0.214935"><ele>90.39</ele></trkpt>
<trkpt lat="49.5690967" lon="0.2149033"><ele>90.93</ele></trkpt>
<trkpt lat="49.5690683" lon="0.2148583"><ele>91.69</ele></trkpt>
<trkpt lat="49.56905" lon="0.214825"><ele>92.37</ele></trkpt>
<trkpt lat="49.5690283" lon="0.2147817"><ele>92.97</ele></trkpt>
<trkpt lat="49.569005" lon="0.2147367"><ele>93.22</ele></trkpt>
<trkpt lat="49.56898330000001" lon="0.2146883"><ele>93.46</ele></trkpt>
<trkpt lat="49.5689633" lon="0.21464"><ele>93.88</ele></trkpt>
<trkpt lat="49.5689417" lon="0.2145883"><ele>94.1</ele></trkpt>
<trkpt lat="49.5689183" lon="0.2145367"><ele>94.26</ele></trkpt>
<trkpt lat="49.5689017" lon="0.2145"><ele>94.4</ele></trkpt>
<trkpt lat="49.5688833" lon="0.21446"><ele>94.57</ele></trkpt>
<trkpt lat="49.5688633" lon="0.2144183"><ele>94.88</ele></trkpt>
<trkpt lat="49.5688417" lon="0.2143883"><ele>95.32</ele></trkpt>
<trkpt lat="49.5688167" lon="0.2143567"><ele>95.78</ele></trkpt>
<trkpt lat="49.56878830000001" lon="0.2143617"><ele>95.96</ele></trkpt>
<trkpt lat="49.56880170000001" lon="0.2143017"><ele>95.74</ele></trkpt>
<trkpt lat="49.56875" lon="0.2141733"><ele>93.57</ele></trkpt>
<trkpt lat="49.56873" lon="0.21413"><ele>93.99</ele></trkpt>
<trkpt lat="49.5687083" lon="0.2140933"><ele>94.1</ele></trkpt>
<trkpt lat="49.568685" lon="0.2140467"><ele>94.4</ele></trkpt>
<trkpt lat="49.56867" lon="0.2140117"><ele>94.82</ele></trkpt>
<trkpt lat="49.5686583" lon="0.213965"><ele>95.54</ele></trkpt>
<trkpt lat="49.5686433" lon="0.213925"><ele>96.08</ele></trkpt>
<trkpt lat="49.5686217" lon="0.2138867"><ele>96.06</ele></trkpt>
<trkpt lat="49.568605" lon="0.213835"><ele>96.28999999999999</ele></trkpt>
<trkpt lat="49.5685883" lon="0.2138"><ele>96.4</ele></trkpt>
<trkpt lat="49.5685683" lon="0.2137483"><ele>96.68</ele></trkpt>
<trkpt lat="49.56855" lon="0.2137017"><ele>96.74</ele></trkpt>
<trkpt lat="49.5685367" lon="0.2136633"><ele>96.82</ele></trkpt>
<trkpt lat="49.5685167" lon="0.213615"><ele>96.83</ele></trkpt>
<trkpt lat="49.5685" lon="0.2135667"><ele>96.71</ele></trkpt>
<trkpt lat="49.56848829999999" lon="0.2135183"><ele>96.99</ele></trkpt>
<trkpt lat="49.5684717" lon="0.2134633"><ele>97.06</ele></trkpt>
<trkpt lat="49.5684583" lon="0.213425"><ele>96.8</ele></trkpt>
<trkpt lat="49.5684433" lon="0.2133733"><ele>96.47</ele></trkpt>
<trkpt lat="49.5684317" lon="0.2133267"><ele>96.27</ele></trkpt>
<trkpt lat="49.56841669999999" lon="0.21329"><ele>96.17</ele></trkpt>
<trkpt lat="49.56840329999999" lon="0.213235"><ele>95.76</ele></trkpt>
<trkpt lat="49.5683867" lon="0.2131833"><ele>95.63</ele></trkpt>
<trkpt lat="49.56837829999999" lon="0.2131433"><ele>95.7</ele></trkpt>
<trkpt lat="49.5683633" lon="0.2130867"><ele>96.06</ele></trkpt>
<trkpt lat="49.5683483" lon="0.2130333"><ele>96.16</ele></trkpt>
<trkpt lat="49.5683367" lon="0.2129833"><ele>96.28999999999999</ele></trkpt>
<trkpt lat="49.5683233" lon="0.2129333"><ele>96.27</ele></trkpt>
<trkpt lat="49.5683083" lon="0.212885"><ele>96.12</ele></trkpt>
<trkpt lat="49.56829329999999" lon="0.2128367"><ele>95.78</ele></trkpt>
<trkpt lat="49.5682817" lon="0.2127867"><ele>95.73</ele></trkpt>
<trkpt lat="49.5682667" lon="0.2127317"><ele>95.83</ele></trkpt>
<trkpt lat="49.56825500000001" lon="0.2126817"><ele>95.83</ele></trkpt>
<trkpt lat="49.5682417" lon="0.2126283"><ele>96.02</ele></trkpt>
<trkpt lat="49.5682283" lon="0.2125717"><ele>95.7</ele></trkpt>
<trkpt lat="49.56821329999999" lon="0.21252"><ele>95.44</ele></trkpt>
<trkpt lat="49.5682" lon="0.2124683"><ele>95.52</ele></trkpt>
<trkpt lat="49.5681867" lon="0.21241"><ele>95.43</ele></trkpt>
<trkpt lat="49.5681717" lon="0.212355"><ele>95.24</ele></trkpt>
<trkpt lat="49.5681617" lon="0.212305"><ele>95.46</ele></trkpt>
<trkpt lat="49.568155" lon="0.2122517"><ele>95.44</ele></trkpt>
<trkpt lat="49.5681433" lon="0.2122017"><ele>95.43</ele></trkpt>
<trkpt lat="49.5681333" lon="0.2121467"><ele>95.85</ele></trkpt>
<trkpt lat="49.5681233" lon="0.21209"><ele>96.35</ele></trkpt>
<trkpt lat="49.5681117" lon="0.2120483"><ele>97.03999999999999</ele></trkpt>
<trkpt lat="49.5680983" lon="0.2120117"><ele>98.78</ele></trkpt>
<trkpt lat="49.5680867" lon="0.211965"><ele>98.69</ele></trkpt>
<trkpt lat="49.56809000000001" lon="0.2119217"><ele>98.15</ele></trkpt>
<trkpt lat="49.56808" lon="0.2118767"><ele>97.4</ele></trkpt>
<trkpt lat="49.5680667" lon="0.2118367"><ele>96.67</ele></trkpt>
<trkpt lat="49.56805669999999" lon="0.2117933"><ele>96.08</ele></trkpt>
<trkpt lat="49.56804" lon="0.2117383"><ele>95.23</ele></trkpt>
<trkpt lat="49.56803000000001" lon="0.2116967"><ele>94.75</ele></trkpt>
<trkpt lat="49.56802170000001" lon="0.211655"><ele>94.32</ele></trkpt>
<trkpt lat="49.5680067" lon="0.2115967"><ele>94.14</ele></trkpt>
<trkpt lat="49.5679983" lon="0.2115567"><ele>94.04</ele></trkpt>
<trkpt lat="49.5679883" lon="0.2115167"><ele>94.03</ele></trkpt>
<trkpt lat="49.5679783" lon="0.211475"><ele>94.03</ele></trkpt>
<trkpt lat="49.5679667" lon="0.2114283"><ele>93.94</ele></trkpt>
<trkpt lat="49.5679533" lon="0.2113867"><ele>93.77</ele></trkpt>
<trkpt lat="49.56794170000001" lon="0.2113467"><ele>93.41</ele></trkpt>
<trkpt lat="49.56792999999999" lon="0.2113067"><ele>93.09</ele></trkpt>
<trkpt lat="49.56791170000001" lon="0.2112483"><ele>92.94</ele></trkpt>
<trkpt lat="49.5679033" lon="0.2112033"><ele>93.09</ele></trkpt>
<trkpt lat="49.5678933" lon="0.2111567"><ele>93.36</ele></trkpt>
<trkpt lat="49.5678833" lon="0.2111117"><ele>93.66</ele></trkpt>
<trkpt lat="49.567875" lon="0.2110683"><ele>93.98</ele></trkpt>
<trkpt lat="49.567865" lon="0.2110267"><ele>94.1</ele></trkpt>
<trkpt lat="49.56785670000001" lon="0.210985"><ele>94.2</ele></trkpt>
<trkpt lat="49.5678467" lon="0.2109433"><ele>94.32</ele></trkpt>
<trkpt lat="49.5678367" lon="0.2109033"><ele>94.4</ele></trkpt>
<trkpt lat="49.5678283" lon="0.2108583"><ele>94.59</ele></trkpt>
<trkpt lat="49.5678167" lon="0.2108133"><ele>94.55999999999999</ele></trkpt>
<trkpt lat="49.567805" lon="0.2107683"><ele>94.45999999999998</ele></trkpt>
<trkpt lat="49.5677967" lon="0.2107233"><ele>94.34</ele></trkpt>
<trkpt lat="49.56778499999999" lon="0.2106767"><ele>94.1</ele></trkpt>
<trkpt lat="49.567775" lon="0.2106317"><ele>93.81</ele></trkpt>
<trkpt lat="49.567765" lon="0.2105883"><ele>93.51</ele></trkpt>
<trkpt lat="49.5677533" lon="0.2105433"><ele>93.19</ele></trkpt>
<trkpt lat="49.5677433" lon="0.2105"><ele>92.91</ele></trkpt>
<trkpt lat="49.5677317" lon="0.2104583"><ele>92.52</ele></trkpt>
<trkpt lat="49.56772" lon="0.2104133"><ele>92.35</ele></trkpt>
<trkpt lat="49.56771" lon="0.21037"><ele>92.24</ele></trkpt>
<trkpt lat="49.5677017" lon="0.210325"><ele>92.23</ele></trkpt>
<trkpt lat="49.5676917" lon="0.2102817"><ele>92.32</ele></trkpt>
<trkpt lat="49.5676817" lon="0.2102367"><ele>92.49</ele></trkpt>
<trkpt lat="49.56767000000001" lon="0.2101933"><ele>92.83</ele></trkpt>
<trkpt lat="49.56765" lon="0.2101417"><ele>93.26</ele></trkpt>
<trkpt lat="49.567635" lon="0.210105"><ele>93.63</ele></trkpt>
<trkpt lat="49.56761999999999" lon="0.210065"><ele>94.14</ele></trkpt>
<trkpt lat="49.5676033" lon="0.2100083"><ele>94.75</ele></trkpt>
<trkpt lat="49.5675917" lon="0.2099667"><ele>95.08</ele></trkpt>
<trkpt lat="49.56758" lon="0.2099267"><ele>95.13</ele></trkpt>
<trkpt lat="49.5675683" lon="0.2098767"><ele>95.39</ele></trkpt>
<trkpt lat="49.56756000000001" lon="0.2098267"><ele>95.86</ele></trkpt>
<trkpt lat="49.5675483" lon="0.20977"><ele>96.24</ele></trkpt>
<trkpt lat="49.56753499999999" lon="0.2097217"><ele>95.44</ele></trkpt>
<trkpt lat="49.5675183" lon="0.2096717"><ele>94.89</ele></trkpt>
<trkpt lat="49.56750830000001" lon="0.2096317"><ele>94.77</ele></trkpt>
<trkpt lat="49.567495" lon="0.20959"><ele>94.55</ele></trkpt>
<trkpt lat="49.56748" lon="0.20955"><ele>94.3</ele></trkpt>
<trkpt lat="49.5674667" lon="0.2095133"><ele>94.15</ele></trkpt>
<trkpt lat="49.5674483" lon="0.209465"><ele>94.57</ele></trkpt>
<trkpt lat="49.5674367" lon="0.209425"><ele>94.80999999999999</ele></trkpt>
<trkpt lat="49.56742330000001" lon="0.2093883"><ele>94.99</ele></trkpt>
<trkpt lat="49.56741170000001" lon="0.20935"><ele>95.1</ele></trkpt>
<trkpt lat="49.56739000000001" lon="0.2093017"><ele>95.62</ele></trkpt>
<trkpt lat="49.56736169999999" lon="0.2092567"><ele>96.1</ele></trkpt>
<trkpt lat="49.5673333" lon="0.2092133"><ele>96.16</ele></trkpt>
<trkpt lat="49.56731000000001" lon="0.2091767"><ele>96.13</ele></trkpt>
<trkpt lat="49.56728500000001" lon="0.209145"><ele>95.74</ele></trkpt>
<trkpt lat="49.5672583" lon="0.20911"><ele>95.61</ele></trkpt>
<trkpt lat="49.56723499999999" lon="0.2090817"><ele>95.99</ele></trkpt>
<trkpt lat="49.56721" lon="0.2090483"><ele>96.45</ele></trkpt>
<trkpt lat="49.5671867" lon="0.2090217"><ele>96.78</ele></trkpt>
<trkpt lat="49.567165" lon="0.2089933"><ele>96.92</ele></trkpt>
<trkpt lat="49.56713670000001" lon="0.2089567"><ele>96.93</ele></trkpt>
<trkpt lat="49.56711" lon="0.2089283"><ele>97.16</ele></trkpt>
<trkpt lat="49.5670783" lon="0.2088967"><ele>97.75</ele></trkpt>
<trkpt lat="49.5670533" lon="0.2088617"><ele>97.85999999999999</ele></trkpt>
<trkpt lat="49.56702670000001" lon="0.2088283"><ele>97.83</ele></trkpt>
<trkpt lat="49.567" lon="0.2087917"><ele>98.16</ele></trkpt>
<trkpt lat="49.56697" lon="0.2087517"><ele>99.01</ele></trkpt>
<trkpt lat="49.5669467" lon="0.2087217"><ele>99.37</ele></trkpt>
<trkpt lat="49.5669233" lon="0.2086933"><ele>99.35999999999999</ele></trkpt>
<trkpt lat="49.566895" lon="0.2086533"><ele>98.65</ele></trkpt>
<trkpt lat="49.56686830000001" lon="0.2086167"><ele>98.12</ele></trkpt>
<trkpt lat="49.5668467" lon="0.2085883"><ele>97.88</ele></trkpt>
<trkpt lat="49.5668283" lon="0.2085567"><ele>97.61</ele></trkpt>
<trkpt lat="49.5667983" lon="0.2085117"><ele>97.34999999999998</ele></trkpt>
<trkpt lat="49.56677" lon="0.2084717"><ele>97.24</ele></trkpt>
<trkpt lat="49.56675" lon="0.2084433"><ele>97.16</ele></trkpt>
<trkpt lat="49.5667233" lon="0.2083967"><ele>96.71</ele></trkpt>
<trkpt lat="49.5667067" lon="0.2083633"><ele>96.48</ele></trkpt>
<trkpt lat="49.566685" lon="0.2083367"><ele>96.35</ele></trkpt>
<trkpt lat="49.5666583" lon="0.2082917"><ele>96.24</ele></trkpt>
<trkpt lat="49.5666317" lon="0.2082517"><ele>96.33</ele></trkpt>
<trkpt lat="49.566605" lon="0.2082067"><ele>96.33</ele></trkpt>
<trkpt lat="49.5665833" lon="0.20816"><ele>96.5</ele></trkpt>
<trkpt lat="49.56655669999999" lon="0.2081183"><ele>96.76</ele></trkpt>
<trkpt lat="49.5665283" lon="0.2080817"><ele>97.02</ele></trkpt>
<trkpt lat="49.5665" lon="0.2080483"><ele>97.19</ele></trkpt>
<trkpt lat="49.566475" lon="0.208005"><ele>97.75</ele></trkpt>
<trkpt lat="49.5664483" lon="0.207965"><ele>97.9</ele></trkpt>
<trkpt lat="49.5664233" lon="0.2079233"><ele>97.93</ele></trkpt>
<trkpt lat="49.5663967" lon="0.2078783"><ele>98.02</ele></trkpt>
<trkpt lat="49.56636999999999" lon="0.2078333"><ele>98.05</ele></trkpt>
<trkpt lat="49.5663517" lon="0.2077983"><ele>97.72999999999999</ele></trkpt>
<trkpt lat="49.5663267" lon="0.2077517"><ele>97.03</ele></trkpt>
<trkpt lat="49.5663" lon="0.2077067"><ele>96.51</ele></trkpt>
<trkpt lat="49.5662733" lon="0.207665"><ele>95.99</ele></trkpt>
<trkpt lat="49.566245" lon="0.2076233"><ele>95.39</ele></trkpt>
<trkpt lat="49.5662167" lon="0.207585"><ele>95.01</ele></trkpt>
<trkpt lat="49.5661883" lon="0.207545"><ele>94.49</ele></trkpt>
<trkpt lat="49.5661683" lon="0.2075167"><ele>94.14</ele></trkpt>
<trkpt lat="49.5661383" lon="0.2074717"><ele>93.9</ele></trkpt>
<trkpt lat="49.56611999999999" lon="0.20744"><ele>93.77</ele></trkpt>
<trkpt lat="49.56609" lon="0.2073983"><ele>93.38</ele></trkpt>
<trkpt lat="49.56607" lon="0.20737"><ele>93.18</ele></trkpt>
<trkpt lat="49.5660417" lon="0.2073317"><ele>92.95</ele></trkpt>
<trkpt lat="49.566015" lon="0.207295"><ele>93.07</ele></trkpt>
<trkpt lat="49.5659883" lon="0.2072567"><ele>93.42</ele></trkpt>
<trkpt lat="49.56595829999999" lon="0.2072183"><ele>93.27</ele></trkpt>
<trkpt lat="49.5659317" lon="0.20718"><ele>93.16</ele></trkpt>
<trkpt lat="49.5659067" lon="0.20714"><ele>93.11</ele></trkpt>
<trkpt lat="49.5658783" lon="0.2071017"><ele>93.74</ele></trkpt>
<trkpt lat="49.5658533" lon="0.2070567"><ele>94.37</ele></trkpt>
<trkpt lat="49.56582670000001" lon="0.2070183"><ele>94.62</ele></trkpt>
<trkpt lat="49.5657967" lon="0.2069817"><ele>94.63</ele></trkpt>
<trkpt lat="49.5657683" lon="0.206945"><ele>94.28</ele></trkpt>
<trkpt lat="49.56574" lon="0.2069083"><ele>94.24</ele></trkpt>
<trkpt lat="49.5657183" lon="0.2068833"><ele>94.12</ele></trkpt>
<trkpt lat="49.5656883" lon="0.20685"><ele>94.39</ele></trkpt>
<trkpt lat="49.5656683" lon="0.20682"><ele>94.36</ele></trkpt>
<trkpt lat="49.56564000000001" lon="0.20678"><ele>94.08</ele></trkpt>
<trkpt lat="49.56561" lon="0.2067417"><ele>93.45</ele></trkpt>
<trkpt lat="49.5655817" lon="0.2067017"><ele>92.92</ele></trkpt>
<trkpt lat="49.5655533" lon="0.2066617"><ele>92.57999999999998</ele></trkpt>
<trkpt lat="49.5655233" lon="0.206625"><ele>92.51</ele></trkpt>
<trkpt lat="49.5654933" lon="0.2065867"><ele>92.92999999999999</ele></trkpt>
<trkpt lat="49.5654733" lon="0.2065583"><ele>93.35</ele></trkpt>
<trkpt lat="49.5654467" lon="0.206515"><ele>94.02</ele></trkpt>
<trkpt lat="49.5654267" lon="0.206485"><ele>94.35</ele></trkpt>
<trkpt lat="49.56539999999999" lon="0.2064383"><ele>94.72</ele></trkpt>
<trkpt lat="49.5653733" lon="0.206395"><ele>94.75</ele></trkpt>
<trkpt lat="49.565345" lon="0.2063533"><ele>94.25</ele></trkpt>
<trkpt lat="49.56531499999999" lon="0.206315"><ele>93.53</ele></trkpt>
<trkpt lat="49.5652933" lon="0.2062883"><ele>93.12</ele></trkpt>
<trkpt lat="49.56526329999999" lon="0.20625"><ele>92.78</ele></trkpt>
<trkpt lat="49.5652433" lon="0.2062217"><ele>92.49</ele></trkpt>
<trkpt lat="49.5652133" lon="0.206185"><ele>92.6</ele></trkpt>
<trkpt lat="49.5651833" lon="0.2061467"><ele>92.79</ele></trkpt>
<trkpt lat="49.5651517" lon="0.2061067"><ele>93.1</ele></trkpt>
<trkpt lat="49.56513170000001" lon="0.2060783"><ele>93.38</ele></trkpt>
<trkpt lat="49.5651033" lon="0.2060367"><ele>93.94</ele></trkpt>
<trkpt lat="49.565075" lon="0.205995"><ele>94.71</ele></trkpt>
<trkpt lat="49.565055" lon="0.2059667"><ele>95.17</ele></trkpt>
<trkpt lat="49.56503330000001" lon="0.20594"><ele>95.23</ele></trkpt>
<trkpt lat="49.5650033" lon="0.2059"><ele>95</ele></trkpt>
<trkpt lat="49.564975" lon="0.2058617"><ele>94.61</ele></trkpt>
<trkpt lat="49.56494500000001" lon="0.205825"><ele>94.11</ele></trkpt>
<trkpt lat="49.564915" lon="0.205785"><ele>93.26</ele></trkpt>
<trkpt lat="49.5648883" lon="0.2057467"><ele>92.45</ele></trkpt>
<trkpt lat="49.56486830000001" lon="0.2057183"><ele>92.02</ele></trkpt>
<trkpt lat="49.56484" lon="0.2056767"><ele>91.62</ele></trkpt>
<trkpt lat="49.564815" lon="0.2056383"><ele>91.73</ele></trkpt>
<trkpt lat="49.5647883" lon="0.2055967"><ele>92.15</ele></trkpt>
<trkpt lat="49.56476" lon="0.20556"><ele>93.13</ele></trkpt>
<trkpt lat="49.5647317" lon="0.2055217"><ele>93.72</ele></trkpt>
<trkpt lat="49.56471" lon="0.205495"><ele>94.24</ele></trkpt>
<trkpt lat="49.56469" lon="0.205465"><ele>94.65</ele></trkpt>
<trkpt lat="49.56467000000001" lon="0.2054333"><ele>95.07</ele></trkpt>
<trkpt lat="49.5646517" lon="0.2054017"><ele>95.61</ele></trkpt>
<trkpt lat="49.5646317" lon="0.20537"><ele>95.98</ele></trkpt>
<trkpt lat="49.56461169999999" lon="0.20534"><ele>96.35</ele></trkpt>
<trkpt lat="49.56459330000001" lon="0.2053083"><ele>96.43</ele></trkpt>
<trkpt lat="49.5645733" lon="0.205275"><ele>96.57</ele></trkpt>
<trkpt lat="49.5645533" lon="0.2052417"><ele>96.65</ele></trkpt>
<trkpt lat="49.56453499999999" lon="0.2052067"><ele>96.73</ele></trkpt>
<trkpt lat="49.5645167" lon="0.205175"><ele>96.66</ele></trkpt>
<trkpt lat="49.56449670000001" lon="0.2051433"><ele>96.66</ele></trkpt>
<trkpt lat="49.56447499999999" lon="0.2051133"><ele>96.64</ele></trkpt>
<trkpt lat="49.564455" lon="0.2050833"><ele>96.64</ele></trkpt>
<trkpt lat="49.564435" lon="0.205055"><ele>96.53999999999999</ele></trkpt>
<trkpt lat="49.5644067" lon="0.2050133"><ele>96.28</ele></trkpt>
<trkpt lat="49.5643783" lon="0.2049733"><ele>96.08</ele></trkpt>
<trkpt lat="49.5643517" lon="0.2049317"><ele>95.77</ele></trkpt>
<trkpt lat="49.5643317" lon="0.2049033"><ele>95.67</ele></trkpt>
<trkpt lat="49.56431000000001" lon="0.2048783"><ele>95.64</ele></trkpt>
<trkpt lat="49.56428" lon="0.20484"><ele>95.4</ele></trkpt>
<trkpt lat="49.564255" lon="0.2048067"><ele>94.92</ele></trkpt>
<trkpt lat="49.56423" lon="0.2047767"><ele>94.68</ele></trkpt>
<trkpt lat="49.5642067" lon="0.204745"><ele>94.04</ele></trkpt>
<trkpt lat="49.56423" lon="0.20477"><ele>92.76</ele></trkpt>
<trkpt lat="49.56418" lon="0.204785"><ele>91.42</ele></trkpt>
<trkpt lat="49.5641517" lon="0.2048267"><ele>90.56</ele></trkpt>
<trkpt lat="49.5641317" lon="0.204875"><ele>90.52</ele></trkpt>
<trkpt lat="49.5641017" lon="0.2049133"><ele>90.61</ele></trkpt>
<trkpt lat="49.56408" lon="0.2049467"><ele>90.96</ele></trkpt>
<trkpt lat="49.5640583" lon="0.204975"><ele>91.26</ele></trkpt>
<trkpt lat="49.5640333" lon="0.205005"><ele>91.49</ele></trkpt>
<trkpt lat="49.5640083" lon="0.205045"><ele>91.79</ele></trkpt>
<trkpt lat="49.5639833" lon="0.2050783"><ele>91.59</ele></trkpt>
<trkpt lat="49.5639583" lon="0.2051117"><ele>91.19</ele></trkpt>
<trkpt lat="49.5639367" lon="0.2051433"><ele>91.3</ele></trkpt>
<trkpt lat="49.56391" lon="0.205185"><ele>91.27</ele></trkpt>
<trkpt lat="49.563885" lon="0.2052317"><ele>90.92</ele></trkpt>
<trkpt lat="49.563855" lon="0.205275"><ele>90.67</ele></trkpt>
<trkpt lat="49.5638283" lon="0.2053133"><ele>90.22</ele></trkpt>
<trkpt lat="49.5638" lon="0.2053467"><ele>89.71</ele></trkpt>
<trkpt lat="49.5637717" lon="0.2053883"><ele>89.28</ele></trkpt>
<trkpt lat="49.56375169999999" lon="0.20542"><ele>89.38</ele></trkpt>
<trkpt lat="49.56372669999999" lon="0.205465"><ele>89.44</ele></trkpt>
<trkpt lat="49.5637067" lon="0.2054967"><ele>89.53</ele></trkpt>
<trkpt lat="49.5636833" lon="0.2055417"><ele>89.79</ele></trkpt>
<trkpt lat="49.5636633" lon="0.20557"><ele>90.09</ele></trkpt>
<trkpt lat="49.5636367" lon="0.2056067"><ele>90.19</ele></trkpt>
<trkpt lat="49.5636117" lon="0.2056433"><ele>89.68</ele></trkpt>
<trkpt lat="49.5635917" lon="0.20568"><ele>89.19</ele></trkpt>
<trkpt lat="49.56356499999999" lon="0.2057133"><ele>88.71</ele></trkpt>
<trkpt lat="49.56354" lon="0.2057517"><ele>88.24</ele></trkpt>
<trkpt lat="49.5635117" lon="0.2057917"><ele>87.7</ele></trkpt>
<trkpt lat="49.5634917" lon="0.205825"><ele>87.55</ele></trkpt>
<trkpt lat="49.5634617" lon="0.205865"><ele>86.79</ele></trkpt>
<trkpt lat="49.5634333" lon="0.2059033"><ele>86.13</ele></trkpt>
<trkpt lat="49.5634133" lon="0.2059367"><ele>85.52</ele></trkpt>
<trkpt lat="49.56339169999999" lon="0.2059667"><ele>84.92</ele></trkpt>
<trkpt lat="49.5633767" lon="0.2060083"><ele>84.55</ele></trkpt>
<trkpt lat="49.56335" lon="0.20605"><ele>84.02</ele></trkpt>
<trkpt lat="49.5633283" lon="0.20608"><ele>83.53</ele></trkpt>
<trkpt lat="49.5633017" lon="0.2061167"><ele>83.05</ele></trkpt>
<trkpt lat="49.5632667" lon="0.20615"><ele>82.54</ele></trkpt>
<trkpt lat="49.56324" lon="0.2061767"><ele>82.03</ele></trkpt>
<trkpt lat="49.5632183" lon="0.2062083"><ele>81.51</ele></trkpt>
<trkpt lat="49.5632067" lon="0.2062467"><ele>81.14</ele></trkpt>
<trkpt lat="49.5631883" lon="0.2062867"><ele>80.89</ele></trkpt>
<trkpt lat="49.5631633" lon="0.2063333"><ele>80.25</ele></trkpt>
<trkpt lat="49.56314499999999" lon="0.2063683"><ele>80.01</ele></trkpt>
<trkpt lat="49.5631283" lon="0.2064067"><ele>79.37</ele></trkpt>
<trkpt lat="49.56310670000001" lon="0.2064517"><ele>78.73</ele></trkpt>
<trkpt lat="49.5630883" lon="0.206485"><ele>78.07</ele></trkpt>
<trkpt lat="49.5630667" lon="0.2065217"><ele>77.7</ele></trkpt>
<trkpt lat="49.56305" lon="0.20656"><ele>77.38</ele></trkpt>
<trkpt lat="49.5630283" lon="0.2066"><ele>76.68</ele></trkpt>
<trkpt lat="49.563005" lon="0.2066467"><ele>76.23</ele></trkpt>
<trkpt lat="49.56299" lon="0.2066817"><ele>75.75</ele></trkpt>
<trkpt lat="49.5629633" lon="0.2067283"><ele>75.47</ele></trkpt>
<trkpt lat="49.56294" lon="0.2067617"><ele>75.6</ele></trkpt>
<trkpt lat="49.56292330000001" lon="0.2067983"><ele>75.54</ele></trkpt>
<trkpt lat="49.56289829999999" lon="0.2068433"><ele>75.51</ele></trkpt>
<trkpt lat="49.5628817" lon="0.2068917"><ele>75.75</ele></trkpt>
<trkpt lat="49.5628533" lon="0.206935"><ele>75.71</ele></trkpt>
<trkpt lat="49.56283500000001" lon="0.2069817"><ele>75.9</ele></trkpt>
<trkpt lat="49.5628183" lon="0.2070283"><ele>75.69</ele></trkpt>
<trkpt lat="49.56279" lon="0.2070617"><ele>75.36</ele></trkpt>
<trkpt lat="49.56277" lon="0.2071167"><ele>75.39</ele></trkpt>
<trkpt lat="49.5627567" lon="0.20716"><ele>75.76</ele></trkpt>
<trkpt lat="49.56274" lon="0.207195"><ele>75.76</ele></trkpt>
<trkpt lat="49.5627217" lon="0.2072467"><ele>75.48</ele></trkpt>
<trkpt lat="49.5627067" lon="0.2073017"><ele>75.09</ele></trkpt>
<trkpt lat="49.5626983" lon="0.2073667"><ele>75.27</ele></trkpt>
<trkpt lat="49.5626883" lon="0.2074067"><ele>75.56</ele></trkpt>
<trkpt lat="49.56267" lon="0.2074533"><ele>75.75</ele></trkpt>
<trkpt lat="49.5626533" lon="0.20749"><ele>75.9</ele></trkpt>
<trkpt lat="49.56263" lon="0.2075383"><ele>76.48</ele></trkpt>
<trkpt lat="49.5626167" lon="0.2075767"><ele>76.53</ele></trkpt>
<trkpt lat="49.5625917" lon="0.2076167"><ele>76.32</ele></trkpt>
<trkpt lat="49.56257670000001" lon="0.2076617"><ele>75.56</ele></trkpt>
<trkpt lat="49.56256330000001" lon="0.2077017"><ele>75.31</ele></trkpt>
<trkpt lat="49.562545" lon="0.207745"><ele>75.11</ele></trkpt>
<trkpt lat="49.5625317" lon="0.207785"><ele>74.82</ele></trkpt>
<trkpt lat="49.5625167" lon="0.2078317"><ele>74.38</ele></trkpt>
<trkpt lat="49.5624933" lon="0.20787"><ele>73.75</ele></trkpt>
<trkpt lat="49.5624767" lon="0.2079167"><ele>73.15</ele></trkpt>
<trkpt lat="49.562455" lon="0.207965"><ele>72.6</ele></trkpt>
<trkpt lat="49.5624383" lon="0.2079983"><ele>72.2</ele></trkpt>
<trkpt lat="49.56242330000001" lon="0.20804"><ele>71.2</ele></trkpt>
<trkpt lat="49.5624033" lon="0.20808"><ele>70.7</ele></trkpt>
<trkpt lat="49.5623867" lon="0.2081167"><ele>70.14</ele></trkpt>
<trkpt lat="49.5623717" lon="0.2081533"><ele>69.62</ele></trkpt>
<trkpt lat="49.5623583" lon="0.2081917"><ele>69.46</ele></trkpt>
<trkpt lat="49.5623417" lon="0.2082333"><ele>69.27</ele></trkpt>
<trkpt lat="49.5623233" lon="0.2082667"><ele>69.1</ele></trkpt>
<trkpt lat="49.5623033" lon="0.208305"><ele>68.86</ele></trkpt>
<trkpt lat="49.56228830000001" lon="0.20834"><ele>68.96</ele></trkpt>
<trkpt lat="49.5622667" lon="0.2083783"><ele>68.69</ele></trkpt>
<trkpt lat="49.5622467" lon="0.2084083"><ele>68.39</ele></trkpt>
<trkpt lat="49.5622217" lon="0.2084567"><ele>68.27</ele></trkpt>
<trkpt lat="49.562205" lon="0.2085033"><ele>67.73</ele></trkpt>
<trkpt lat="49.56217829999999" lon="0.2085367"><ele>67.09</ele></trkpt>
<trkpt lat="49.562155" lon="0.2085833"><ele>66.27</ele></trkpt>
<trkpt lat="49.56214330000001" lon="0.2086217"><ele>65.67</ele></trkpt>
<trkpt lat="49.5621283" lon="0.2086733"><ele>65.27</ele></trkpt>
<trkpt lat="49.5621133" lon="0.2087217"><ele>65.1</ele></trkpt>
<trkpt lat="49.5621" lon="0.2087617"><ele>64.98</ele></trkpt>
<trkpt lat="49.562085" lon="0.2088133"><ele>64.85</ele></trkpt>
<trkpt lat="49.5620733" lon="0.2088617"><ele>64.56</ele></trkpt>
<trkpt lat="49.5620617" lon="0.20891"><ele>64.73</ele></trkpt>
<trkpt lat="49.56204" lon="0.2089633"><ele>64.93</ele></trkpt>
<trkpt lat="49.5620283" lon="0.2090183"><ele>64.66</ele></trkpt>
<trkpt lat="49.5620117" lon="0.2090617"><ele>64.57</ele></trkpt>
<trkpt lat="49.5619917" lon="0.209105"><ele>64.12</ele></trkpt>
<trkpt lat="49.5619733" lon="0.2091467"><ele>63.58</ele></trkpt>
<trkpt lat="49.561955" lon="0.2091917"><ele>62.84</ele></trkpt>
<trkpt lat="49.5619317" lon="0.2092333"><ele>62.13000000000001</ele></trkpt>
<trkpt lat="49.5619083" lon="0.209265"><ele>61.64</ele></trkpt>
<trkpt lat="49.5618733" lon="0.20926"><ele>61.86999999999999</ele></trkpt>
<trkpt lat="49.56185" lon="0.2092333"><ele>62.09999999999999</ele></trkpt>
<trkpt lat="49.5618383" lon="0.2091883"><ele>62.64</ele></trkpt>
<trkpt lat="49.5618017" lon="0.209175"><ele>63.38</ele></trkpt>
<trkpt lat="49.56177170000001" lon="0.209175"><ele>63.52999999999999</ele></trkpt>
<trkpt lat="49.561745" lon="0.2091883"><ele>63.61</ele></trkpt>
<trkpt lat="49.5617117" lon="0.2092083"><ele>63.72999999999999</ele></trkpt>
<trkpt lat="49.56168" lon="0.2092283"><ele>63.58</ele></trkpt>
<trkpt lat="49.56165" lon="0.2092317"><ele>63.77</ele></trkpt>
<trkpt lat="49.5616083" lon="0.2092283"><ele>64</ele></trkpt>
<trkpt lat="49.5615717" lon="0.209215"><ele>63.97</ele></trkpt>
<trkpt lat="49.561545" lon="0.2092067"><ele>63.95</ele></trkpt>
<trkpt lat="49.56151" lon="0.209205"><ele>63.93999999999999</ele></trkpt>
<trkpt lat="49.56147499999999" lon="0.2091983"><ele>64.02</ele></trkpt>
<trkpt lat="49.56144" lon="0.20919"><ele>63.91999999999999</ele></trkpt>
<trkpt lat="49.561405" lon="0.2091817"><ele>63.59</ele></trkpt>
<trkpt lat="49.5613683" lon="0.20918"><ele>63.36</ele></trkpt>
<trkpt lat="49.5613367" lon="0.2091733"><ele>63.41</ele></trkpt>
<trkpt lat="49.56130169999999" lon="0.2091567"><ele>63.45</ele></trkpt>
<trkpt lat="49.5612667" lon="0.20914"><ele>63.54</ele></trkpt>
<trkpt lat="49.5612333" lon="0.2091283"><ele>63.61</ele></trkpt>
<trkpt lat="49.5612017" lon="0.20912"><ele>63.71</ele></trkpt>
<trkpt lat="49.5611683" lon="0.209115"><ele>63.77</ele></trkpt>
<trkpt lat="49.561135" lon="0.20911"><ele>63.81000000000001</ele></trkpt>
<trkpt lat="49.5611" lon="0.2090983"><ele>64.27</ele></trkpt>
<trkpt lat="49.56107" lon="0.2090917"><ele>64.52</ele></trkpt>
<trkpt lat="49.56103499999999" lon="0.2090817"><ele>64.87</ele></trkpt>
<trkpt lat="49.56100330000001" lon="0.2090733"><ele>65.19</ele></trkpt>
<trkpt lat="49.56096670000001" lon="0.2090683"><ele>65.08</ele></trkpt>
<trkpt lat="49.5609333" lon="0.2090617"><ele>65</ele></trkpt>
<trkpt lat="49.5609017" lon="0.209055"><ele>64.85</ele></trkpt>
<trkpt lat="49.56087329999999" lon="0.2090467"><ele>64.62</ele></trkpt>
<trkpt lat="49.5608417" lon="0.2090367"><ele>64.29</ele></trkpt>
<trkpt lat="49.5608083" lon="0.2090267"><ele>64.06</ele></trkpt>
<trkpt lat="49.560775" lon="0.20902"><ele>64</ele></trkpt>
<trkpt lat="49.5607383" lon="0.2090217"><ele>63.34</ele></trkpt>
<trkpt lat="49.5607067" lon="0.209035"><ele>62.68</ele></trkpt>
<trkpt lat="49.56066999999999" lon="0.209035"><ele>62.71</ele></trkpt>
<trkpt lat="49.56063170000001" lon="0.20903"><ele>63.18999999999999</ele></trkpt>
<trkpt lat="49.5605967" lon="0.2090233"><ele>62.96</ele></trkpt>
<trkpt lat="49.56056330000001" lon="0.209015"><ele>62.91999999999999</ele></trkpt>
<trkpt lat="49.5605317" lon="0.209005"><ele>62.93999999999999</ele></trkpt>
<trkpt lat="49.560495" lon="0.2089967"><ele>63.38</ele></trkpt>
<trkpt lat="49.5604617" lon="0.2089833"><ele>63.66</ele></trkpt>
<trkpt lat="49.5604267" lon="0.2089667"><ele>63.65</ele></trkpt>
<trkpt lat="49.5604" lon="0.2089533"><ele>63.66999999999999</ele></trkpt>
<trkpt lat="49.5603733" lon="0.2089383"><ele>64.06</ele></trkpt>
<trkpt lat="49.56036000000001" lon="0.2089017"><ele>64.84</ele></trkpt>
<trkpt lat="49.5603417" lon="0.2088483"><ele>65.67</ele></trkpt>
<trkpt lat="49.56031829999999" lon="0.2088033"><ele>67.46</ele></trkpt>
<trkpt lat="49.5602933" lon="0.2087667"><ele>68.75</ele></trkpt>
<trkpt lat="49.56026" lon="0.2087583"><ele>69.35</ele></trkpt>
<trkpt lat="49.560225" lon="0.2087667"><ele>69.44</ele></trkpt>
<trkpt lat="49.5601883" lon="0.208765"><ele>69.28</ele></trkpt>
<trkpt lat="49.5601633" lon="0.20874"><ele>69.25</ele></trkpt>
<trkpt lat="49.5601533" lon="0.2087"><ele>69.18</ele></trkpt>
<trkpt lat="49.5601467" lon="0.208655"><ele>69.56</ele></trkpt>
<trkpt lat="49.56015" lon="0.2086133"><ele>70.33</ele></trkpt>
<trkpt lat="49.5601417" lon="0.2085633"><ele>71.32</ele></trkpt>
<trkpt lat="49.5601333" lon="0.20851"><ele>71.99</ele></trkpt>
<trkpt lat="49.5601283" lon="0.208465"><ele>72.62</ele></trkpt>
<trkpt lat="49.560125" lon="0.20842"><ele>73.61</ele></trkpt>
<trkpt lat="49.560115" lon="0.2083667"><ele>74.65</ele></trkpt>
<trkpt lat="49.5601083" lon="0.2083167"><ele>75.59</ele></trkpt>
<trkpt lat="49.5601083" lon="0.208275"><ele>76</ele></trkpt>
<trkpt lat="49.5601017" lon="0.2082317"><ele>76.3</ele></trkpt>
<trkpt lat="49.5600917" lon="0.2081883"><ele>76.77</ele></trkpt>
<trkpt lat="49.5600817" lon="0.2081467"><ele>77.46</ele></trkpt>
<trkpt lat="49.5600483" lon="0.2081567"><ele>77.53</ele></trkpt>
<trkpt lat="49.5600133" lon="0.2081683"><ele>77.64</ele></trkpt>
<trkpt lat="49.5599817" lon="0.2081783"><ele>77.39</ele></trkpt>
<trkpt lat="49.55994669999999" lon="0.2081883"><ele>76.93</ele></trkpt>
<trkpt lat="49.559915" lon="0.2082117"><ele>76.59</ele></trkpt>
<trkpt lat="49.55988" lon="0.2082317"><ele>76.38</ele></trkpt>
<trkpt lat="49.5598483" lon="0.2082483"><ele>76.18</ele></trkpt>
<trkpt lat="49.55981329999999" lon="0.2082617"><ele>75.7</ele></trkpt>
<trkpt lat="49.55977669999999" lon="0.20828"><ele>76.07</ele></trkpt>
<trkpt lat="49.55974" lon="0.20829"><ele>76.33</ele></trkpt>
<trkpt lat="49.5597067" lon="0.2082983"><ele>76.51</ele></trkpt>
<trkpt lat="49.55968" lon="0.2083133"><ele>76.38</ele></trkpt>
<trkpt lat="49.5596433" lon="0.2083267"><ele>76.02</ele></trkpt>
<trkpt lat="49.5596067" lon="0.20834"><ele>75.5</ele></trkpt>
<trkpt lat="49.55957" lon="0.2083533"><ele>75.64</ele></trkpt>
<trkpt lat="49.5595317" lon="0.2083717"><ele>75.62</ele></trkpt>
<trkpt lat="49.5594933" lon="0.2083883"><ele>75.83</ele></trkpt>
<trkpt lat="49.55946" lon="0.2084067"><ele>75.94</ele></trkpt>
<trkpt lat="49.55942829999999" lon="0.2084183"><ele>75.88</ele></trkpt>
<trkpt lat="49.55939830000001" lon="0.208435"><ele>75.87</ele></trkpt>
<trkpt lat="49.5593633" lon="0.2084467"><ele>75.87</ele></trkpt>
<trkpt lat="49.5593317" lon="0.2084617"><ele>75.59</ele></trkpt>
<trkpt lat="49.5593" lon="0.2084783"><ele>75.46</ele></trkpt>
<trkpt lat="49.559265" lon="0.2084933"><ele>75.53</ele></trkpt>
<trkpt lat="49.559235" lon="0.2085133"><ele>75.48</ele></trkpt>
<trkpt lat="49.559205" lon="0.2085417"><ele>75.2</ele></trkpt>
<trkpt lat="49.5591767" lon="0.208565"><ele>74.54</ele></trkpt>
<trkpt lat="49.5591417" lon="0.2085883"><ele>74.21</ele></trkpt>
<trkpt lat="49.5591133" lon="0.208605"><ele>73.12</ele></trkpt>
<trkpt lat="49.55908000000001" lon="0.2086133"><ele>72.14</ele></trkpt>
<trkpt lat="49.55904" lon="0.2086133"><ele>72.14</ele></trkpt>
<trkpt lat="49.5590033" lon="0.20862"><ele>71.79</ele></trkpt>
<trkpt lat="49.5589767" lon="0.2086267"><ele>71.61</ele></trkpt>
<trkpt lat="49.5589383" lon="0.2086433"><ele>71.61</ele></trkpt>
<trkpt lat="49.55890670000001" lon="0.2086633"><ele>71.36</ele></trkpt>
<trkpt lat="49.5588717" lon="0.2086833"><ele>71.09</ele></trkpt>
<trkpt lat="49.5588417" lon="0.208695"><ele>70.96</ele></trkpt>
<trkpt lat="49.55880830000001" lon="0.2087017"><ele>70.83</ele></trkpt>
<trkpt lat="49.5587733" lon="0.2087083"><ele>70.62</ele></trkpt>
<trkpt lat="49.5587383" lon="0.2087183"><ele>70.68</ele></trkpt>
<trkpt lat="49.558705" lon="0.208735"><ele>70.89</ele></trkpt>
<trkpt lat="49.5586683" lon="0.2087517"><ele>71.6</ele></trkpt>
<trkpt lat="49.55863170000001" lon="0.2087633"><ele>71.54</ele></trkpt>
<trkpt lat="49.5586" lon="0.2087767"><ele>71.1</ele></trkpt>
<trkpt lat="49.5585667" lon="0.208785"><ele>71.19</ele></trkpt>
<trkpt lat="49.55853" lon="0.2088"><ele>71.09</ele></trkpt>
<trkpt lat="49.5584933" lon="0.2088183"><ele>71.05</ele></trkpt>
<trkpt lat="49.5584583" lon="0.20884"><ele>70.77</ele></trkpt>
<trkpt lat="49.55842329999999" lon="0.20886"><ele>70.72</ele></trkpt>
<trkpt lat="49.55839" lon="0.2088817"><ele>70.77</ele></trkpt>
<trkpt lat="49.5583567" lon="0.2089017"><ele>70.37</ele></trkpt>
<trkpt lat="49.5583233" lon="0.208925"><ele>70.7</ele></trkpt>
<trkpt lat="49.5582883" lon="0.20895"><ele>71.01</ele></trkpt>
<trkpt lat="49.5582533" lon="0.2089667"><ele>71.05</ele></trkpt>
<trkpt lat="49.558215" lon="0.2089883"><ele>71.21</ele></trkpt>
<trkpt lat="49.5581817" lon="0.2090117"><ele>71.28</ele></trkpt>
<trkpt lat="49.55814829999999" lon="0.20903"><ele>71.25</ele></trkpt>
<trkpt lat="49.55811169999999" lon="0.2090467"><ele>71.44</ele></trkpt>
<trkpt lat="49.55808" lon="0.2090733"><ele>71.35</ele></trkpt>
<trkpt lat="49.558045" lon="0.2090933"><ele>71.35</ele></trkpt>
<trkpt lat="49.55801" lon="0.20912"><ele>71.09</ele></trkpt>
<trkpt lat="49.55797499999999" lon="0.2091467"><ele>70.95</ele></trkpt>
<trkpt lat="49.55794169999999" lon="0.20918"><ele>71.09</ele></trkpt>
<trkpt lat="49.55791170000001" lon="0.2092183"><ele>71.13</ele></trkpt>
<trkpt lat="49.55788999999999" lon="0.2092433"><ele>71.2</ele></trkpt>
<trkpt lat="49.5578583" lon="0.2092733"><ele>71.81</ele></trkpt>
<trkpt lat="49.55783830000001" lon="0.209305"><ele>72.23</ele></trkpt>
<trkpt lat="49.5578417" lon="0.20935"><ele>73.22</ele></trkpt>
<trkpt lat="49.5578167" lon="0.2093917"><ele>72.08</ele></trkpt>
<trkpt lat="49.5577967" lon="0.20942"><ele>71.01</ele></trkpt>
<trkpt lat="49.557765" lon="0.20945"><ele>70.08</ele></trkpt>
<trkpt lat="49.5577367" lon="0.20948"><ele>69.62</ele></trkpt>
<trkpt lat="49.5577083" lon="0.2095083"><ele>69.39</ele></trkpt>
<trkpt lat="49.55768" lon="0.2095417"><ele>69.02</ele></trkpt>
<trkpt lat="49.5576583" lon="0.2095683"><ele>68.7</ele></trkpt>
<trkpt lat="49.557635" lon="0.209595"><ele>68.54</ele></trkpt>
<trkpt lat="49.5576133" lon="0.2096233"><ele>68.39</ele></trkpt>
<trkpt lat="49.5575833" lon="0.209665"><ele>67.67</ele></trkpt>
<trkpt lat="49.557565" lon="0.2096967"><ele>67.31</ele></trkpt>
<trkpt lat="49.557545" lon="0.2097267"><ele>67</ele></trkpt>
<trkpt lat="49.55752669999999" lon="0.2097617"><ele>66.89</ele></trkpt>
<trkpt lat="49.55750330000001" lon="0.209795"><ele>66.78</ele></trkpt>
<trkpt lat="49.5574767" lon="0.2098183"><ele>66.66</ele></trkpt>
<trkpt lat="49.55744499999999" lon="0.2098267"><ele>66.56</ele></trkpt>
<trkpt lat="49.55741" lon="0.209805"><ele>66.2</ele></trkpt>
<trkpt lat="49.557385" lon="0.2097633"><ele>65.96</ele></trkpt>
<trkpt lat="49.55736829999999" lon="0.2097283"><ele>66.02</ele></trkpt>
<trkpt lat="49.55735" lon="0.2096717"><ele>66.5</ele></trkpt>
<trkpt lat="49.5573417" lon="0.2096317"><ele>66.8</ele></trkpt>
<trkpt lat="49.5573267" lon="0.2095817"><ele>67.01</ele></trkpt>
<trkpt lat="49.55730500000001" lon="0.2095233"><ele>67.27</ele></trkpt>
<trkpt lat="49.5572917" lon="0.2094833"><ele>67.32</ele></trkpt>
<trkpt lat="49.5572767" lon="0.2094317"><ele>67.19</ele></trkpt>
<trkpt lat="49.55725829999999" lon="0.20938"><ele>66.96</ele></trkpt>
<trkpt lat="49.55724500000001" lon="0.2093283"><ele>66.79</ele></trkpt>
<trkpt lat="49.55723329999999" lon="0.2092883"><ele>66.61</ele></trkpt>
<trkpt lat="49.55721170000001" lon="0.20925"><ele>66.36</ele></trkpt>
<trkpt lat="49.55719500000001" lon="0.209205"><ele>66.94</ele></trkpt>
<trkpt lat="49.5571833" lon="0.2091667"><ele>67.27</ele></trkpt>
<trkpt lat="49.5571633" lon="0.2091217"><ele>67.56</ele></trkpt>
<trkpt lat="49.55714829999999" lon="0.2090867"><ele>67.78</ele></trkpt>
<trkpt lat="49.55713" lon="0.209035"><ele>67.91</ele></trkpt>
<trkpt lat="49.557115" lon="0.2089833"><ele>68.57</ele></trkpt>
<trkpt lat="49.5571" lon="0.2089433"><ele>68.87</ele></trkpt>
<trkpt lat="49.5570867" lon="0.208905"><ele>68.83</ele></trkpt>
<trkpt lat="49.55707" lon="0.208855"><ele>68.91</ele></trkpt>
<trkpt lat="49.5570483" lon="0.20881"><ele>68.71</ele></trkpt>
<trkpt lat="49.55702500000001" lon="0.20878"><ele>68.3</ele></trkpt>
<trkpt lat="49.5570067" lon="0.208735"><ele>68.5</ele></trkpt>
<trkpt lat="49.5569883" lon="0.2086883"><ele>68.64</ele></trkpt>
<trkpt lat="49.55697169999999" lon="0.208645"><ele>68.49</ele></trkpt>
<trkpt lat="49.5569567" lon="0.2086033"><ele>68.22</ele></trkpt>
<trkpt lat="49.55693670000001" lon="0.2085567"><ele>68.06</ele></trkpt>
<trkpt lat="49.5569167" lon="0.2085033"><ele>68.12</ele></trkpt>
<trkpt lat="49.5569" lon="0.2084517"><ele>68.25</ele></trkpt>
<trkpt lat="49.55688170000001" lon="0.208405"><ele>68.41</ele></trkpt>
<trkpt lat="49.55686330000001" lon="0.20836"><ele>68.62</ele></trkpt>
<trkpt lat="49.55685" lon="0.2083117"><ele>68.8</ele></trkpt>
<trkpt lat="49.5568317" lon="0.2082783"><ele>68.92</ele></trkpt>
<trkpt lat="49.556815" lon="0.2082417"><ele>69.18</ele></trkpt>
<trkpt lat="49.55680000000001" lon="0.2081933"><ele>69.84</ele></trkpt>
<trkpt lat="49.55678499999999" lon="0.20815"><ele>70.07</ele></trkpt>
<trkpt lat="49.5567633" lon="0.208105"><ele>69.68</ele></trkpt>
<trkpt lat="49.5567433" lon="0.2080533"><ele>70.07</ele></trkpt>
<trkpt lat="49.5567283" lon="0.2080117"><ele>70.44</ele></trkpt>
<trkpt lat="49.556705" lon="0.20797"><ele>70.26</ele></trkpt>
<trkpt lat="49.55669000000001" lon="0.207935"><ele>70.48</ele></trkpt>
<trkpt lat="49.5566667" lon="0.2078967"><ele>70.85</ele></trkpt>
<trkpt lat="49.556645" lon="0.2078483"><ele>70.95</ele></trkpt>
<trkpt lat="49.55662670000001" lon="0.20781"><ele>71.02</ele></trkpt>
<trkpt lat="49.556605" lon="0.2077767"><ele>70.97</ele></trkpt>
<trkpt lat="49.55659" lon="0.2077317"><ele>71.21</ele></trkpt>
<trkpt lat="49.5565717" lon="0.20768"><ele>71.59</ele></trkpt>
<trkpt lat="49.5565533" lon="0.2076283"><ele>71.94</ele></trkpt>
<trkpt lat="49.55653499999999" lon="0.2075817"><ele>72.05</ele></trkpt>
<trkpt lat="49.55651" lon="0.20754"><ele>71.76</ele></trkpt>
<trkpt lat="49.55648329999999" lon="0.2075067"><ele>71.42</ele></trkpt>
<trkpt lat="49.5564633" lon="0.2074583"><ele>71.19</ele></trkpt>
<trkpt lat="49.5564467" lon="0.2074067"><ele>71.08</ele></trkpt>
<trkpt lat="49.5564317" lon="0.207365"><ele>70.76</ele></trkpt>
<trkpt lat="49.55641170000001" lon="0.207325"><ele>70.12</ele></trkpt>
<trkpt lat="49.5563933" lon="0.207285"><ele>69.84</ele></trkpt>
<trkpt lat="49.556375" lon="0.207245"><ele>69.91</ele></trkpt>
<trkpt lat="49.5563533" lon="0.2072033"><ele>70.25</ele></trkpt>
<trkpt lat="49.5563333" lon="0.207155"><ele>70.52</ele></trkpt>
<trkpt lat="49.55631" lon="0.20712"><ele>70.56</ele></trkpt>
<trkpt lat="49.5562833" lon="0.2070883"><ele>70.81</ele></trkpt>
<trkpt lat="49.556255" lon="0.20706"><ele>70.92</ele></trkpt>
<trkpt lat="49.5562333" lon="0.2070283"><ele>71.5</ele></trkpt>
<trkpt lat="49.556205" lon="0.2069933"><ele>71.93</ele></trkpt>
<trkpt lat="49.55618" lon="0.2069567"><ele>71.88</ele></trkpt>
<trkpt lat="49.55616500000001" lon="0.2069183"><ele>72.01</ele></trkpt>
<trkpt lat="49.556145" lon="0.2068833"><ele>72.55</ele></trkpt>
<trkpt lat="49.5561217" lon="0.2068517"><ele>73.03</ele></trkpt>
<trkpt lat="49.556105" lon="0.2068167"><ele>73.55</ele></trkpt>
<trkpt lat="49.55608000000001" lon="0.2067867"><ele>73.96</ele></trkpt>
<trkpt lat="49.5560583" lon="0.2067533"><ele>74.73</ele></trkpt>
<trkpt lat="49.55602999999999" lon="0.2067167"><ele>74.95</ele></trkpt>
<trkpt lat="49.5560083" lon="0.2066783"><ele>75.12</ele></trkpt>
<trkpt lat="49.5559883" lon="0.2066417"><ele>75</ele></trkpt>
<trkpt lat="49.5559567" lon="0.2066033"><ele>74.43</ele></trkpt>
<trkpt lat="49.5559333" lon="0.2065567"><ele>73.79</ele></trkpt>
<trkpt lat="49.5559133" lon="0.2065267"><ele>73.41</ele></trkpt>
<trkpt lat="49.555895" lon="0.2064867"><ele>72.94</ele></trkpt>
<trkpt lat="49.5558667" lon="0.2064467"><ele>72.41</ele></trkpt>
<trkpt lat="49.5558467" lon="0.2063983"><ele>72.28</ele></trkpt>
<trkpt lat="49.55583000000001" lon="0.206355"><ele>72.02</ele></trkpt>
<trkpt lat="49.5558117" lon="0.2063133"><ele>71.57</ele></trkpt>
<trkpt lat="49.55579" lon="0.2062667"><ele>71.19</ele></trkpt>
<trkpt lat="49.55577169999999" lon="0.2062333"><ele>71.11</ele></trkpt>
<trkpt lat="49.55575330000001" lon="0.206185"><ele>71.74</ele></trkpt>
<trkpt lat="49.5557367" lon="0.2061467"><ele>71.62</ele></trkpt>
<trkpt lat="49.5557167" lon="0.2061183"><ele>71.41</ele></trkpt>
<trkpt lat="49.5556933" lon="0.2060867"><ele>70.72</ele></trkpt>
<trkpt lat="49.55566830000001" lon="0.206035"><ele>70.54</ele></trkpt>
<trkpt lat="49.555645" lon="0.2059917"><ele>70.68</ele></trkpt>
<trkpt lat="49.55563170000001" lon="0.2059517"><ele>70.14</ele></trkpt>
<trkpt lat="49.5556083" lon="0.2059083"><ele>70.22</ele></trkpt>
<trkpt lat="49.5555883" lon="0.205875"><ele>69.99</ele></trkpt>
<trkpt lat="49.5555633" lon="0.205835"><ele>69.61</ele></trkpt>
<trkpt lat="49.55554" lon="0.205795"><ele>69.64</ele></trkpt>
<trkpt lat="49.5555167" lon="0.2057583"><ele>69.4</ele></trkpt>
<trkpt lat="49.5554983" lon="0.20572"><ele>69.12</ele></trkpt>
<trkpt lat="49.5554783" lon="0.2056817"><ele>69.03</ele></trkpt>
<trkpt lat="49.55546" lon="0.205645"><ele>68.94</ele></trkpt>
<trkpt lat="49.5554383" lon="0.2056083"><ele>69.06</ele></trkpt>
<trkpt lat="49.55541999999999" lon="0.205575"><ele>68.81</ele></trkpt>
<trkpt lat="49.55539829999999" lon="0.20554"><ele>68.87</ele></trkpt>
<trkpt lat="49.55538" lon="0.2055017"><ele>69.23</ele></trkpt>
<trkpt lat="49.5553567" lon="0.2054617"><ele>69.69</ele></trkpt>
<trkpt lat="49.5553383" lon="0.2054267"><ele>70.01</ele></trkpt>
<trkpt lat="49.5553167" lon="0.2053983"><ele>70.47</ele></trkpt>
<trkpt lat="49.55529670000001" lon="0.2053517"><ele>70.98</ele></trkpt>
<trkpt lat="49.55527500000001" lon="0.2053067"><ele>71.66</ele></trkpt>
<trkpt lat="49.55524999999999" lon="0.2052617"><ele>72.46</ele></trkpt>
<trkpt lat="49.5552317" lon="0.2052183"><ele>73.04</ele></trkpt>
<trkpt lat="49.55521170000001" lon="0.2051767"><ele>73.47</ele></trkpt>
<trkpt lat="49.5551883" lon="0.2051367"><ele>73.83</ele></trkpt>
<trkpt lat="49.5551667" lon="0.2051033"><ele>73.71</ele></trkpt>
<trkpt lat="49.555145" lon="0.2050683"><ele>73.28</ele></trkpt>
<trkpt lat="49.555125" lon="0.2050217"><ele>73.09</ele></trkpt>
<trkpt lat="49.555105" lon="0.20498"><ele>73.28</ele></trkpt>
<trkpt lat="49.5550817" lon="0.2049383"><ele>73.5</ele></trkpt>
<trkpt lat="49.5550617" lon="0.2049"><ele>73.2</ele></trkpt>
<trkpt lat="49.5550367" lon="0.204865"><ele>72.97</ele></trkpt>
<trkpt lat="49.555015" lon="0.2048217"><ele>72.53</ele></trkpt>
<trkpt lat="49.5549933" lon="0.2047767"><ele>72.26</ele></trkpt>
<trkpt lat="49.55497499999999" lon="0.2047317"><ele>72.23</ele></trkpt>
<trkpt lat="49.55495329999999" lon="0.20469"><ele>72.54</ele></trkpt>
<trkpt lat="49.5549283" lon="0.2046483"><ele>72.96</ele></trkpt>
<trkpt lat="49.5549067" lon="0.2046067"><ele>73.36</ele></trkpt>
<trkpt lat="49.55488669999999" lon="0.2045633"><ele>73.26</ele></trkpt>
<trkpt lat="49.5548683" lon="0.2045183"><ele>72.81</ele></trkpt>
<trkpt lat="49.554845" lon="0.2044767"><ele>72.76</ele></trkpt>
<trkpt lat="49.5548217" lon="0.2044383"><ele>72.73</ele></trkpt>
<trkpt lat="49.5547967" lon="0.204395"><ele>72.92</ele></trkpt>
<trkpt lat="49.5547733" lon="0.20435"><ele>72.86</ele></trkpt>
<trkpt lat="49.5547517" lon="0.20431"><ele>72.9</ele></trkpt>
<trkpt lat="49.5547267" lon="0.2042617"><ele>73.33</ele></trkpt>
<trkpt lat="49.5547017" lon="0.2042183"><ele>73.87</ele></trkpt>
<trkpt lat="49.5546783" lon="0.2041733"><ele>74.45</ele></trkpt>
<trkpt lat="49.5546583" lon="0.2041267"><ele>74.71</ele></trkpt>
<trkpt lat="49.55463999999999" lon="0.2040833"><ele>75.16</ele></trkpt>
<trkpt lat="49.5546233" lon="0.2040417"><ele>75.08</ele></trkpt>
<trkpt lat="49.55460669999999" lon="0.2039983"><ele>74.98</ele></trkpt>
<trkpt lat="49.5545867" lon="0.2039533"><ele>74.35</ele></trkpt>
<trkpt lat="49.5545683" lon="0.2039217"><ele>74.17</ele></trkpt>
<trkpt lat="49.5545467" lon="0.203875"><ele>73.64</ele></trkpt>
<trkpt lat="49.5545283" lon="0.2038317"><ele>72.85</ele></trkpt>
<trkpt lat="49.55451" lon="0.2038"><ele>72.58</ele></trkpt>
<trkpt lat="49.55449170000001" lon="0.2037683"><ele>72.49</ele></trkpt>
<trkpt lat="49.5544717" lon="0.20374"><ele>72.46</ele></trkpt>
<trkpt lat="49.5544467" lon="0.2036967"><ele>72.55</ele></trkpt>
<trkpt lat="49.55441999999999" lon="0.2036533"><ele>73.17</ele></trkpt>
<trkpt lat="49.55439330000001" lon="0.2036083"><ele>73.59</ele></trkpt>
<trkpt lat="49.5543717" lon="0.2035633"><ele>73.94</ele></trkpt>
<trkpt lat="49.5543517" lon="0.20352"><ele>74.14</ele></trkpt>
<trkpt lat="49.5543283" lon="0.20348"><ele>74.32</ele></trkpt>
<trkpt lat="49.55430500000001" lon="0.2034367"><ele>74.54</ele></trkpt>
<trkpt lat="49.55428329999999" lon="0.2033983"><ele>74.55</ele></trkpt>
<trkpt lat="49.55426" lon="0.2033567"><ele>74.67</ele></trkpt>
<trkpt lat="49.5542383" lon="0.203315"><ele>74.47</ele></trkpt>
<trkpt lat="49.5542133" lon="0.2032717"><ele>74.58</ele></trkpt>
<trkpt lat="49.5541967" lon="0.2032317"><ele>74.57</ele></trkpt>
<trkpt lat="49.554175" lon="0.2031933"><ele>74.27</ele></trkpt>
<trkpt lat="49.554155" lon="0.2031567"><ele>74.09</ele></trkpt>
<trkpt lat="49.5541333" lon="0.2031117"><ele>74.17</ele></trkpt>
<trkpt lat="49.55410999999999" lon="0.2030683"><ele>74.15</ele></trkpt>
<trkpt lat="49.5540867" lon="0.2030233"><ele>74.13</ele></trkpt>
<trkpt lat="49.5540683" lon="0.2029917"><ele>74.06</ele></trkpt>
<trkpt lat="49.5540433" lon="0.2029517"><ele>73.98</ele></trkpt>
<trkpt lat="49.55402169999999" lon="0.2029083"><ele>73.51</ele></trkpt>
<trkpt lat="49.55399999999999" lon="0.2028617"><ele>73.3</ele></trkpt>
<trkpt lat="49.5539783" lon="0.20282"><ele>73.18</ele></trkpt>
<trkpt lat="49.553955" lon="0.20278"><ele>73.32</ele></trkpt>
<trkpt lat="49.5539317" lon="0.20274"><ele>73.68</ele></trkpt>
<trkpt lat="49.55391" lon="0.2026933"><ele>74.08</ele></trkpt>
<trkpt lat="49.5538983" lon="0.20265"><ele>73.94</ele></trkpt>
<trkpt lat="49.55387670000001" lon="0.20261"><ele>73.67</ele></trkpt>
<trkpt lat="49.5538517" lon="0.202565"><ele>73.99</ele></trkpt>
<trkpt lat="49.55382669999999" lon="0.202515"><ele>74.22</ele></trkpt>
<trkpt lat="49.55380999999999" lon="0.2024683"><ele>74.09</ele></trkpt>
<trkpt lat="49.5537883" lon="0.2024317"><ele>73.94</ele></trkpt>
<trkpt lat="49.5537667" lon="0.2023883"><ele>74.05</ele></trkpt>
<trkpt lat="49.5537417" lon="0.20235"><ele>73.63</ele></trkpt>
<trkpt lat="49.553715" lon="0.2023133"><ele>73.46</ele></trkpt>
<trkpt lat="49.5536967" lon="0.2022717"><ele>73.1</ele></trkpt>
<trkpt lat="49.5536767" lon="0.2022333"><ele>73.08</ele></trkpt>
<trkpt lat="49.553655" lon="0.20219"><ele>73.09</ele></trkpt>
<trkpt lat="49.55363669999999" lon="0.2021517"><ele>72.96</ele></trkpt>
<trkpt lat="49.5536183" lon="0.2021117"><ele>72.7</ele></trkpt>
<trkpt lat="49.5535933" lon="0.20207"><ele>72.47</ele></trkpt>
<trkpt lat="49.5535717" lon="0.20203"><ele>72.38</ele></trkpt>
<trkpt lat="49.5535483" lon="0.201985"><ele>72.1</ele></trkpt>
<trkpt lat="49.5535233" lon="0.20194"><ele>71.96</ele></trkpt>
<trkpt lat="49.55349999999999" lon="0.201895"><ele>71.95</ele></trkpt>
<trkpt lat="49.55347829999999" lon="0.2018467"><ele>71.77</ele></trkpt>
<trkpt lat="49.553455" lon="0.2017983"><ele>71.66</ele></trkpt>
<trkpt lat="49.5534383" lon="0.201765"><ele>71.72</ele></trkpt>
<trkpt lat="49.55342330000001" lon="0.20173"><ele>71.68</ele></trkpt>
<trkpt lat="49.55339829999999" lon="0.201685"><ele>71.73</ele></trkpt>
<trkpt lat="49.5533717" lon="0.2016383"><ele>71.85</ele></trkpt>
<trkpt lat="49.55335170000001" lon="0.201605"><ele>71.92</ele></trkpt>
<trkpt lat="49.5533333" lon="0.2015733"><ele>72.02</ele></trkpt>
<trkpt lat="49.5533167" lon="0.20154"><ele>72.14</ele></trkpt>
<trkpt lat="49.5533" lon="0.2015033"><ele>72.33</ele></trkpt>
<trkpt lat="49.55327500000001" lon="0.201455"><ele>72.36</ele></trkpt>
<trkpt lat="49.5532583" lon="0.2014217"><ele>72.35</ele></trkpt>
<trkpt lat="49.5532367" lon="0.2013783"><ele>72.28</ele></trkpt>
<trkpt lat="49.5532133" lon="0.2013367"><ele>72.09</ele></trkpt>
<trkpt lat="49.55319000000001" lon="0.20129"><ele>71.96</ele></trkpt>
<trkpt lat="49.55316830000001" lon="0.201245"><ele>71.98</ele></trkpt>
<trkpt lat="49.5531467" lon="0.2012"><ele>71.95</ele></trkpt>
<trkpt lat="49.553125" lon="0.2011517"><ele>72.19</ele></trkpt>
<trkpt lat="49.5531033" lon="0.201115"><ele>72.44</ele></trkpt>
<trkpt lat="49.553085" lon="0.2010717"><ele>72.35</ele></trkpt>
<trkpt lat="49.5530683" lon="0.2010333"><ele>72.78</ele></trkpt>
<trkpt lat="49.55305" lon="0.2009917"><ele>73.95</ele></trkpt>
<trkpt lat="49.553035" lon="0.2009517"><ele>74.06</ele></trkpt>
<trkpt lat="49.5530217" lon="0.200915"><ele>74.38</ele></trkpt>
<trkpt lat="49.553005" lon="0.2008733"><ele>75.74</ele></trkpt>
<trkpt lat="49.5529967" lon="0.2008333"><ele>75.87</ele></trkpt>
<trkpt lat="49.5529817" lon="0.20079"><ele>74.34</ele></trkpt>
<trkpt lat="49.5529683" lon="0.200745"><ele>73.21</ele></trkpt>
<trkpt lat="49.5529483" lon="0.2007"><ele>72.27</ele></trkpt>
<trkpt lat="49.5529333" lon="0.2006567"><ele>71.18</ele></trkpt>
<trkpt lat="49.5529233" lon="0.200615"><ele>70.56</ele></trkpt>
<trkpt lat="49.5529117" lon="0.200575"><ele>69.5</ele></trkpt>
<trkpt lat="49.552905" lon="0.20053"><ele>69.01</ele></trkpt>
<trkpt lat="49.55289329999999" lon="0.20049"><ele>69.05</ele></trkpt>
<trkpt lat="49.5528783" lon="0.2004517"><ele>69.29</ele></trkpt>
<trkpt lat="49.5528583" lon="0.200415"><ele>69.35</ele></trkpt>
<trkpt lat="49.5528383" lon="0.20037"><ele>69.55</ele></trkpt>
<trkpt lat="49.55282170000001" lon="0.2003333"><ele>70</ele></trkpt>
<trkpt lat="49.5527983" lon="0.200295"><ele>71.6</ele></trkpt>
<trkpt lat="49.55277169999999" lon="0.2002733"><ele>73.69</ele></trkpt>
<trkpt lat="49.5527433" lon="0.2002683"><ele>74.02</ele></trkpt>
<trkpt lat="49.552715" lon="0.2003017"><ele>74.05</ele></trkpt>
<trkpt lat="49.5526867" lon="0.200315"><ele>73.8</ele></trkpt>
<trkpt lat="49.5526767" lon="0.2002667"><ele>73.04</ele></trkpt>
<trkpt lat="49.55266830000001" lon="0.20022"><ele>72.5</ele></trkpt>
<trkpt lat="49.5526517" lon="0.200185"><ele>72.91</ele></trkpt>
<trkpt lat="49.55264" lon="0.200135"><ele>72.4</ele></trkpt>
<trkpt lat="49.5526267" lon="0.20009"><ele>71.65</ele></trkpt>
<trkpt lat="49.55261829999999" lon="0.200045"><ele>71.27</ele></trkpt>
<trkpt lat="49.55260669999999" lon="0.1999983"><ele>71.53</ele></trkpt>
<trkpt lat="49.5525883" lon="0.1999633"><ele>71.64</ele></trkpt>
<trkpt lat="49.5525783" lon="0.1999233"><ele>72.62</ele></trkpt>
<trkpt lat="49.5525617" lon="0.1998867"><ele>73.46</ele></trkpt>
<trkpt lat="49.5525417" lon="0.19984"><ele>73.93</ele></trkpt>
<trkpt lat="49.552525" lon="0.199805"><ele>73.72</ele></trkpt>
<trkpt lat="49.55249669999999" lon="0.1997767"><ele>73.17</ele></trkpt>
<trkpt lat="49.5524633" lon="0.1997633"><ele>72.3</ele></trkpt>
<trkpt lat="49.552435" lon="0.19973"><ele>70.56</ele></trkpt>
<trkpt lat="49.5524" lon="0.1997167"><ele>69.59</ele></trkpt>
<trkpt lat="49.5523583" lon="0.19971"><ele>69.59</ele></trkpt>
<trkpt lat="49.55233" lon="0.1997017"><ele>69.85</ele></trkpt>
<trkpt lat="49.55229670000001" lon="0.1996917"><ele>69.5</ele></trkpt>
<trkpt lat="49.5522667" lon="0.1996717"><ele>69.1</ele></trkpt>
<trkpt lat="49.5522433" lon="0.1996417"><ele>68.9</ele></trkpt>
<trkpt lat="49.5522267" lon="0.1996033"><ele>68.86</ele></trkpt>
<trkpt lat="49.55222330000001" lon="0.199555"><ele>68.79</ele></trkpt>
<trkpt lat="49.55222169999999" lon="0.1995067"><ele>68.79</ele></trkpt>
<trkpt lat="49.55222169999999" lon="0.199455"><ele>68.72</ele></trkpt>
<trkpt lat="49.55222499999999" lon="0.1994083"><ele>68.76</ele></trkpt>
<trkpt lat="49.5522" lon="0.199385"><ele>69.3</ele></trkpt>
<trkpt lat="49.55219" lon="0.1993333"><ele>68.55</ele></trkpt>
<trkpt lat="49.5521783" lon="0.1992833"><ele>68.12</ele></trkpt>
<trkpt lat="49.5521667" lon="0.1992433"><ele>68.25</ele></trkpt>
<trkpt lat="49.55213" lon="0.1992"><ele>68.61</ele></trkpt>
<trkpt lat="49.55211330000001" lon="0.1991583"><ele>68.49</ele></trkpt>
<trkpt lat="49.5520967" lon="0.1991233"><ele>68.37</ele></trkpt>
<trkpt lat="49.552075" lon="0.199075"><ele>68.49</ele></trkpt>
<trkpt lat="49.55204670000001" lon="0.19903"><ele>68.57</ele></trkpt>
<trkpt lat="49.55201670000001" lon="0.1989917"><ele>68.21</ele></trkpt>
<trkpt lat="49.55199169999999" lon="0.1989517"><ele>68.06</ele></trkpt>
<trkpt lat="49.55197499999999" lon="0.1989183"><ele>67.82</ele></trkpt>
<trkpt lat="49.5519533" lon="0.1988633"><ele>67.66</ele></trkpt>
<trkpt lat="49.55194000000001" lon="0.1988267"><ele>67.61</ele></trkpt>
<trkpt lat="49.5519317" lon="0.198785"><ele>67.56</ele></trkpt>
<trkpt lat="49.5519183" lon="0.198745"><ele>67.56</ele></trkpt>
<trkpt lat="49.5519083" lon="0.198685"><ele>67.56</ele></trkpt>
<trkpt lat="49.5519033" lon="0.19863"><ele>67.88</ele></trkpt>
<trkpt lat="49.5518967" lon="0.1985833"><ele>67.34</ele></trkpt>
<trkpt lat="49.55188999999999" lon="0.198535"><ele>67.33</ele></trkpt>
<trkpt lat="49.55188830000001" lon="0.1984933"><ele>67.06</ele></trkpt>
<trkpt lat="49.55187" lon="0.1984567"><ele>66.89</ele></trkpt>
<trkpt lat="49.55185500000001" lon="0.1984"><ele>66.76</ele></trkpt>
<trkpt lat="49.551845" lon="0.19836"><ele>66.76</ele></trkpt>
<trkpt lat="49.551835" lon="0.19832"><ele>66.69</ele></trkpt>
<trkpt lat="49.551825" lon="0.19828"><ele>66.43</ele></trkpt>
<trkpt lat="49.5518117" lon="0.1982267"><ele>66.34</ele></trkpt>
<trkpt lat="49.5518" lon="0.1981717"><ele>66.24</ele></trkpt>
<trkpt lat="49.55179170000001" lon="0.1981133"><ele>66.09</ele></trkpt>
<trkpt lat="49.55178" lon="0.1980733"><ele>66.15</ele></trkpt>
<trkpt lat="49.55177500000001" lon="0.1980317"><ele>66.63</ele></trkpt>
<trkpt lat="49.55176670000001" lon="0.19797"><ele>67.43</ele></trkpt>
<trkpt lat="49.55174169999999" lon="0.1979233"><ele>67.42</ele></trkpt>
<trkpt lat="49.55172" lon="0.1978983"><ele>66.97</ele></trkpt>
<trkpt lat="49.5516933" lon="0.1978867"><ele>66.63</ele></trkpt>
<trkpt lat="49.5516667" lon="0.1978933"><ele>65.92</ele></trkpt>
<trkpt lat="49.5516417" lon="0.1979133"><ele>65.43</ele></trkpt>
<trkpt lat="49.55162" lon="0.1979483"><ele>65.2</ele></trkpt>
<trkpt lat="49.55160170000001" lon="0.197995"><ele>64.63</ele></trkpt>
<trkpt lat="49.5515867" lon="0.1980467"><ele>64.06</ele></trkpt>
<trkpt lat="49.5515733" lon="0.1980983"><ele>63.52999999999999</ele></trkpt>
<trkpt lat="49.55156" lon="0.198145"><ele>63.04999999999999</ele></trkpt>
<trkpt lat="49.5515433" lon="0.198185"><ele>62.96</ele></trkpt>
<trkpt lat="49.5515317" lon="0.1982233"><ele>62.72999999999999</ele></trkpt>
<trkpt lat="49.5515183" lon="0.1982617"><ele>62.59</ele></trkpt>
<trkpt lat="49.55150330000001" lon="0.1983033"><ele>62.04999999999999</ele></trkpt>
<trkpt lat="49.5514883" lon="0.1983467"><ele>61.43</ele></trkpt>
<trkpt lat="49.55146999999999" lon="0.1983833"><ele>60.86</ele></trkpt>
<trkpt lat="49.55146" lon="0.1984233"><ele>60.11999999999999</ele></trkpt>
<trkpt lat="49.55145329999999" lon="0.198465"><ele>59.23999999999999</ele></trkpt>
<trkpt lat="49.5514367" lon="0.1985017"><ele>58.27000000000001</ele></trkpt>
<trkpt lat="49.55142" lon="0.19854"><ele>57.32</ele></trkpt>
<trkpt lat="49.55138999999999" lon="0.1985783"><ele>55.61</ele></trkpt>
<trkpt lat="49.55136499999999" lon="0.1986"><ele>54.5</ele></trkpt>
<trkpt lat="49.5513367" lon="0.1986133"><ele>53.53999999999999</ele></trkpt>
<trkpt lat="49.5513" lon="0.1986167"><ele>52.75</ele></trkpt>
<trkpt lat="49.5512667" lon="0.1986167"><ele>52.3</ele></trkpt>
<trkpt lat="49.55123" lon="0.1986167"><ele>51.98</ele></trkpt>
<trkpt lat="49.55119330000001" lon="0.19862"><ele>51.7</ele></trkpt>
<trkpt lat="49.55116830000001" lon="0.19864"><ele>52.14</ele></trkpt>
<trkpt lat="49.5511367" lon="0.1986483"><ele>52.82999999999999</ele></trkpt>
<trkpt lat="49.5510983" lon="0.1986433"><ele>53.3</ele></trkpt>
<trkpt lat="49.5510633" lon="0.1986383"><ele>53.75</ele></trkpt>
<trkpt lat="49.55103329999999" lon="0.1986317"><ele>55.09000000000001</ele></trkpt>
<trkpt lat="49.5510067" lon="0.19862"><ele>55.6</ele></trkpt>
<trkpt lat="49.550975" lon="0.198605"><ele>55.66</ele></trkpt>
<trkpt lat="49.5509383" lon="0.1986067"><ele>55.53</ele></trkpt>
<trkpt lat="49.55090670000001" lon="0.198605"><ele>55.56</ele></trkpt>
<trkpt lat="49.5508783" lon="0.198595"><ele>55.32999999999999</ele></trkpt>
<trkpt lat="49.5508483" lon="0.1985867"><ele>54.14999999999999</ele></trkpt>
<trkpt lat="49.55082" lon="0.1985717"><ele>52.63</ele></trkpt>
<trkpt lat="49.5507867" lon="0.1985567"><ele>50.85999999999999</ele></trkpt>
<trkpt lat="49.55074999999999" lon="0.19855"><ele>49.53</ele></trkpt>
<trkpt lat="49.55071170000001" lon="0.19854"><ele>48.49</ele></trkpt>
<trkpt lat="49.55068" lon="0.1985283"><ele>47.52</ele></trkpt>
<trkpt lat="49.55065" lon="0.19851"><ele>46.67</ele></trkpt>
<trkpt lat="49.55062" lon="0.1984933"><ele>46.02</ele></trkpt>
<trkpt lat="49.55059" lon="0.1984817"><ele>45.19</ele></trkpt>
<trkpt lat="49.5505617" lon="0.1984767"><ele>44.71</ele></trkpt>
<trkpt lat="49.5505333" lon="0.1984717"><ele>44.47</ele></trkpt>
<trkpt lat="49.5504983" lon="0.1984617"><ele>43.72</ele></trkpt>
<trkpt lat="49.55047" lon="0.1984767"><ele>42.79</ele></trkpt>
<trkpt lat="49.5504383" lon="0.1984683"><ele>42.47</ele></trkpt>
<trkpt lat="49.55041169999999" lon="0.1984617"><ele>42.28</ele></trkpt>
<trkpt lat="49.5503817" lon="0.19845"><ele>41.94</ele></trkpt>
<trkpt lat="49.5503483" lon="0.19844"><ele>41.75</ele></trkpt>
<trkpt lat="49.5503183" lon="0.1984233"><ele>41.69</ele></trkpt>
<trkpt lat="49.5502833" lon="0.1984017"><ele>41.33</ele></trkpt>
<trkpt lat="49.550245" lon="0.198375"><ele>40.81</ele></trkpt>
<trkpt lat="49.5502067" lon="0.198355"><ele>40.76</ele></trkpt>
<trkpt lat="49.5501717" lon="0.19832"><ele>40.36</ele></trkpt>
<trkpt lat="49.55014829999999" lon="0.1982867"><ele>40.18</ele></trkpt>
<trkpt lat="49.5501167" lon="0.19826"><ele>39.95</ele></trkpt>
<trkpt lat="49.55009" lon="0.1982367"><ele>39.47</ele></trkpt>
<trkpt lat="49.550065" lon="0.1982067"><ele>38.89</ele></trkpt>
<trkpt lat="49.5500483" lon="0.1981633"><ele>38.61</ele></trkpt>
<trkpt lat="49.550035" lon="0.1981217"><ele>38.49</ele></trkpt>
<trkpt lat="49.55002500000001" lon="0.1980717"><ele>38.48</ele></trkpt>
<trkpt lat="49.5500217" lon="0.1980233"><ele>38.55</ele></trkpt>
<trkpt lat="49.550015" lon="0.197975"><ele>38.56</ele></trkpt>
<trkpt lat="49.55000330000001" lon="0.19793"><ele>38.56</ele></trkpt>
<trkpt lat="49.549985" lon="0.1978867"><ele>38.22</ele></trkpt>
<trkpt lat="49.5499717" lon="0.1978433"><ele>37.91</ele></trkpt>
<trkpt lat="49.5499633" lon="0.1978033"><ele>37.54</ele></trkpt>
<trkpt lat="49.5499483" lon="0.1977467"><ele>37.01</ele></trkpt>
<trkpt lat="49.5499383" lon="0.1977067"><ele>36.66</ele></trkpt>
<trkpt lat="49.54994330000001" lon="0.1976633"><ele>36.37</ele></trkpt>
<trkpt lat="49.5499483" lon="0.1976017"><ele>36.26</ele></trkpt>
<trkpt lat="49.5499367" lon="0.1975483"><ele>35.75</ele></trkpt>
<trkpt lat="49.5499217" lon="0.1974883"><ele>35.12</ele></trkpt>
<trkpt lat="49.5499133" lon="0.1974467"><ele>34.58</ele></trkpt>
<trkpt lat="49.549905" lon="0.1974067"><ele>34.13</ele></trkpt>
<trkpt lat="49.549895" lon="0.197365"><ele>33.74</ele></trkpt>
<trkpt lat="49.5498833" lon="0.1973083"><ele>33.23</ele></trkpt>
<trkpt lat="49.5498717" lon="0.1972517"><ele>32.76</ele></trkpt>
<trkpt lat="49.54985669999999" lon="0.1971967"><ele>32.12</ele></trkpt>
<trkpt lat="49.5498433" lon="0.1971383"><ele>31.71</ele></trkpt>
<trkpt lat="49.54983330000001" lon="0.1970967"><ele>31.5</ele></trkpt>
<trkpt lat="49.54982" lon="0.19704"><ele>31.36</ele></trkpt>
<trkpt lat="49.5498033" lon="0.1969833"><ele>31.12</ele></trkpt>
<trkpt lat="49.5497933" lon="0.1969417"><ele>30.83</ele></trkpt>
<trkpt lat="49.549785" lon="0.1969017"><ele>30.53</ele></trkpt>
<trkpt lat="49.549775" lon="0.1968583"><ele>30.37</ele></trkpt>
<trkpt lat="49.5497617" lon="0.1968033"><ele>30.26</ele></trkpt>
<trkpt lat="49.54975" lon="0.196765"><ele>30.42</ele></trkpt>
<trkpt lat="49.5497333" lon="0.1967117"><ele>30.72</ele></trkpt>
<trkpt lat="49.54971669999999" lon="0.1966767"><ele>30.92</ele></trkpt>
<trkpt lat="49.54969499999999" lon="0.1966467"><ele>31.37</ele></trkpt>
<trkpt lat="49.5496717" lon="0.1966183"><ele>31.68</ele></trkpt>
<trkpt lat="49.5496467" lon="0.1965967"><ele>31.77</ele></trkpt>
<trkpt lat="49.54962" lon="0.19657"><ele>31.92</ele></trkpt>
<trkpt lat="49.5495917" lon="0.196555"><ele>32.26</ele></trkpt>
<trkpt lat="49.5495633" lon="0.1965417"><ele>32.58</ele></trkpt>
<trkpt lat="49.5495367" lon="0.196535"><ele>32.67</ele></trkpt>
<trkpt lat="49.549505" lon="0.19653"><ele>32.91</ele></trkpt>
<trkpt lat="49.5494733" lon="0.196525"><ele>32.95</ele></trkpt>
<trkpt lat="49.5494433" lon="0.1965183"><ele>32.89</ele></trkpt>
<trkpt lat="49.549405" lon="0.19651"><ele>32.98</ele></trkpt>
<trkpt lat="49.5493767" lon="0.1965083"><ele>32.96</ele></trkpt>
<trkpt lat="49.54935" lon="0.1965"><ele>32.78</ele></trkpt>
<trkpt lat="49.5493233" lon="0.19649"><ele>32.81</ele></trkpt>
<trkpt lat="49.549295" lon="0.196485"><ele>33.02</ele></trkpt>
<trkpt lat="49.549265" lon="0.1964783"><ele>33.38</ele></trkpt>
<trkpt lat="49.5492383" lon="0.19647"><ele>33.84</ele></trkpt>
<trkpt lat="49.5492083" lon="0.1964517"><ele>33.79</ele></trkpt>
<trkpt lat="49.5491717" lon="0.1964367"><ele>33.4</ele></trkpt>
<trkpt lat="49.549145" lon="0.1964433"><ele>33.34</ele></trkpt>
<trkpt lat="49.5491183" lon="0.1964633"><ele>34.33</ele></trkpt>
<trkpt lat="49.5490817" lon="0.196455"><ele>34.19</ele></trkpt>
<trkpt lat="49.5490533" lon="0.19645"><ele>34.07</ele></trkpt>
<trkpt lat="49.5490117" lon="0.19645"><ele>34.32</ele></trkpt>
<trkpt lat="49.5489817" lon="0.1964467"><ele>34.61</ele></trkpt>
<trkpt lat="49.5489517" lon="0.1964517"><ele>35.15</ele></trkpt>
<trkpt lat="49.54892" lon="0.1964483"><ele>35.71</ele></trkpt>
<trkpt lat="49.54888669999999" lon="0.196425"><ele>35.72</ele></trkpt>
<trkpt lat="49.54886" lon="0.1964183"><ele>35.32</ele></trkpt>
<trkpt lat="49.5488217" lon="0.1964133"><ele>35.07</ele></trkpt>
<trkpt lat="49.5487817" lon="0.1964083"><ele>35.31</ele></trkpt>
<trkpt lat="49.54875329999999" lon="0.1964033"><ele>35.19</ele></trkpt>
<trkpt lat="49.54871500000001" lon="0.1964017"><ele>34.9</ele></trkpt>
<trkpt lat="49.5486767" lon="0.1963967"><ele>34.39</ele></trkpt>
<trkpt lat="49.5486417" lon="0.196395"><ele>34.01</ele></trkpt>
<trkpt lat="49.5486067" lon="0.1964"><ele>33.44</ele></trkpt>
<trkpt lat="49.54857" lon="0.196395"><ele>33.1</ele></trkpt>
<trkpt lat="49.5485433" lon="0.1963883"><ele>32.83</ele></trkpt>
<trkpt lat="49.5485083" lon="0.196385"><ele>32.2</ele></trkpt>
<trkpt lat="49.5484817" lon="0.1963767"><ele>32.02</ele></trkpt>
<trkpt lat="49.5484417" lon="0.1963733"><ele>32.05</ele></trkpt>
<trkpt lat="49.5484017" lon="0.1963683"><ele>31.54</ele></trkpt>
<trkpt lat="49.5483667" lon="0.1963617"><ele>31.02</ele></trkpt>
<trkpt lat="49.5483317" lon="0.196355"><ele>30.47</ele></trkpt>
<trkpt lat="49.54829669999999" lon="0.1963533"><ele>29.69</ele></trkpt>
<trkpt lat="49.54826670000001" lon="0.1963533"><ele>28.28</ele></trkpt>
<trkpt lat="49.5482317" lon="0.1963433"><ele>27.44</ele></trkpt>
<trkpt lat="49.54819169999999" lon="0.19634"><ele>26.68</ele></trkpt>
<trkpt lat="49.5481633" lon="0.1963417"><ele>26.18</ele></trkpt>
<trkpt lat="49.54813169999999" lon="0.19634"><ele>25.64</ele></trkpt>
<trkpt lat="49.5481" lon="0.1963333"><ele>25.55</ele></trkpt>
<trkpt lat="49.5480617" lon="0.1963333"><ele>25.86</ele></trkpt>
<trkpt lat="49.5480267" lon="0.19633"><ele>25.91</ele></trkpt>
<trkpt lat="49.54798670000001" lon="0.1963317"><ele>25.6</ele></trkpt>
<trkpt lat="49.5479517" lon="0.1963217"><ele>24.99</ele></trkpt>
<trkpt lat="49.5479233" lon="0.1963183"><ele>24.8</ele></trkpt>
<trkpt lat="49.5478833" lon="0.1963133"><ele>25.11</ele></trkpt>
<trkpt lat="49.547845" lon="0.1963083"><ele>25.59</ele></trkpt>
<trkpt lat="49.54781" lon="0.1963033"><ele>25.5</ele></trkpt>
<trkpt lat="49.54778" lon="0.1962983"><ele>24.97</ele></trkpt>
<trkpt lat="49.54774669999999" lon="0.196295"><ele>24.77</ele></trkpt>
<trkpt lat="49.5477183" lon="0.1962917"><ele>24.9</ele></trkpt>
<trkpt lat="49.5476783" lon="0.19629"><ele>25.15</ele></trkpt>
<trkpt lat="49.54765" lon="0.1962817"><ele>25.64</ele></trkpt>
<trkpt lat="49.54760999999999" lon="0.1962733"><ele>26.09</ele></trkpt>
<trkpt lat="49.5475817" lon="0.1962667"><ele>26.34</ele></trkpt>
<trkpt lat="49.5475567" lon="0.19625"><ele>26.43</ele></trkpt>
<trkpt lat="49.54752499999999" lon="0.196235"><ele>26.71</ele></trkpt>
<trkpt lat="49.5474883" lon="0.1962133"><ele>27.1</ele></trkpt>
<trkpt lat="49.5474583" lon="0.196205"><ele>27.32</ele></trkpt>
<trkpt lat="49.5474283" lon="0.196205"><ele>27.77</ele></trkpt>
<trkpt lat="49.54738500000001" lon="0.1962"><ele>27.83</ele></trkpt>
<trkpt lat="49.5473567" lon="0.1961733"><ele>27.86</ele></trkpt>
<trkpt lat="49.54733" lon="0.1961467"><ele>28.02</ele></trkpt>
<trkpt lat="49.5472983" lon="0.1961183"><ele>28.15</ele></trkpt>
<trkpt lat="49.5472733" lon="0.196095"><ele>28.32</ele></trkpt>
<trkpt lat="49.54724999999999" lon="0.1960733"><ele>28.52</ele></trkpt>
<trkpt lat="49.5472217" lon="0.1960467"><ele>28.89</ele></trkpt>
<trkpt lat="49.5471583" lon="0.196055"><ele>26.29</ele></trkpt>
<trkpt lat="49.54712670000001" lon="0.19602"><ele>25.04</ele></trkpt>
<trkpt lat="49.5470967" lon="0.1959867"><ele>24.96</ele></trkpt>
<trkpt lat="49.547075" lon="0.1959617"><ele>24.71</ele></trkpt>
<trkpt lat="49.547045" lon="0.1959217"><ele>24.64</ele></trkpt>
<trkpt lat="49.547015" lon="0.19592"><ele>24.43</ele></trkpt>
<trkpt lat="49.5469867" lon="0.1959283"><ele>24.32</ele></trkpt>
<trkpt lat="49.5469533" lon="0.19595"><ele>23.75</ele></trkpt>
<trkpt lat="49.5469333" lon="0.1959817"><ele>23.42</ele></trkpt>
<trkpt lat="49.5469167" lon="0.19602"><ele>22.96</ele></trkpt>
<trkpt lat="49.5468967" lon="0.19607"><ele>22.66</ele></trkpt>
<trkpt lat="49.5468917" lon="0.1961183"><ele>22.47</ele></trkpt>
<trkpt lat="49.5469" lon="0.1961733"><ele>21.17</ele></trkpt>
<trkpt lat="49.54689329999999" lon="0.1962233"><ele>20.45</ele></trkpt>
<trkpt lat="49.5469167" lon="0.1962467"><ele>19.83</ele></trkpt>
<trkpt lat="49.5469467" lon="0.1962367"><ele>19.69</ele></trkpt>
<trkpt lat="49.5469733" lon="0.1962517"><ele>19.64</ele></trkpt>
<trkpt lat="49.5470117" lon="0.1962683"><ele>20.01</ele></trkpt>
<trkpt lat="49.5470483" lon="0.1962783"><ele>20.47</ele></trkpt>
<trkpt lat="49.5470833" lon="0.1963083"><ele>21.31</ele></trkpt>
<trkpt lat="49.5471033" lon="0.196345"><ele>21.7</ele></trkpt>
<trkpt lat="49.5471183" lon="0.1963817"><ele>21.69</ele></trkpt>
<trkpt lat="49.54713000000001" lon="0.1964333"><ele>21.21</ele></trkpt>
<trkpt lat="49.5471483" lon="0.1964817"><ele>20.84</ele></trkpt>
<trkpt lat="49.54717329999999" lon="0.1965283"><ele>20.79</ele></trkpt>
<trkpt lat="49.5471933" lon="0.1965583"><ele>20.83</ele></trkpt>
<trkpt lat="49.5472217" lon="0.1965867"><ele>21.25</ele></trkpt>
<trkpt lat="49.5472217" lon="0.196635"><ele>21.49</ele></trkpt>
<trkpt lat="49.5472333" lon="0.1966817"><ele>21.41</ele></trkpt>
<trkpt lat="49.5472583" lon="0.19671"><ele>21.37</ele></trkpt>
<trkpt lat="49.54728" lon="0.1967417"><ele>21.25</ele></trkpt>
<trkpt lat="49.54730169999999" lon="0.1967917"><ele>21.23</ele></trkpt>
<trkpt lat="49.54732" lon="0.1968283"><ele>21.58</ele></trkpt>
<trkpt lat="49.5473417" lon="0.1968633"><ele>22.05</ele></trkpt>
<trkpt lat="49.54736329999999" lon="0.1968933"><ele>22.08</ele></trkpt>
<trkpt lat="49.54738669999999" lon="0.1969217"><ele>22.13</ele></trkpt>
<trkpt lat="49.54741" lon="0.1969533"><ele>22</ele></trkpt>
<trkpt lat="49.54743" lon="0.1969967"><ele>21.99</ele></trkpt>
<trkpt lat="49.5474183" lon="0.19705"><ele>22.82</ele></trkpt>
<trkpt lat="49.54741" lon="0.1970983"><ele>21.69</ele></trkpt>
<trkpt lat="49.5473933" lon="0.1971483"><ele>20.87</ele></trkpt>
<trkpt lat="49.5473833" lon="0.1972033"><ele>20.09</ele></trkpt>
<trkpt lat="49.5473783" lon="0.197245"><ele>19.56</ele></trkpt>
<trkpt lat="49.547375" lon="0.1972867"><ele>19.42</ele></trkpt>
<trkpt lat="49.5473667" lon="0.1973317"><ele>19.42</ele></trkpt>
<trkpt lat="49.54735169999999" lon="0.19737"><ele>19.53</ele></trkpt>
<trkpt lat="49.5473433" lon="0.1974233"><ele>19.94</ele></trkpt>
<trkpt lat="49.547345" lon="0.1974667"><ele>20.03</ele></trkpt>
<trkpt lat="49.54735" lon="0.1975133"><ele>20.26</ele></trkpt>
<trkpt lat="49.5473467" lon="0.197565"><ele>19.91</ele></trkpt>
<trkpt lat="49.54734" lon="0.1976083"><ele>20.01</ele></trkpt>
<trkpt lat="49.54732669999999" lon="0.19765"><ele>19.99</ele></trkpt>
<trkpt lat="49.5473083" lon="0.1976967"><ele>19.66</ele></trkpt>
<trkpt lat="49.54729" lon="0.1977417"><ele>19.25</ele></trkpt>
<trkpt lat="49.5472733" lon="0.197785"><ele>19.15</ele></trkpt>
<trkpt lat="49.5472633" lon="0.1978267"><ele>19.18</ele></trkpt>
<trkpt lat="49.5472517" lon="0.19788"><ele>19.05</ele></trkpt>
<trkpt lat="49.54725329999999" lon="0.1979317"><ele>19.35</ele></trkpt>
<trkpt lat="49.54724169999999" lon="0.197985"><ele>20.55</ele></trkpt>
<trkpt lat="49.5472267" lon="0.198025"><ele>20.65</ele></trkpt>
<trkpt lat="49.5472083" lon="0.19806"><ele>20.5</ele></trkpt>
<trkpt lat="49.5471817" lon="0.1981083"><ele>20.09</ele></trkpt>
<trkpt lat="49.5471633" lon="0.19814"><ele>19.9</ele></trkpt>
<trkpt lat="49.547145" lon="0.1981917"><ele>19.26</ele></trkpt>
<trkpt lat="49.5471367" lon="0.1982383"><ele>18.44</ele></trkpt>
<trkpt lat="49.547125" lon="0.19829"><ele>17.38</ele></trkpt>
<trkpt lat="49.5471167" lon="0.1983467"><ele>16.5</ele></trkpt>
<trkpt lat="49.5471183" lon="0.1983883"><ele>15.98</ele></trkpt>
<trkpt lat="49.547125" lon="0.1984433"><ele>15.63</ele></trkpt>
<trkpt lat="49.5471417" lon="0.1985017"><ele>15.27</ele></trkpt>
<trkpt lat="49.54716" lon="0.1985333"><ele>15.22</ele></trkpt>
<trkpt lat="49.5471817" lon="0.1985633"><ele>15.08</ele></trkpt>
<trkpt lat="49.5471917" lon="0.198605"><ele>15</ele></trkpt>
<trkpt lat="49.5471933" lon="0.1986483"><ele>14.81</ele></trkpt>
<trkpt lat="49.5471833" lon="0.198695"><ele>14.77</ele></trkpt>
<trkpt lat="49.54717" lon="0.198735"><ele>14.9</ele></trkpt>
<trkpt lat="49.5471533" lon="0.198775"><ele>15.12</ele></trkpt>
<trkpt lat="49.5471433" lon="0.198815"><ele>15.11</ele></trkpt>
<trkpt lat="49.5471367" lon="0.1988583"><ele>14.98</ele></trkpt>
<trkpt lat="49.5471367" lon="0.1989017"><ele>14.71</ele></trkpt>
<trkpt lat="49.54713999999999" lon="0.1989433"><ele>14.44</ele></trkpt>
<trkpt lat="49.547145" lon="0.1990033"><ele>14.2</ele></trkpt>
<trkpt lat="49.5471467" lon="0.1990583"><ele>13.93</ele></trkpt>
<trkpt lat="49.5471483" lon="0.1991"><ele>13.92</ele></trkpt>
<trkpt lat="49.5471517" lon="0.199145"><ele>14.05</ele></trkpt>
<trkpt lat="49.54716" lon="0.1991883"><ele>14.25</ele></trkpt>
<trkpt lat="49.5471767" lon="0.199245"><ele>14.43</ele></trkpt>
<trkpt lat="49.5471967" lon="0.1992817"><ele>15.31</ele></trkpt>
<trkpt lat="49.54721170000001" lon="0.19934"><ele>15.99</ele></trkpt>
<trkpt lat="49.54722330000001" lon="0.19938"><ele>16.13</ele></trkpt>
<trkpt lat="49.547235" lon="0.1994183"><ele>16.18</ele></trkpt>
<trkpt lat="49.547255" lon="0.1994667"><ele>16.42</ele></trkpt>
<trkpt lat="49.54728" lon="0.1995133"><ele>17</ele></trkpt>
<trkpt lat="49.547295" lon="0.1995517"><ele>17.15</ele></trkpt>
<trkpt lat="49.5473133" lon="0.1995967"><ele>16.98</ele></trkpt>
<trkpt lat="49.54734" lon="0.1996367"><ele>16.87</ele></trkpt>
<trkpt lat="49.54737" lon="0.1996667"><ele>16.94</ele></trkpt>
<trkpt lat="49.54741" lon="0.1996767"><ele>16.18</ele></trkpt>
<trkpt lat="49.5474467" lon="0.1996767"><ele>15.2</ele></trkpt>
<trkpt lat="49.547485" lon="0.1996883"><ele>14.72</ele></trkpt>
<trkpt lat="49.5475133" lon="0.1997017"><ele>14.9</ele></trkpt>
<trkpt lat="49.547545" lon="0.199725"><ele>15.95</ele></trkpt>
<trkpt lat="49.54757170000001" lon="0.1997417"><ele>16.03</ele></trkpt>
<trkpt lat="49.547595" lon="0.19977"><ele>16.06</ele></trkpt>
<trkpt lat="49.5476217" lon="0.1998"><ele>16.22</ele></trkpt>
<trkpt lat="49.5476467" lon="0.1998233"><ele>16.65</ele></trkpt>
<trkpt lat="49.54766999999999" lon="0.1998467"><ele>17.15</ele></trkpt>
<trkpt lat="49.5477" lon="0.1998817"><ele>17.38</ele></trkpt>
<trkpt lat="49.5477333" lon="0.199905"><ele>16.94</ele></trkpt>
<trkpt lat="49.5477633" lon="0.199915"><ele>16.61</ele></trkpt>
<trkpt lat="49.54779670000001" lon="0.19993"><ele>16.24</ele></trkpt>
<trkpt lat="49.5478183" lon="0.199955"><ele>16.01</ele></trkpt>
<trkpt lat="49.54784" lon="0.1999833"><ele>15.9</ele></trkpt>
<trkpt lat="49.5478667" lon="0.2000283"><ele>15.79</ele></trkpt>
<trkpt lat="49.54789" lon="0.2000733"><ele>16.09</ele></trkpt>
<trkpt lat="49.5479" lon="0.20012"><ele>16.26</ele></trkpt>
<trkpt lat="49.54791830000001" lon="0.200175"><ele>15.68</ele></trkpt>
<trkpt lat="49.5479333" lon="0.2002233"><ele>15.05</ele></trkpt>
<trkpt lat="49.54794829999999" lon="0.2002683"><ele>14.8</ele></trkpt>
<trkpt lat="49.547965" lon="0.200325"><ele>14.51</ele></trkpt>
<trkpt lat="49.54796999999999" lon="0.2003667"><ele>14.22</ele></trkpt>
<trkpt lat="49.5479717" lon="0.2004267"><ele>13.91</ele></trkpt>
<trkpt lat="49.54796999999999" lon="0.2004683"><ele>13.87</ele></trkpt>
<trkpt lat="49.5479667" lon="0.20051"><ele>13.79</ele></trkpt>
<trkpt lat="49.547965" lon="0.2005733"><ele>14.02</ele></trkpt>
<trkpt lat="49.54796169999999" lon="0.200615"><ele>14.06</ele></trkpt>
<trkpt lat="49.54796169999999" lon="0.2006767"><ele>13.97</ele></trkpt>
<trkpt lat="49.547965" lon="0.20072"><ele>14.1</ele></trkpt>
<trkpt lat="49.547975" lon="0.2007783"><ele>14.26</ele></trkpt>
<trkpt lat="49.548" lon="0.200825"><ele>14.19</ele></trkpt>
<trkpt lat="49.5480233" lon="0.20085"><ele>14.1</ele></trkpt>
<trkpt lat="49.54805" lon="0.2008733"><ele>13.84</ele></trkpt>
<trkpt lat="49.5480783" lon="0.2008967"><ele>13.75</ele></trkpt>
<trkpt lat="49.5481017" lon="0.2009183"><ele>14.08</ele></trkpt>
<trkpt lat="49.5481283" lon="0.200945"><ele>14.8</ele></trkpt>
<trkpt lat="49.5481483" lon="0.2009767"><ele>15.54</ele></trkpt>
<trkpt lat="49.5481667" lon="0.20101"><ele>15.74</ele></trkpt>
<trkpt lat="49.5481867" lon="0.2010633"><ele>15.9</ele></trkpt>
<trkpt lat="49.5482083" lon="0.2011133"><ele>16.22</ele></trkpt>
<trkpt lat="49.5482233" lon="0.201155"><ele>16.42</ele></trkpt>
<trkpt lat="49.54824170000001" lon="0.2012017"><ele>16.58</ele></trkpt>
<trkpt lat="49.5482567" lon="0.2012517"><ele>16.98</ele></trkpt>
<trkpt lat="49.54827000000001" lon="0.2012883"><ele>17.22</ele></trkpt>
<trkpt lat="49.54827999999999" lon="0.2013283"><ele>17.17</ele></trkpt>
<trkpt lat="49.54829669999999" lon="0.2013767"><ele>16.9</ele></trkpt>
<trkpt lat="49.54831" lon="0.20142"><ele>16.93</ele></trkpt>
<trkpt lat="49.5483233" lon="0.2014567"><ele>17.03</ele></trkpt>
<trkpt lat="49.5483383" lon="0.2014933"><ele>17.04</ele></trkpt>
<trkpt lat="49.54835500000001" lon="0.2015283"><ele>16.99</ele></trkpt>
<trkpt lat="49.5483767" lon="0.2015583"><ele>16.87</ele></trkpt>
<trkpt lat="49.5484083" lon="0.2015933"><ele>17.19</ele></trkpt>
<trkpt lat="49.5484483" lon="0.2016017"><ele>17.36</ele></trkpt>
<trkpt lat="49.548485" lon="0.20159"><ele>17.3</ele></trkpt>
<trkpt lat="49.54852000000001" lon="0.2015683"><ele>17.15</ele></trkpt>
<trkpt lat="49.5485567" lon="0.2015533"><ele>17.23</ele></trkpt>
<trkpt lat="49.548585" lon="0.2015517"><ele>17.26</ele></trkpt>
<trkpt lat="49.5486233" lon="0.2015633"><ele>18</ele></trkpt>
<trkpt lat="49.548655" lon="0.2015967"><ele>18.35</ele></trkpt>
<trkpt lat="49.54868170000001" lon="0.20164"><ele>18.27</ele></trkpt>
<trkpt lat="49.54871" lon="0.2016717"><ele>18.48</ele></trkpt>
<trkpt lat="49.54874999999999" lon="0.2016933"><ele>18.12</ele></trkpt>
<trkpt lat="49.5487883" lon="0.2017183"><ele>18.24</ele></trkpt>
<trkpt lat="49.5488217" lon="0.2017383"><ele>18.77</ele></trkpt>
<trkpt lat="49.548855" lon="0.2017417"><ele>18.89</ele></trkpt>
<trkpt lat="49.54889" lon="0.2017467"><ele>18.44</ele></trkpt>
<trkpt lat="49.5489267" lon="0.2017617"><ele>18.04</ele></trkpt>
<trkpt lat="49.5489533" lon="0.201795"><ele>17.29</ele></trkpt>
<trkpt lat="49.54897" lon="0.2018417"><ele>16.29</ele></trkpt>
<trkpt lat="49.5489883" lon="0.2018917"><ele>15.56</ele></trkpt>
<trkpt lat="49.549005" lon="0.20194"><ele>14.65</ele></trkpt>
<trkpt lat="49.5490233" lon="0.2019867"><ele>13.83</ele></trkpt>
<trkpt lat="49.54905000000001" lon="0.2020317"><ele>14.05</ele></trkpt>
<trkpt lat="49.549065" lon="0.2020767"><ele>14.08</ele></trkpt>
<trkpt lat="49.54908" lon="0.2021267"><ele>14.3</ele></trkpt>
<trkpt lat="49.5490917" lon="0.2021833"><ele>15.04</ele></trkpt>
<trkpt lat="49.5491033" lon="0.2022383"><ele>15.84</ele></trkpt>
<trkpt lat="49.5491083" lon="0.202295"><ele>16.66</ele></trkpt>
<trkpt lat="49.5491117" lon="0.202355"><ele>17.56</ele></trkpt>
<trkpt lat="49.54910999999999" lon="0.2024083"><ele>18.13</ele></trkpt>
<trkpt lat="49.5491083" lon="0.2024517"><ele>18.13</ele></trkpt>
<trkpt lat="49.54910999999999" lon="0.2024933"><ele>18.09</ele></trkpt>
<trkpt lat="49.5491183" lon="0.20254"><ele>17.9</ele></trkpt>
<trkpt lat="49.5491333" lon="0.2025817"><ele>17.77</ele></trkpt>
<trkpt lat="49.549155" lon="0.2026183"><ele>17.76</ele></trkpt>
<trkpt lat="49.5491817" lon="0.2026617"><ele>17.85</ele></trkpt>
<trkpt lat="49.5492133" lon="0.2027017"><ele>17.95</ele></trkpt>
<trkpt lat="49.54924500000001" lon="0.20273"><ele>18.09</ele></trkpt>
<trkpt lat="49.5492783" lon="0.20275"><ele>17.97</ele></trkpt>
<trkpt lat="49.5493117" lon="0.20278"><ele>18.12</ele></trkpt>
<trkpt lat="49.54933499999999" lon="0.202805"><ele>18.34</ele></trkpt>
<trkpt lat="49.549365" lon="0.202835"><ele>18.52</ele></trkpt>
<trkpt lat="49.5494" lon="0.2028683"><ele>18.81</ele></trkpt>
<trkpt lat="49.54943" lon="0.2028967"><ele>19.03</ele></trkpt>
<trkpt lat="49.5494633" lon="0.20292"><ele>19.38</ele></trkpt>
<trkpt lat="49.5494933" lon="0.2029517"><ele>19.51</ele></trkpt>
<trkpt lat="49.54952" lon="0.2029833"><ele>19.37</ele></trkpt>
<trkpt lat="49.5495517" lon="0.2030133"><ele>19.36</ele></trkpt>
<trkpt lat="49.5495783" lon="0.2030417"><ele>19.5</ele></trkpt>
<trkpt lat="49.54960999999999" lon="0.2030617"><ele>19.57</ele></trkpt>
<trkpt lat="49.54964329999999" lon="0.203085"><ele>19.23</ele></trkpt>
<trkpt lat="49.5496767" lon="0.20311"><ele>19.07</ele></trkpt>
<trkpt lat="49.549705" lon="0.2031233"><ele>19.34</ele></trkpt>
<trkpt lat="49.549735" lon="0.20313"><ele>19.66</ele></trkpt>
<trkpt lat="49.5497633" lon="0.2031467"><ele>19.68</ele></trkpt>
<trkpt lat="49.5497933" lon="0.20317"><ele>19.4</ele></trkpt>
<trkpt lat="49.549825" lon="0.2031933"><ele>19.69</ele></trkpt>
<trkpt lat="49.54985500000001" lon="0.203205"><ele>20.27</ele></trkpt>
<trkpt lat="49.54988169999999" lon="0.20322"><ele>20.94</ele></trkpt>
<trkpt lat="49.54989329999999" lon="0.2032633"><ele>20.58</ele></trkpt>
<trkpt lat="49.54992" lon="0.2032933"><ele>20.79</ele></trkpt>
<trkpt lat="49.54995670000001" lon="0.2033283"><ele>20.89</ele></trkpt>
<trkpt lat="49.5499817" lon="0.2033467"><ele>20.79</ele></trkpt>
<trkpt lat="49.5500083" lon="0.2033717"><ele>20.8</ele></trkpt>
<trkpt lat="49.5500367" lon="0.203385"><ele>21.66</ele></trkpt>
<trkpt lat="49.55006329999999" lon="0.2034033"><ele>22.69</ele></trkpt>
<trkpt lat="49.55008830000001" lon="0.20342"><ele>22.8</ele></trkpt>
<trkpt lat="49.55012670000001" lon="0.2034367"><ele>22.63</ele></trkpt>
<trkpt lat="49.5501667" lon="0.20345"><ele>23.13</ele></trkpt>
<trkpt lat="49.5501933" lon="0.2034583"><ele>23.05</ele></trkpt>
<trkpt lat="49.5502217" lon="0.2034767"><ele>22.99</ele></trkpt>
<trkpt lat="49.5502483" lon="0.2035017"><ele>22.71</ele></trkpt>
<trkpt lat="49.5502767" lon="0.2035367"><ele>22.17</ele></trkpt>
<trkpt lat="49.55030499999999" lon="0.2035583"><ele>21.55</ele></trkpt>
<trkpt lat="49.55033499999999" lon="0.2035767"><ele>21.04</ele></trkpt>
<trkpt lat="49.550365" lon="0.2035983"><ele>20.45</ele></trkpt>
<trkpt lat="49.5504" lon="0.20362"><ele>20.61</ele></trkpt>
<trkpt lat="49.5504317" lon="0.2036433"><ele>20.92</ele></trkpt>
<trkpt lat="49.55046500000001" lon="0.203675"><ele>21.22</ele></trkpt>
<trkpt lat="49.5504983" lon="0.203705"><ele>21.07</ele></trkpt>
<trkpt lat="49.550535" lon="0.2037283"><ele>20.98</ele></trkpt>
<trkpt lat="49.5505667" lon="0.2037517"><ele>20.79</ele></trkpt>
<trkpt lat="49.55060169999999" lon="0.2037767"><ele>20.91</ele></trkpt>
<trkpt lat="49.55063" lon="0.203795"><ele>21.3</ele></trkpt>
<trkpt lat="49.5506683" lon="0.20382"><ele>21.66</ele></trkpt>
<trkpt lat="49.5506933" lon="0.20384"><ele>21.59</ele></trkpt>
<trkpt lat="49.5507283" lon="0.2038667"><ele>20.97</ele></trkpt>
<trkpt lat="49.5507617" lon="0.203895"><ele>20.16</ele></trkpt>
<trkpt lat="49.550795" lon="0.2039283"><ele>19.69</ele></trkpt>
<trkpt lat="49.55082" lon="0.2039583"><ele>19.57</ele></trkpt>
<trkpt lat="49.5508483" lon="0.20399"><ele>19.69</ele></trkpt>
<trkpt lat="49.5508783" lon="0.20403"><ele>19.76</ele></trkpt>
<trkpt lat="49.5509083" lon="0.2040683"><ele>19.6</ele></trkpt>
<trkpt lat="49.5509333" lon="0.20409"><ele>19.59</ele></trkpt>
<trkpt lat="49.5509633" lon="0.204125"><ele>19.59</ele></trkpt>
<trkpt lat="49.55098670000001" lon="0.2041483"><ele>19.58</ele></trkpt>
<trkpt lat="49.5510117" lon="0.2041667"><ele>19.72</ele></trkpt>
<trkpt lat="49.551045" lon="0.2041933"><ele>19.77</ele></trkpt>
<trkpt lat="49.5510783" lon="0.2042217"><ele>19.83</ele></trkpt>
<trkpt lat="49.5511117" lon="0.20425"><ele>19.7</ele></trkpt>
<trkpt lat="49.5511417" lon="0.2042783"><ele>18.96</ele></trkpt>
<trkpt lat="49.5511717" lon="0.20429"><ele>18.9</ele></trkpt>
<trkpt lat="49.55120329999999" lon="0.2043083"><ele>19.06</ele></trkpt>
<trkpt lat="49.55123" lon="0.20432"><ele>19.22</ele></trkpt>
<trkpt lat="49.5512667" lon="0.2043317"><ele>19.35</ele></trkpt>
<trkpt lat="49.5512983" lon="0.2043467"><ele>19.64</ele></trkpt>
<trkpt lat="49.551325" lon="0.2043617"><ele>19.54</ele></trkpt>
<trkpt lat="49.5513517" lon="0.2043683"><ele>19.33</ele></trkpt>
<trkpt lat="49.5513833" lon="0.204375"><ele>19.09</ele></trkpt>
<trkpt lat="49.5514167" lon="0.204375"><ele>18.97</ele></trkpt>
<trkpt lat="49.5514467" lon="0.2043817"><ele>18.07</ele></trkpt>
<trkpt lat="49.5514733" lon="0.2043883"><ele>17.62</ele></trkpt>
<trkpt lat="49.5515" lon="0.2044083"><ele>17.29</ele></trkpt>
<trkpt lat="49.55152830000001" lon="0.2044283"><ele>17.65</ele></trkpt>
<trkpt lat="49.5515467" lon="0.20446"><ele>18.02</ele></trkpt>
<trkpt lat="49.5515867" lon="0.2044867"><ele>23.62</ele></trkpt>
<trkpt lat="49.5516183" lon="0.2045067"><ele>23.48</ele></trkpt>
<trkpt lat="49.55165" lon="0.2045383"><ele>23.39</ele></trkpt>
<trkpt lat="49.5516683" lon="0.2045717"><ele>23.36</ele></trkpt>
<trkpt lat="49.55169830000001" lon="0.2046017"><ele>23.13</ele></trkpt>
<trkpt lat="49.55172499999999" lon="0.2046183"><ele>22.32</ele></trkpt>
<trkpt lat="49.5517583" lon="0.2046333"><ele>21.58</ele></trkpt>
<trkpt lat="49.55179" lon="0.2046433"><ele>20.9</ele></trkpt>
<trkpt lat="49.5518233" lon="0.2046433"><ele>19.9</ele></trkpt>
<trkpt lat="49.5518483" lon="0.2046633"><ele>17.13</ele></trkpt>
<trkpt lat="49.55188" lon="0.204655"><ele>16.91</ele></trkpt>
<trkpt lat="49.55191499999999" lon="0.2046717"><ele>16.84</ele></trkpt>
<trkpt lat="49.55194830000001" lon="0.2046867"><ele>16.95</ele></trkpt>
<trkpt lat="49.5519817" lon="0.2047133"><ele>16.87</ele></trkpt>
<trkpt lat="49.5520183" lon="0.2047417"><ele>16.9</ele></trkpt>
<trkpt lat="49.552045" lon="0.2047817"><ele>17.28</ele></trkpt>
<trkpt lat="49.5520683" lon="0.2048217"><ele>18.12</ele></trkpt>
<trkpt lat="49.55209" lon="0.2048533"><ele>18.61</ele></trkpt>
<trkpt lat="49.5521083" lon="0.20489"><ele>18.88</ele></trkpt>
<trkpt lat="49.55213500000001" lon="0.20492"><ele>19.43</ele></trkpt>
<trkpt lat="49.55216169999999" lon="0.2049533"><ele>19.78</ele></trkpt>
<trkpt lat="49.5521833" lon="0.2049783"><ele>19.94</ele></trkpt>
<trkpt lat="49.5522067" lon="0.2050017"><ele>20.05</ele></trkpt>
<trkpt lat="49.55223329999999" lon="0.2050367"><ele>19.96</ele></trkpt>
<trkpt lat="49.5522533" lon="0.2050783"><ele>20.27</ele></trkpt>
<trkpt lat="49.55225829999999" lon="0.2051217"><ele>22.54</ele></trkpt>
<trkpt lat="49.5522767" lon="0.205165"><ele>22.59</ele></trkpt>
<trkpt lat="49.5523033" lon="0.2052117"><ele>22.04</ele></trkpt>
<trkpt lat="49.5523233" lon="0.2052583"><ele>22.06</ele></trkpt>
<trkpt lat="49.55234329999999" lon="0.2052917"><ele>22.13</ele></trkpt>
<trkpt lat="49.552365" lon="0.20533"><ele>22.37</ele></trkpt>
<trkpt lat="49.55237670000001" lon="0.205375"><ele>22.47</ele></trkpt>
<trkpt lat="49.5523967" lon="0.205425"><ele>21.95</ele></trkpt>
<trkpt lat="49.5524183" lon="0.2054683"><ele>21.41</ele></trkpt>
<trkpt lat="49.55243" lon="0.2055067"><ele>21.52</ele></trkpt>
<trkpt lat="49.5524517" lon="0.20556"><ele>21.84</ele></trkpt>
<trkpt lat="49.5524667" lon="0.2056"><ele>22</ele></trkpt>
<trkpt lat="49.5524883" lon="0.2056283"><ele>22.54</ele></trkpt>
<trkpt lat="49.552515" lon="0.2056783"><ele>23.37</ele></trkpt>
<trkpt lat="49.5525383" lon="0.2057133"><ele>23.91</ele></trkpt>
<trkpt lat="49.55255830000001" lon="0.205745"><ele>24.28</ele></trkpt>
<trkpt lat="49.55258169999999" lon="0.2057917"><ele>24.33</ele></trkpt>
<trkpt lat="49.5526033" lon="0.20583"><ele>24.19</ele></trkpt>
<trkpt lat="49.55263" lon="0.205865"><ele>23.88</ele></trkpt>
<trkpt lat="49.5526533" lon="0.2058867"><ele>23.72</ele></trkpt>
<trkpt lat="49.5526867" lon="0.2059167"><ele>23.26</ele></trkpt>
<trkpt lat="49.5527167" lon="0.2059417"><ele>22.81</ele></trkpt>
<trkpt lat="49.55274170000001" lon="0.2059617"><ele>22.76</ele></trkpt>
<trkpt lat="49.5527767" lon="0.2059933"><ele>22.74</ele></trkpt>
<trkpt lat="49.5528017" lon="0.2060183"><ele>22.59</ele></trkpt>
<trkpt lat="49.5528283" lon="0.20604"><ele>22.17</ele></trkpt>
<trkpt lat="49.5528517" lon="0.2060633"><ele>21.75</ele></trkpt>
<trkpt lat="49.5528767" lon="0.2060867"><ele>21.85</ele></trkpt>
<trkpt lat="49.552905" lon="0.2061317"><ele>22.12</ele></trkpt>
<trkpt lat="49.5529333" lon="0.2061683"><ele>21.74</ele></trkpt>
<trkpt lat="49.55295329999999" lon="0.2062083"><ele>21.37</ele></trkpt>
<trkpt lat="49.5529717" lon="0.2062483"><ele>20.85</ele></trkpt>
<trkpt lat="49.5529967" lon="0.2062733"><ele>20.51</ele></trkpt>
<trkpt lat="49.55301670000001" lon="0.2063067"><ele>20.46</ele></trkpt>
<trkpt lat="49.5530333" lon="0.2063433"><ele>20.53</ele></trkpt>
<trkpt lat="49.55305" lon="0.2063767"><ele>20.55</ele></trkpt>
<trkpt lat="49.5530683" lon="0.2064183"><ele>20.63</ele></trkpt>
<trkpt lat="49.5530867" lon="0.2064667"><ele>20.75</ele></trkpt>
<trkpt lat="49.55310500000001" lon="0.20651"><ele>20.6</ele></trkpt>
<trkpt lat="49.5531267" lon="0.206555"><ele>20.19</ele></trkpt>
<trkpt lat="49.5531533" lon="0.2066"><ele>20.15</ele></trkpt>
<trkpt lat="49.55316830000001" lon="0.2066517"><ele>20.08</ele></trkpt>
<trkpt lat="49.5531883" lon="0.2067083"><ele>20.2</ele></trkpt>
<trkpt lat="49.55321669999999" lon="0.2067533"><ele>20.49</ele></trkpt>
<trkpt lat="49.5532333" lon="0.2067967"><ele>20.39</ele></trkpt>
<trkpt lat="49.5532583" lon="0.206845"><ele>20.24</ele></trkpt>
<trkpt lat="49.55327669999999" lon="0.2068867"><ele>20.26</ele></trkpt>
<trkpt lat="49.55329" lon="0.2069267"><ele>20.26</ele></trkpt>
<trkpt lat="49.55330330000001" lon="0.2069633"><ele>20.42</ele></trkpt>
<trkpt lat="49.553325" lon="0.2070167"><ele>20.78</ele></trkpt>
<trkpt lat="49.5533433" lon="0.207065"><ele>20.67</ele></trkpt>
<trkpt lat="49.5533567" lon="0.2071017"><ele>20.64</ele></trkpt>
<trkpt lat="49.55336330000001" lon="0.20716"><ele>20.91</ele></trkpt>
<trkpt lat="49.5533683" lon="0.2072017"><ele>21.21</ele></trkpt>
<trkpt lat="49.5533717" lon="0.2072617"><ele>21.26</ele></trkpt>
<trkpt lat="49.553375" lon="0.2073183"><ele>21.45</ele></trkpt>
<trkpt lat="49.5533783" lon="0.20736"><ele>21.48</ele></trkpt>
<trkpt lat="49.55337329999999" lon="0.2074033"><ele>21.32</ele></trkpt>
<trkpt lat="49.55337" lon="0.2074633"><ele>21.17</ele></trkpt>
<trkpt lat="49.5533617" lon="0.2075217"><ele>21.42</ele></trkpt>
<trkpt lat="49.5533583" lon="0.20758"><ele>21.62</ele></trkpt>
<trkpt lat="49.5533483" lon="0.2076283"><ele>21.98</ele></trkpt>
<trkpt lat="49.5533367" lon="0.2076783"><ele>22.01</ele></trkpt>
<trkpt lat="49.553335" lon="0.2077317"><ele>21.39</ele></trkpt>
<trkpt lat="49.5533467" lon="0.2077883"><ele>21.43</ele></trkpt>
<trkpt lat="49.5533683" lon="0.2078333"><ele>21.46</ele></trkpt>
<trkpt lat="49.55338669999999" lon="0.2078717"><ele>21.52</ele></trkpt>
<trkpt lat="49.5534067" lon="0.2079217"><ele>22</ele></trkpt>
<trkpt lat="49.5534267" lon="0.20796"><ele>22.41</ele></trkpt>
<trkpt lat="49.5534433" lon="0.2079983"><ele>23.06</ele></trkpt>
<trkpt lat="49.55346" lon="0.2080433"><ele>23.53</ele></trkpt>
<trkpt lat="49.5534817" lon="0.20808"><ele>23.39</ele></trkpt>
<trkpt lat="49.5535033" lon="0.2081233"><ele>23.26</ele></trkpt>
<trkpt lat="49.55352500000001" lon="0.2081583"><ele>23.09</ele></trkpt>
<trkpt lat="49.5535417" lon="0.2082017"><ele>22.45</ele></trkpt>
<trkpt lat="49.553555" lon="0.2082467"><ele>22.68</ele></trkpt>
<trkpt lat="49.5535683" lon="0.2082917"><ele>22.96</ele></trkpt>
<trkpt lat="49.55358829999999" lon="0.2083217"><ele>23.12</ele></trkpt>
<trkpt lat="49.5536083" lon="0.20835"><ele>23.15</ele></trkpt>
<trkpt lat="49.5536333" lon="0.2083917"><ele>23.44</ele></trkpt>
<trkpt lat="49.5536583" lon="0.2084333"><ele>23.04</ele></trkpt>
<trkpt lat="49.55368" lon="0.2084667"><ele>22.6</ele></trkpt>
<trkpt lat="49.5537033" lon="0.2085"><ele>22.27</ele></trkpt>
<trkpt lat="49.55373" lon="0.20853"><ele>22.42</ele></trkpt>
<trkpt lat="49.5537567" lon="0.20854"><ele>22.79</ele></trkpt>
<trkpt lat="49.55377170000001" lon="0.2085767"><ele>23.44</ele></trkpt>
<trkpt lat="49.55379" lon="0.2086267"><ele>23.52</ele></trkpt>
<trkpt lat="49.553805" lon="0.2086633"><ele>23.5</ele></trkpt>
<trkpt lat="49.5538217" lon="0.2087"><ele>23.71</ele></trkpt>
<trkpt lat="49.55384" lon="0.2087333"><ele>23.75</ele></trkpt>
<trkpt lat="49.5538617" lon="0.2087717"><ele>23.9</ele></trkpt>
<trkpt lat="49.55388" lon="0.208805"><ele>23.95</ele></trkpt>
<trkpt lat="49.5539033" lon="0.2088467"><ele>23.65</ele></trkpt>
<trkpt lat="49.5539333" lon="0.2088917"><ele>23.13</ele></trkpt>
<trkpt lat="49.553955" lon="0.2089367"><ele>22.7</ele></trkpt>
<trkpt lat="49.5539783" lon="0.20898"><ele>22.4</ele></trkpt>
<trkpt lat="49.5540033" lon="0.209025"><ele>22.01</ele></trkpt>
<trkpt lat="49.5540267" lon="0.20907"><ele>21.86</ele></trkpt>
<trkpt lat="49.554045" lon="0.209115"><ele>21.76</ele></trkpt>
<trkpt lat="49.5540683" lon="0.2091567"><ele>21.57</ele></trkpt>
<trkpt lat="49.55409329999999" lon="0.2092033"><ele>21.65</ele></trkpt>
<trkpt lat="49.554115" lon="0.20925"><ele>21.66</ele></trkpt>
<trkpt lat="49.5541367" lon="0.209295"><ele>21.79</ele></trkpt>
<trkpt lat="49.55415670000001" lon="0.20934"><ele>21.67</ele></trkpt>
<trkpt lat="49.5541833" lon="0.2093867"><ele>21.5</ele></trkpt>
<trkpt lat="49.5541983" lon="0.209425"><ele>21.32</ele></trkpt>
<trkpt lat="49.5542217" lon="0.2094733"><ele>21.1</ele></trkpt>
<trkpt lat="49.55424500000001" lon="0.2095167"><ele>20.9</ele></trkpt>
<trkpt lat="49.5542633" lon="0.20955"><ele>20.7</ele></trkpt>
<trkpt lat="49.5542917" lon="0.2095967"><ele>20.3</ele></trkpt>
<trkpt lat="49.5543183" lon="0.209645"><ele>19.83</ele></trkpt>
<trkpt lat="49.55434329999999" lon="0.2096917"><ele>19.67</ele></trkpt>
<trkpt lat="49.55436829999999" lon="0.2097367"><ele>20.08</ele></trkpt>
<trkpt lat="49.5543833" lon="0.2097717"><ele>20.56</ele></trkpt>
<trkpt lat="49.55440670000001" lon="0.2098183"><ele>20.83</ele></trkpt>
<trkpt lat="49.5544333" lon="0.20986"><ele>21</ele></trkpt>
<trkpt lat="49.55445" lon="0.2098933"><ele>20.98</ele></trkpt>
<trkpt lat="49.55446999999999" lon="0.209925"><ele>20.64</ele></trkpt>
<trkpt lat="49.5544867" lon="0.2099583"><ele>20.4</ele></trkpt>
<trkpt lat="49.5545083" lon="0.2100083"><ele>19.82</ele></trkpt>
<trkpt lat="49.554525" lon="0.2100417"><ele>19.6</ele></trkpt>
<trkpt lat="49.554545" lon="0.210075"><ele>19.47</ele></trkpt>
<trkpt lat="49.5545717" lon="0.2101217"><ele>19.2</ele></trkpt>
<trkpt lat="49.5546" lon="0.210165"><ele>19.09</ele></trkpt>
<trkpt lat="49.5546267" lon="0.2102067"><ele>19.06</ele></trkpt>
<trkpt lat="49.5546533" lon="0.210245"><ele>19.34</ele></trkpt>
<trkpt lat="49.55468" lon="0.2102817"><ele>19.87</ele></trkpt>
<trkpt lat="49.5547083" lon="0.2103233"><ele>20.26</ele></trkpt>
<trkpt lat="49.5547333" lon="0.2103617"><ele>20.36</ele></trkpt>
<trkpt lat="49.554755" lon="0.2104033"><ele>20.26</ele></trkpt>
<trkpt lat="49.5547817" lon="0.2104483"><ele>20.03</ele></trkpt>
<trkpt lat="49.5548067" lon="0.2104917"><ele>19.89</ele></trkpt>
<trkpt lat="49.5548317" lon="0.2105383"><ele>19.57</ele></trkpt>
<trkpt lat="49.55485500000001" lon="0.2105783"><ele>20.05</ele></trkpt>
<trkpt lat="49.55488" lon="0.2106183"><ele>20.41</ele></trkpt>
<trkpt lat="49.5549" lon="0.2106667"><ele>21.09</ele></trkpt>
<trkpt lat="49.5549133" lon="0.2107133"><ele>21.32</ele></trkpt>
<trkpt lat="49.5549317" lon="0.210745"><ele>21.37</ele></trkpt>
<trkpt lat="49.5549567" lon="0.2107817"><ele>20.86</ele></trkpt>
<trkpt lat="49.5549817" lon="0.2108267"><ele>20.24</ele></trkpt>
<trkpt lat="49.555005" lon="0.2108733"><ele>19.9</ele></trkpt>
<trkpt lat="49.5550283" lon="0.2109217"><ele>19.69</ele></trkpt>
<trkpt lat="49.55505169999999" lon="0.2109683"><ele>19.37</ele></trkpt>
<trkpt lat="49.555075" lon="0.2110117"><ele>19.71</ele></trkpt>
<trkpt lat="49.5550983" lon="0.2110567"><ele>20.08</ele></trkpt>
<trkpt lat="49.55512" lon="0.2111033"><ele>20.51</ele></trkpt>
<trkpt lat="49.5551417" lon="0.2111483"><ele>21.04</ele></trkpt>
<trkpt lat="49.555165" lon="0.21119"><ele>21.77</ele></trkpt>
<trkpt lat="49.5551883" lon="0.2112317"><ele>22.21</ele></trkpt>
<trkpt lat="49.5552067" lon="0.211275"><ele>22.67</ele></trkpt>
<trkpt lat="49.55522330000001" lon="0.2113217"><ele>23.5</ele></trkpt>
<trkpt lat="49.55524" lon="0.2113667"><ele>24.36</ele></trkpt>
<trkpt lat="49.55524669999999" lon="0.2114133"><ele>24.69</ele></trkpt>
<trkpt lat="49.555235" lon="0.2114517"><ele>24.56</ele></trkpt>
<trkpt lat="49.5552483" lon="0.2114917"><ele>24.78</ele></trkpt>
<trkpt lat="49.5552733" lon="0.21154"><ele>24.83</ele></trkpt>
<trkpt lat="49.5552917" lon="0.2115733"><ele>24.85</ele></trkpt>
<trkpt lat="49.55530999999999" lon="0.2116083"><ele>24.69</ele></trkpt>
<trkpt lat="49.5553317" lon="0.2116367"><ele>24.48</ele></trkpt>
<trkpt lat="49.55536000000001" lon="0.2116783"><ele>24.03</ele></trkpt>
<trkpt lat="49.5553783" lon="0.2117133"><ele>23.89</ele></trkpt>
<trkpt lat="49.55539829999999" lon="0.2117483"><ele>23.86</ele></trkpt>
<trkpt lat="49.5554167" lon="0.21178"><ele>23.79</ele></trkpt>
<trkpt lat="49.5554433" lon="0.2118267"><ele>23.42</ele></trkpt>
<trkpt lat="49.55547169999999" lon="0.21187"><ele>22.94</ele></trkpt>
<trkpt lat="49.5554983" lon="0.2119133"><ele>22.51</ele></trkpt>
<trkpt lat="49.5555183" lon="0.211945"><ele>22.3</ele></trkpt>
<trkpt lat="49.5555383" lon="0.2119783"><ele>22.33</ele></trkpt>
<trkpt lat="49.55555669999999" lon="0.212015"><ele>22.28</ele></trkpt>
<trkpt lat="49.555575" lon="0.21205"><ele>22.26</ele></trkpt>
<trkpt lat="49.55559329999999" lon="0.2120817"><ele>22.02</ele></trkpt>
<trkpt lat="49.5556117" lon="0.2121183"><ele>21.87</ele></trkpt>
<trkpt lat="49.55563" lon="0.2121533"><ele>21.79</ele></trkpt>
<trkpt lat="49.5556467" lon="0.2121883"><ele>21.85</ele></trkpt>
<trkpt lat="49.5556633" lon="0.2122233"><ele>21.92</ele></trkpt>
<trkpt lat="49.55568" lon="0.21226"><ele>22.02</ele></trkpt>
<trkpt lat="49.5557" lon="0.2122967"><ele>22.14</ele></trkpt>
<trkpt lat="49.5557167" lon="0.21233"><ele>22.32</ele></trkpt>
<trkpt lat="49.5557317" lon="0.212365"><ele>22.28</ele></trkpt>
<trkpt lat="49.5557517" lon="0.2123967"><ele>22.19</ele></trkpt>
<trkpt lat="49.55577" lon="0.2124333"><ele>21.91</ele></trkpt>
<trkpt lat="49.55579670000001" lon="0.2124867"><ele>22.21</ele></trkpt>
<trkpt lat="49.555815" lon="0.2125233"><ele>22.41</ele></trkpt>
<trkpt lat="49.55583169999999" lon="0.2125583"><ele>22.31</ele></trkpt>
<trkpt lat="49.5558533" lon="0.2126067"><ele>22.26</ele></trkpt>
<trkpt lat="49.5558733" lon="0.2126483"><ele>22.33</ele></trkpt>
<trkpt lat="49.5558917" lon="0.212685"><ele>22.67</ele></trkpt>
<trkpt lat="49.5559133" lon="0.2127217"><ele>23</ele></trkpt>
<trkpt lat="49.5559333" lon="0.2127567"><ele>23.23</ele></trkpt>
<trkpt lat="49.555955" lon="0.2127967"><ele>23.35</ele></trkpt>
<trkpt lat="49.5559767" lon="0.2128317"><ele>23.05</ele></trkpt>
<trkpt lat="49.55599669999999" lon="0.2128667"><ele>22.87</ele></trkpt>
<trkpt lat="49.556015" lon="0.2128983"><ele>22.44</ele></trkpt>
<trkpt lat="49.55603829999999" lon="0.212935"><ele>22.22</ele></trkpt>
<trkpt lat="49.5560583" lon="0.2129717"><ele>22.42</ele></trkpt>
<trkpt lat="49.55607670000001" lon="0.213015"><ele>22.38</ele></trkpt>
<trkpt lat="49.556095" lon="0.2130617"><ele>22.36</ele></trkpt>
<trkpt lat="49.5561167" lon="0.2131117"><ele>22.43</ele></trkpt>
<trkpt lat="49.5561417" lon="0.21316"><ele>22.38</ele></trkpt>
<trkpt lat="49.55616" lon="0.2132017"><ele>22.5</ele></trkpt>
<trkpt lat="49.556185" lon="0.2132417"><ele>23.08</ele></trkpt>
<trkpt lat="49.55619999999999" lon="0.2132783"><ele>23.58</ele></trkpt>
<trkpt lat="49.5562217" lon="0.2133167"><ele>24.19</ele></trkpt>
<trkpt lat="49.55624170000001" lon="0.2133567"><ele>24.51</ele></trkpt>
<trkpt lat="49.556265" lon="0.2134"><ele>24.9</ele></trkpt>
<trkpt lat="49.5562833" lon="0.2134317"><ele>24.88</ele></trkpt>
<trkpt lat="49.5563083" lon="0.2134767"><ele>24.36</ele></trkpt>
<trkpt lat="49.55632670000001" lon="0.2135117"><ele>23.99</ele></trkpt>
<trkpt lat="49.55635" lon="0.213545"><ele>23.81</ele></trkpt>
<trkpt lat="49.55637329999999" lon="0.2135817"><ele>23.48</ele></trkpt>
<trkpt lat="49.556395" lon="0.21362"><ele>23.29</ele></trkpt>
<trkpt lat="49.55642" lon="0.2136633"><ele>23.23</ele></trkpt>
<trkpt lat="49.5564467" lon="0.2137033"><ele>23.65</ele></trkpt>
<trkpt lat="49.5564633" lon="0.2137417"><ele>23.94</ele></trkpt>
<trkpt lat="49.55647829999999" lon="0.2137867"><ele>23.98</ele></trkpt>
<trkpt lat="49.5564983" lon="0.2138333"><ele>23.7</ele></trkpt>
<trkpt lat="49.55652" lon="0.213875"><ele>23.82</ele></trkpt>
<trkpt lat="49.55653330000001" lon="0.213915"><ele>23.81</ele></trkpt>
<trkpt lat="49.55655" lon="0.2139583"><ele>23.76</ele></trkpt>
<trkpt lat="49.5565667" lon="0.2139983"><ele>23.82</ele></trkpt>
<trkpt lat="49.5565917" lon="0.2140383"><ele>23.6</ele></trkpt>
<trkpt lat="49.55661499999999" lon="0.21408"><ele>23.44</ele></trkpt>
<trkpt lat="49.5566383" lon="0.2141267"><ele>23.61</ele></trkpt>
<trkpt lat="49.5566633" lon="0.2141583"><ele>23.85</ele></trkpt>
<trkpt lat="49.5566883" lon="0.2141983"><ele>23.69</ele></trkpt>
<trkpt lat="49.5567133" lon="0.2142417"><ele>23.82</ele></trkpt>
<trkpt lat="49.5567383" lon="0.2142833"><ele>24.22</ele></trkpt>
<trkpt lat="49.5567617" lon="0.214325"><ele>24.48</ele></trkpt>
<trkpt lat="49.55678499999999" lon="0.2143667"><ele>25.2</ele></trkpt>
<trkpt lat="49.55680999999999" lon="0.2143983"><ele>25.97</ele></trkpt>
<trkpt lat="49.5568367" lon="0.2144233"><ele>25.88</ele></trkpt>
<trkpt lat="49.5568667" lon="0.2144533"><ele>25.6</ele></trkpt>
<trkpt lat="49.55689499999999" lon="0.2144883"><ele>25.46</ele></trkpt>
<trkpt lat="49.5569133" lon="0.2145217"><ele>25.64</ele></trkpt>
<trkpt lat="49.55691999999999" lon="0.214565"><ele>25.69</ele></trkpt>
<trkpt lat="49.5568967" lon="0.2146117"><ele>25.49</ele></trkpt>
<trkpt lat="49.5568717" lon="0.2146617"><ele>25.01</ele></trkpt>
<trkpt lat="49.5568467" lon="0.2147"><ele>24.86</ele></trkpt>
<trkpt lat="49.55681329999999" lon="0.2147367"><ele>25.09</ele></trkpt>
<trkpt lat="49.5567917" lon="0.2147633"><ele>25.08</ele></trkpt>
<trkpt lat="49.5567683" lon="0.2147933"><ele>25.13</ele></trkpt>
<trkpt lat="49.556745" lon="0.21482"><ele>25.34</ele></trkpt>
<trkpt lat="49.5567267" lon="0.214865"><ele>25.38</ele></trkpt>
<trkpt lat="49.55669999999999" lon="0.2148883"><ele>25.27</ele></trkpt>
<trkpt lat="49.5566717" lon="0.21491"><ele>25</ele></trkpt>
<trkpt lat="49.5566433" lon="0.2149417"><ele>25.12</ele></trkpt>
<trkpt lat="49.5566183" lon="0.21496"><ele>25.42</ele></trkpt>
<trkpt lat="49.5565967" lon="0.2150017"><ele>25.07</ele></trkpt>
<trkpt lat="49.5565783" lon="0.2150333"><ele>24.73</ele></trkpt>
<trkpt lat="49.5565483" lon="0.2150767"><ele>23.97</ele></trkpt>
<trkpt lat="49.5565217" lon="0.2151183"><ele>23.01</ele></trkpt>
<trkpt lat="49.5564933" lon="0.21516"><ele>22.22</ele></trkpt>
<trkpt lat="49.55646669999999" lon="0.215205"><ele>21.93</ele></trkpt>
<trkpt lat="49.5564383" lon="0.2152467"><ele>21.35</ele></trkpt>
<trkpt lat="49.55641" lon="0.2152883"><ele>21.08</ele></trkpt>
<trkpt lat="49.55638669999999" lon="0.215335"><ele>21.03</ele></trkpt>
<trkpt lat="49.5563667" lon="0.2153667"><ele>20.89</ele></trkpt>
<trkpt lat="49.55634" lon="0.2154117"><ele>20.47</ele></trkpt>
<trkpt lat="49.556315" lon="0.21545"><ele>20.59</ele></trkpt>
<trkpt lat="49.5562867" lon="0.2154883"><ele>21</ele></trkpt>
<trkpt lat="49.556265" lon="0.215515"><ele>21.21</ele></trkpt>
<trkpt lat="49.5562367" lon="0.215555"><ele>21.35</ele></trkpt>
<trkpt lat="49.55621" lon="0.2155933"><ele>21.17</ele></trkpt>
<trkpt lat="49.556185" lon="0.2156367"><ele>20.64</ele></trkpt>
<trkpt lat="49.55616500000001" lon="0.21567"><ele>20.56</ele></trkpt>
<trkpt lat="49.5561383" lon="0.2157167"><ele>20.55</ele></trkpt>
<trkpt lat="49.55611499999999" lon="0.2157567"><ele>20.63</ele></trkpt>
<trkpt lat="49.5560917" lon="0.21578"><ele>21.22</ele></trkpt>
<trkpt lat="49.556065" lon="0.2158017"><ele>21.88</ele></trkpt>
<trkpt lat="49.556035" lon="0.2158283"><ele>21.96</ele></trkpt>
<trkpt lat="49.55600330000001" lon="0.2158517"><ele>21.94</ele></trkpt>
<trkpt lat="49.555975" lon="0.2158683"><ele>21.93</ele></trkpt>
<trkpt lat="49.5559517" lon="0.21589"><ele>21.79</ele></trkpt>
<trkpt lat="49.55591999999999" lon="0.2159183"><ele>21.62</ele></trkpt>
<trkpt lat="49.5558833" lon="0.2159117"><ele>21.47</ele></trkpt>
<trkpt lat="49.5558483" lon="0.2159117"><ele>21.17</ele></trkpt>
<trkpt lat="49.5558167" lon="0.215925"><ele>21.06</ele></trkpt>
<trkpt lat="49.555795" lon="0.2159567"><ele>21.1</ele></trkpt>
<trkpt lat="49.555785" lon="0.216005"><ele>21.15</ele></trkpt>
<trkpt lat="49.555775" lon="0.216045"><ele>20.55</ele></trkpt>
<trkpt lat="49.5557617" lon="0.2161083"><ele>21.39</ele></trkpt>
<trkpt lat="49.5557433" lon="0.2161567"><ele>21.69</ele></trkpt>
<trkpt lat="49.555735" lon="0.2162033"><ele>22.08</ele></trkpt>
<trkpt lat="49.555725" lon="0.2162483"><ele>22.16</ele></trkpt>
<trkpt lat="49.555725" lon="0.216295"><ele>22.32</ele></trkpt>
<trkpt lat="49.5557267" lon="0.216355"><ele>22.59</ele></trkpt>
<trkpt lat="49.555725" lon="0.216405"><ele>23.27</ele></trkpt>
<trkpt lat="49.55572000000001" lon="0.2164567"><ele>23.29</ele></trkpt>
<trkpt lat="49.5557167" lon="0.2165"><ele>23.08</ele></trkpt>
<trkpt lat="49.5557133" lon="0.2165417"><ele>23.47</ele></trkpt>
<trkpt lat="49.555715" lon="0.2165967"><ele>24.23</ele></trkpt>
<trkpt lat="49.55571" lon="0.2166483"><ele>24.35</ele></trkpt>
<trkpt lat="49.55571" lon="0.216705"><ele>24.46</ele></trkpt>
<trkpt lat="49.5557133" lon="0.2167467"><ele>24.28</ele></trkpt>
<trkpt lat="49.5557083" lon="0.2167967"><ele>24.19</ele></trkpt>
<trkpt lat="49.5557067" lon="0.21685"><ele>23.54</ele></trkpt>
<trkpt lat="49.5557033" lon="0.2168983"><ele>23.43</ele></trkpt>
<trkpt lat="49.5557017" lon="0.2169483"><ele>23.55</ele></trkpt>
<trkpt lat="49.55569499999999" lon="0.217"><ele>23.65</ele></trkpt>
<trkpt lat="49.5556883" lon="0.2170433"><ele>23.57</ele></trkpt>
<trkpt lat="49.55568" lon="0.2170883"><ele>23.63</ele></trkpt>
<trkpt lat="49.5556733" lon="0.2171317"><ele>23.73</ele></trkpt>
<trkpt lat="49.555665" lon="0.2171817"><ele>23.88</ele></trkpt>
<trkpt lat="49.5556583" lon="0.2172383"><ele>23.95</ele></trkpt>
<trkpt lat="49.5556467" lon="0.2172867"><ele>24.24</ele></trkpt>
<trkpt lat="49.5556283" lon="0.2173417"><ele>24.35</ele></trkpt>
<trkpt lat="49.5556117" lon="0.2173917"><ele>24.29</ele></trkpt>
<trkpt lat="49.555595" lon="0.2174433"><ele>24.19</ele></trkpt>
<trkpt lat="49.55558" lon="0.21748"><ele>24.32</ele></trkpt>
<trkpt lat="49.5555633" lon="0.2175183"><ele>24.59</ele></trkpt>
<trkpt lat="49.555545" lon="0.2175567"><ele>25.16</ele></trkpt>
<trkpt lat="49.5555283" lon="0.21759"><ele>25.66</ele></trkpt>
<trkpt lat="49.5555067" lon="0.2176417"><ele>26.43</ele></trkpt>
<trkpt lat="49.5554983" lon="0.2176967"><ele>27.42000000000001</ele></trkpt>
<trkpt lat="49.55549999999999" lon="0.2177417"><ele>28.26</ele></trkpt>
<trkpt lat="49.5555167" lon="0.2177817"><ele>28.46</ele></trkpt>
<trkpt lat="49.5555383" lon="0.21782"><ele>28.29</ele></trkpt>
<trkpt lat="49.5555633" lon="0.21786"><ele>28.39</ele></trkpt>
<trkpt lat="49.5555883" lon="0.2179017"><ele>28.72</ele></trkpt>
<trkpt lat="49.5556117" lon="0.2179433"><ele>28.83</ele></trkpt>
<trkpt lat="49.5556267" lon="0.2179933"><ele>29.03</ele></trkpt>
<trkpt lat="49.5556467" lon="0.2180433"><ele>28.87</ele></trkpt>
<trkpt lat="49.555665" lon="0.2180817"><ele>28.86</ele></trkpt>
<trkpt lat="49.55567829999999" lon="0.21812"><ele>28.93</ele></trkpt>
<trkpt lat="49.5556933" lon="0.218155"><ele>29.28</ele></trkpt>
<trkpt lat="49.55571170000001" lon="0.2182083"><ele>29.8</ele></trkpt>
<trkpt lat="49.55572000000001" lon="0.2182483"><ele>30.77</ele></trkpt>
<trkpt lat="49.5557367" lon="0.2183033"><ele>31.34</ele></trkpt>
<trkpt lat="49.5557567" lon="0.218355"><ele>31.77</ele></trkpt>
<trkpt lat="49.5557667" lon="0.2183967"><ele>31.67</ele></trkpt>
<trkpt lat="49.5557767" lon="0.2184417"><ele>32.04</ele></trkpt>
<trkpt lat="49.55579" lon="0.218485"><ele>32.09</ele></trkpt>
<trkpt lat="49.5558" lon="0.2185367"><ele>32.6</ele></trkpt>
<trkpt lat="49.5558133" lon="0.2185933"><ele>33.11</ele></trkpt>
<trkpt lat="49.555825" lon="0.2186317"><ele>33.32</ele></trkpt>
<trkpt lat="49.5558233" lon="0.2186783"><ele>33.26</ele></trkpt>
<trkpt lat="49.5558233" lon="0.218725"><ele>33.19</ele></trkpt>
<trkpt lat="49.55583000000001" lon="0.218785"><ele>33.04</ele></trkpt>
<trkpt lat="49.55583169999999" lon="0.2188267"><ele>33.06</ele></trkpt>
<trkpt lat="49.55583330000001" lon="0.2188683"><ele>33.22</ele></trkpt>
<trkpt lat="49.55584" lon="0.2189217"><ele>33.45</ele></trkpt>
<trkpt lat="49.555845" lon="0.2189767"><ele>33.52</ele></trkpt>
<trkpt lat="49.555855" lon="0.2190267"><ele>33.62</ele></trkpt>
<trkpt lat="49.55586499999999" lon="0.2190767"><ele>33.5</ele></trkpt>
<trkpt lat="49.5558783" lon="0.2191317"><ele>32.92</ele></trkpt>
<trkpt lat="49.555895" lon="0.2191883"><ele>32.7</ele></trkpt>
<trkpt lat="49.55590670000001" lon="0.2192317"><ele>33.53</ele></trkpt>
<trkpt lat="49.5559217" lon="0.2192733"><ele>33.97</ele></trkpt>
<trkpt lat="49.5559383" lon="0.219315"><ele>34.37</ele></trkpt>
<trkpt lat="49.55595329999999" lon="0.2193583"><ele>35.33</ele></trkpt>
<trkpt lat="49.55597000000001" lon="0.2193967"><ele>36.48</ele></trkpt>
<trkpt lat="49.5559883" lon="0.2194333"><ele>37.45</ele></trkpt>
<trkpt lat="49.55600499999999" lon="0.2194717"><ele>38.21</ele></trkpt>
<trkpt lat="49.5560233" lon="0.2195083"><ele>38.83</ele></trkpt>
<trkpt lat="49.55603829999999" lon="0.2195433"><ele>39.2</ele></trkpt>
<trkpt lat="49.5560567" lon="0.219575"><ele>39.58</ele></trkpt>
<trkpt lat="49.55607670000001" lon="0.21961"><ele>39.88</ele></trkpt>
<trkpt lat="49.5560933" lon="0.2196433"><ele>40.2</ele></trkpt>
<trkpt lat="49.5561117" lon="0.2196967"><ele>40.49</ele></trkpt>
<trkpt lat="49.5561283" lon="0.2197517"><ele>40.89</ele></trkpt>
<trkpt lat="49.5561483" lon="0.2198033"><ele>40.86</ele></trkpt>
<trkpt lat="49.5561733" lon="0.2198217"><ele>40.86</ele></trkpt>
<trkpt lat="49.556185" lon="0.2198717"><ele>39.31</ele></trkpt>
<trkpt lat="49.5562017" lon="0.2199067"><ele>39.1</ele></trkpt>
<trkpt lat="49.5562267" lon="0.2199517"><ele>38.89</ele></trkpt>
<trkpt lat="49.55625000000001" lon="0.22"><ele>38.76</ele></trkpt>
<trkpt lat="49.5562683" lon="0.220035"><ele>38.69</ele></trkpt>
<trkpt lat="49.5562833" lon="0.22007"><ele>38.75</ele></trkpt>
<trkpt lat="49.55630499999999" lon="0.220125"><ele>38.93</ele></trkpt>
<trkpt lat="49.5563217" lon="0.2201633"><ele>39.28</ele></trkpt>
<trkpt lat="49.5563417" lon="0.2202017"><ele>39.58</ele></trkpt>
<trkpt lat="49.55636" lon="0.2202383"><ele>39.97</ele></trkpt>
<trkpt lat="49.5563767" lon="0.2202767"><ele>40.44</ele></trkpt>
<trkpt lat="49.5563917" lon="0.2203183"><ele>40.8</ele></trkpt>
<trkpt lat="49.55641" lon="0.2203733"><ele>40.98</ele></trkpt>
<trkpt lat="49.5564267" lon="0.22041"><ele>40.89</ele></trkpt>
<trkpt lat="49.556445" lon="0.2204483"><ele>40.63</ele></trkpt>
<trkpt lat="49.5564617" lon="0.2204833"><ele>40.47</ele></trkpt>
<trkpt lat="49.5564767" lon="0.2205183"><ele>40.62</ele></trkpt>
<trkpt lat="49.55649170000001" lon="0.220555"><ele>40.73</ele></trkpt>
<trkpt lat="49.55651" lon="0.2206083"><ele>40.74</ele></trkpt>
<trkpt lat="49.55652500000001" lon="0.2206467"><ele>40.92</ele></trkpt>
<trkpt lat="49.55654" lon="0.2206833"><ele>41.21</ele></trkpt>
<trkpt lat="49.5565583" lon="0.2207333"><ele>41.68</ele></trkpt>
<trkpt lat="49.55657670000001" lon="0.2207817"><ele>41.87</ele></trkpt>
<trkpt lat="49.55660170000001" lon="0.2208317"><ele>42</ele></trkpt>
<trkpt lat="49.55662329999999" lon="0.2208783"><ele>42.41</ele></trkpt>
<trkpt lat="49.55664829999999" lon="0.2209233"><ele>42.46</ele></trkpt>
<trkpt lat="49.5566683" lon="0.2209567"><ele>42.37</ele></trkpt>
<trkpt lat="49.55669000000001" lon="0.2209917"><ele>42.27</ele></trkpt>
<trkpt lat="49.55671" lon="0.2210267"><ele>42.51</ele></trkpt>
<trkpt lat="49.5567317" lon="0.2210583"><ele>42.48</ele></trkpt>
<trkpt lat="49.5567567" lon="0.2210883"><ele>42.71</ele></trkpt>
<trkpt lat="49.5567817" lon="0.2211183"><ele>42.82</ele></trkpt>
<trkpt lat="49.5568067" lon="0.2211417"><ele>43.18</ele></trkpt>
<trkpt lat="49.5568317" lon="0.2211633"><ele>43.5</ele></trkpt>
<trkpt lat="49.5568667" lon="0.2211867"><ele>43.65</ele></trkpt>
<trkpt lat="49.55689" lon="0.2212083"><ele>43.82</ele></trkpt>
<trkpt lat="49.5569217" lon="0.2212317"><ele>44.21</ele></trkpt>
<trkpt lat="49.5569517" lon="0.2212567"><ele>44.68</ele></trkpt>
<trkpt lat="49.55698329999999" lon="0.2212817"><ele>45.27</ele></trkpt>
<trkpt lat="49.55701" lon="0.2212983"><ele>45.51</ele></trkpt>
<trkpt lat="49.5570383" lon="0.2213167"><ele>45.88</ele></trkpt>
<trkpt lat="49.5570633" lon="0.2213367"><ele>46.34</ele></trkpt>
<trkpt lat="49.55709329999999" lon="0.2213667"><ele>46.97</ele></trkpt>
<trkpt lat="49.5571167" lon="0.2213933"><ele>47.64</ele></trkpt>
<trkpt lat="49.55714499999999" lon="0.22143"><ele>48.29</ele></trkpt>
<trkpt lat="49.557175" lon="0.2214667"><ele>48.42</ele></trkpt>
<trkpt lat="49.557205" lon="0.2215083"><ele>48.71999999999999</ele></trkpt>
<trkpt lat="49.557225" lon="0.2215383"><ele>49.01</ele></trkpt>
<trkpt lat="49.5572417" lon="0.2215767"><ele>49.53999999999999</ele></trkpt>
<trkpt lat="49.55726" lon="0.2216267"><ele>50.01</ele></trkpt>
<trkpt lat="49.5572783" lon="0.22167"><ele>50.03</ele></trkpt>
<trkpt lat="49.557295" lon="0.2217167"><ele>50.13</ele></trkpt>
<trkpt lat="49.55732" lon="0.2217633"><ele>51.03</ele></trkpt>
<trkpt lat="49.557345" lon="0.2218017"><ele>51.93000000000001</ele></trkpt>
<trkpt lat="49.55736829999999" lon="0.22184"><ele>52.48</ele></trkpt>
<trkpt lat="49.5573867" lon="0.221875"><ele>53.07999999999999</ele></trkpt>
<trkpt lat="49.5574083" lon="0.2219083"><ele>53.68</ele></trkpt>
<trkpt lat="49.5574317" lon="0.2219533"><ele>54.1</ele></trkpt>
<trkpt lat="49.5574467" lon="0.2219917"><ele>54.36</ele></trkpt>
<trkpt lat="49.5574633" lon="0.2220333"><ele>54.81</ele></trkpt>
<trkpt lat="49.5574883" lon="0.222065"><ele>54.86</ele></trkpt>
<trkpt lat="49.55750499999999" lon="0.222115"><ele>54.64999999999999</ele></trkpt>
<trkpt lat="49.5575167" lon="0.2221717"><ele>54.92</ele></trkpt>
<trkpt lat="49.55753829999999" lon="0.2222067"><ele>55.41</ele></trkpt>
<trkpt lat="49.557565" lon="0.2222467"><ele>55.62</ele></trkpt>
<trkpt lat="49.5575917" lon="0.2222783"><ele>55.82</ele></trkpt>
<trkpt lat="49.5576217" lon="0.222305"><ele>56.23</ele></trkpt>
<trkpt lat="49.557655" lon="0.22233"><ele>56.54</ele></trkpt>
<trkpt lat="49.5576833" lon="0.22235"><ele>56.64999999999999</ele></trkpt>
<trkpt lat="49.55771670000001" lon="0.2223783"><ele>56.63</ele></trkpt>
<trkpt lat="49.5577483" lon="0.222405"><ele>56.75</ele></trkpt>
<trkpt lat="49.557775" lon="0.222435"><ele>56.95</ele></trkpt>
<trkpt lat="49.5578083" lon="0.222465"><ele>56.77000000000001</ele></trkpt>
<trkpt lat="49.5578433" lon="0.2224883"><ele>56.85</ele></trkpt>
<trkpt lat="49.5578817" lon="0.2225067"><ele>56.88</ele></trkpt>
<trkpt lat="49.55791500000001" lon="0.2225283"><ele>56.35</ele></trkpt>
<trkpt lat="49.55794999999999" lon="0.2225483"><ele>55.91</ele></trkpt>
<trkpt lat="49.55798" lon="0.2225833"><ele>55.24</ele></trkpt>
<trkpt lat="49.5580067" lon="0.2226167"><ele>54.96</ele></trkpt>
<trkpt lat="49.55803829999999" lon="0.2226517"><ele>54.50999999999999</ele></trkpt>
<trkpt lat="49.55807" lon="0.2226833"><ele>54.28999999999999</ele></trkpt>
<trkpt lat="49.558095" lon="0.2227033"><ele>54.19</ele></trkpt>
<trkpt lat="49.55813" lon="0.22273"><ele>54.49</ele></trkpt>
<trkpt lat="49.5581633" lon="0.2227583"><ele>54.7</ele></trkpt>
<trkpt lat="49.5581967" lon="0.22279"><ele>55.07999999999999</ele></trkpt>
<trkpt lat="49.5582317" lon="0.2228233"><ele>55.67</ele></trkpt>
<trkpt lat="49.558255" lon="0.2228467"><ele>55.84000000000001</ele></trkpt>
<trkpt lat="49.5582867" lon="0.2228817"><ele>55.68</ele></trkpt>
<trkpt lat="49.558315" lon="0.2229167"><ele>55.85</ele></trkpt>
<trkpt lat="49.5583467" lon="0.2229517"><ele>55.79000000000001</ele></trkpt>
<trkpt lat="49.5583767" lon="0.2229867"><ele>55.99</ele></trkpt>
<trkpt lat="49.5584083" lon="0.22302"><ele>56.29</ele></trkpt>
<trkpt lat="49.558435" lon="0.223055"><ele>56.21</ele></trkpt>
<trkpt lat="49.5584633" lon="0.22309"><ele>55.89999999999999</ele></trkpt>
<trkpt lat="49.5584917" lon="0.2231233"><ele>55.77</ele></trkpt>
<trkpt lat="49.5585133" lon="0.2231483"><ele>55.69</ele></trkpt>
<trkpt lat="49.5585367" lon="0.2231717"><ele>55.75</ele></trkpt>
<trkpt lat="49.5585733" lon="0.2231967"><ele>55.54000000000001</ele></trkpt>
<trkpt lat="49.558605" lon="0.2232267"><ele>56.00999999999999</ele></trkpt>
<trkpt lat="49.55863" lon="0.22325"><ele>56.05</ele></trkpt>
<trkpt lat="49.558665" lon="0.2232783"><ele>55.89</ele></trkpt>
<trkpt lat="49.55869830000001" lon="0.2233067"><ele>55.98</ele></trkpt>
<trkpt lat="49.55872830000001" lon="0.223335"><ele>55.89</ele></trkpt>
<trkpt lat="49.55875829999999" lon="0.2233667"><ele>55.41</ele></trkpt>
<trkpt lat="49.55879" lon="0.223395"><ele>55.19</ele></trkpt>
<trkpt lat="49.55882" lon="0.2234217"><ele>54.98</ele></trkpt>
<trkpt lat="49.5588517" lon="0.2234483"><ele>54.96</ele></trkpt>
<trkpt lat="49.5588867" lon="0.2234733"><ele>54.79000000000001</ele></trkpt>
<trkpt lat="49.55891999999999" lon="0.2235033"><ele>54.34</ele></trkpt>
<trkpt lat="49.55895330000001" lon="0.2235233"><ele>53.8</ele></trkpt>
<trkpt lat="49.55897999999999" lon="0.2235483"><ele>53.69</ele></trkpt>
<trkpt lat="49.5589517" lon="0.223555"><ele>53.45</ele></trkpt>
<trkpt lat="49.55897999999999" lon="0.2235467"><ele>55.59000000000001</ele></trkpt>
<trkpt lat="49.55901" lon="0.223555"><ele>55.95</ele></trkpt>
<trkpt lat="49.55904670000001" lon="0.22356"><ele>55.53</ele></trkpt>
<trkpt lat="49.5590783" lon="0.223575"><ele>55.3</ele></trkpt>
<trkpt lat="49.5591117" lon="0.223585"><ele>54.93</ele></trkpt>
<trkpt lat="49.559145" lon="0.2235833"><ele>54.5</ele></trkpt>
<trkpt lat="49.5591817" lon="0.2235933"><ele>54.00999999999999</ele></trkpt>
<trkpt lat="49.55921670000001" lon="0.22361"><ele>53.11000000000001</ele></trkpt>
<trkpt lat="49.5592467" lon="0.2236317"><ele>52.51</ele></trkpt>
<trkpt lat="49.5592783" lon="0.2236483"><ele>52.23</ele></trkpt>
<trkpt lat="49.55931" lon="0.2236667"><ele>52.1</ele></trkpt>
<trkpt lat="49.5593417" lon="0.22369"><ele>52.5</ele></trkpt>
<trkpt lat="49.5593767" lon="0.223705"><ele>52.37</ele></trkpt>
<trkpt lat="49.55941" lon="0.2237317"><ele>52.05</ele></trkpt>
<trkpt lat="49.5594433" lon="0.2237583"><ele>52.05</ele></trkpt>
<trkpt lat="49.5594717" lon="0.2237717"><ele>52.12</ele></trkpt>
<trkpt lat="49.5595067" lon="0.2237933"><ele>51.66</ele></trkpt>
<trkpt lat="49.5595417" lon="0.2238167"><ele>50.76</ele></trkpt>
<trkpt lat="49.5595667" lon="0.2238333"><ele>50.27</ele></trkpt>
<trkpt lat="49.5595933" lon="0.22385"><ele>49.77</ele></trkpt>
<trkpt lat="49.5596183" lon="0.2238667"><ele>49.42999999999999</ele></trkpt>
<trkpt lat="49.5596533" lon="0.2238883"><ele>49.1</ele></trkpt>
<trkpt lat="49.55968" lon="0.223905"><ele>49.03999999999999</ele></trkpt>
<trkpt lat="49.5597133" lon="0.2239267"><ele>48.96</ele></trkpt>
<trkpt lat="49.559745" lon="0.223945"><ele>48.85999999999999</ele></trkpt>
<trkpt lat="49.55977170000001" lon="0.2239633"><ele>48.95</ele></trkpt>
<trkpt lat="49.559805" lon="0.2239867"><ele>49.12</ele></trkpt>
<trkpt lat="49.5598333" lon="0.2240033"><ele>49.08</ele></trkpt>
<trkpt lat="49.559865" lon="0.22403"><ele>48.46999999999999</ele></trkpt>
<trkpt lat="49.5598933" lon="0.2240567"><ele>47.48</ele></trkpt>
<trkpt lat="49.55992330000001" lon="0.2240817"><ele>46.63</ele></trkpt>
<trkpt lat="49.5599567" lon="0.2241017"><ele>45.95</ele></trkpt>
<trkpt lat="49.55999" lon="0.2241283"><ele>45.25</ele></trkpt>
<trkpt lat="49.56002170000001" lon="0.2241617"><ele>44.8</ele></trkpt>
<trkpt lat="49.5600517" lon="0.2241933"><ele>44.66</ele></trkpt>
<trkpt lat="49.56008499999999" lon="0.2242183"><ele>44.47</ele></trkpt>
<trkpt lat="49.56011830000001" lon="0.224245"><ele>44.18</ele></trkpt>
<trkpt lat="49.56014499999999" lon="0.22426"><ele>43.88</ele></trkpt>
<trkpt lat="49.56016999999999" lon="0.22428"><ele>43.51</ele></trkpt>
<trkpt lat="49.5601933" lon="0.2243017"><ele>43.32</ele></trkpt>
<trkpt lat="49.560225" lon="0.2243317"><ele>42.91</ele></trkpt>
<trkpt lat="49.5602533" lon="0.2243617"><ele>42.48</ele></trkpt>
<trkpt lat="49.560285" lon="0.2243917"><ele>42.62</ele></trkpt>
<trkpt lat="49.5603167" lon="0.2244267"><ele>42.79</ele></trkpt>
<trkpt lat="49.56033999999999" lon="0.22445"><ele>43.01</ele></trkpt>
<trkpt lat="49.5603633" lon="0.2244717"><ele>43.21</ele></trkpt>
<trkpt lat="49.5603967" lon="0.224505"><ele>43.47</ele></trkpt>
<trkpt lat="49.56041999999999" lon="0.2245283"><ele>43.27</ele></trkpt>
<trkpt lat="49.5604433" lon="0.2245533"><ele>43.09</ele></trkpt>
<trkpt lat="49.56046670000001" lon="0.224575"><ele>43.06</ele></trkpt>
<trkpt lat="49.5605" lon="0.224605"><ele>42.84</ele></trkpt>
<trkpt lat="49.5605267" lon="0.22462"><ele>42.67</ele></trkpt>
<trkpt lat="49.56055500000001" lon="0.2246267"><ele>42.72</ele></trkpt>
<trkpt lat="49.5605917" lon="0.2246333"><ele>43.36</ele></trkpt>
<trkpt lat="49.5606267" lon="0.2246483"><ele>43.61</ele></trkpt>
<trkpt lat="49.560655" lon="0.2246683"><ele>43.84</ele></trkpt>
<trkpt lat="49.5606817" lon="0.2246867"><ele>43.5</ele></trkpt>
<trkpt lat="49.5607083" lon="0.2246967"><ele>43.18</ele></trkpt>
<trkpt lat="49.5607333" lon="0.224725"><ele>42.76</ele></trkpt>
<trkpt lat="49.5607617" lon="0.2247167"><ele>42.56</ele></trkpt>
<trkpt lat="49.5607933" lon="0.22471"><ele>42.35</ele></trkpt>
<trkpt lat="49.5608167" lon="0.2246767"><ele>42.09</ele></trkpt>
<trkpt lat="49.56083999999999" lon="0.224655"><ele>41.34</ele></trkpt>
<trkpt lat="49.5608667" lon="0.224635"><ele>40.64</ele></trkpt>
<trkpt lat="49.5608967" lon="0.22463"><ele>39.69</ele></trkpt>
<trkpt lat="49.5609183" lon="0.2246017"><ele>39.37</ele></trkpt>
<trkpt lat="49.56094" lon="0.2245683"><ele>39.26</ele></trkpt>
<trkpt lat="49.560965" lon="0.2245233"><ele>38.99</ele></trkpt>
<trkpt lat="49.5609833" lon="0.2244917"><ele>38.77</ele></trkpt>
<trkpt lat="49.56100169999999" lon="0.22446"><ele>38.59</ele></trkpt>
<trkpt lat="49.56102669999999" lon="0.2244167"><ele>38.13</ele></trkpt>
<trkpt lat="49.56105" lon="0.2243767"><ele>37.54</ele></trkpt>
<trkpt lat="49.561075" lon="0.2243367"><ele>37.01</ele></trkpt>
<trkpt lat="49.56109829999999" lon="0.2242983"><ele>36.79</ele></trkpt>
<trkpt lat="49.56112329999999" lon="0.2242583"><ele>36.66</ele></trkpt>
<trkpt lat="49.5611467" lon="0.22422"><ele>36.72</ele></trkpt>
<trkpt lat="49.5611683" lon="0.2241867"><ele>36.91</ele></trkpt>
<trkpt lat="49.5611933" lon="0.22415"><ele>37.14</ele></trkpt>
<trkpt lat="49.5612217" lon="0.2241133"><ele>36.98</ele></trkpt>
<trkpt lat="49.561245" lon="0.2240767"><ele>36.86</ele></trkpt>
<trkpt lat="49.5612733" lon="0.22404"><ele>36.69</ele></trkpt>
<trkpt lat="49.5612983" lon="0.22401"><ele>36.65</ele></trkpt>
<trkpt lat="49.5613233" lon="0.2239817"><ele>36.39</ele></trkpt>
<trkpt lat="49.5613483" lon="0.2239467"><ele>36.09</ele></trkpt>
<trkpt lat="49.5613767" lon="0.2239267"><ele>34.91</ele></trkpt>
<trkpt lat="49.56139499999999" lon="0.223895"><ele>34.85</ele></trkpt>
<trkpt lat="49.5614083" lon="0.2238483"><ele>34.76</ele></trkpt>
<trkpt lat="49.561425" lon="0.2238033"><ele>34.68</ele></trkpt>
<trkpt lat="49.5614433" lon="0.2237633"><ele>34.75</ele></trkpt>
<trkpt lat="49.5614683" lon="0.22373"><ele>34.66</ele></trkpt>
<trkpt lat="49.56149670000001" lon="0.2236967"><ele>34.81</ele></trkpt>
<trkpt lat="49.5615283" lon="0.2236667"><ele>35.19</ele></trkpt>
<trkpt lat="49.5615633" lon="0.2236717"><ele>35.77</ele></trkpt>
<trkpt lat="49.5615917" lon="0.2236667"><ele>35.62</ele></trkpt>
<trkpt lat="49.5616133" lon="0.2236333"><ele>35.39</ele></trkpt>
<trkpt lat="49.5616417" lon="0.2236083"><ele>35.28</ele></trkpt>
<trkpt lat="49.5616733" lon="0.22358"><ele>35.08</ele></trkpt>
<trkpt lat="49.56171" lon="0.2235583"><ele>35.23</ele></trkpt>
<trkpt lat="49.561735" lon="0.22354"><ele>35.64</ele></trkpt>
<trkpt lat="49.5617617" lon="0.2235233"><ele>35.83</ele></trkpt>
<trkpt lat="49.5617917" lon="0.22351"><ele>35.87</ele></trkpt>
<trkpt lat="49.56183" lon="0.2234983"><ele>35.69</ele></trkpt>
<trkpt lat="49.5618633" lon="0.2234867"><ele>35.56</ele></trkpt>
<trkpt lat="49.5619017" lon="0.2234767"><ele>35.3</ele></trkpt>
<trkpt lat="49.561935" lon="0.2234633"><ele>34.8</ele></trkpt>
<trkpt lat="49.56197000000001" lon="0.22345"><ele>34.75</ele></trkpt>
<trkpt lat="49.5620017" lon="0.223435"><ele>34.61</ele></trkpt>
<trkpt lat="49.5620383" lon="0.2234283"><ele>34.13</ele></trkpt>
<trkpt lat="49.562075" lon="0.2234183"><ele>33.68</ele></trkpt>
<trkpt lat="49.5621117" lon="0.2234233"><ele>33.81</ele></trkpt>
<trkpt lat="49.5621517" lon="0.22342"><ele>33.62</ele></trkpt>
<trkpt lat="49.56218" lon="0.2234233"><ele>33.39</ele></trkpt>
<trkpt lat="49.56221" lon="0.223425"><ele>33.26</ele></trkpt>
<trkpt lat="49.56224" lon="0.223425"><ele>33.16</ele></trkpt>
<trkpt lat="49.5622683" lon="0.2234283"><ele>33.2</ele></trkpt>
<trkpt lat="49.56230170000001" lon="0.2234283"><ele>33.74</ele></trkpt>
<trkpt lat="49.5623417" lon="0.2234333"><ele>34.45</ele></trkpt>
<trkpt lat="49.5623733" lon="0.223445"><ele>34.93</ele></trkpt>
<trkpt lat="49.5624" lon="0.2234633"><ele>35.36</ele></trkpt>
<trkpt lat="49.5624333" lon="0.2234833"><ele>35.48</ele></trkpt>
<trkpt lat="49.5624733" lon="0.2234933"><ele>35.35</ele></trkpt>
<trkpt lat="49.56250499999999" lon="0.2234983"><ele>35.35</ele></trkpt>
<trkpt lat="49.56253829999999" lon="0.2235083"><ele>35.35</ele></trkpt>
<trkpt lat="49.5625683" lon="0.223515"><ele>35.26</ele></trkpt>
<trkpt lat="49.5626017" lon="0.22353"><ele>35.27</ele></trkpt>
<trkpt lat="49.56263670000001" lon="0.2235467"><ele>35.41</ele></trkpt>
<trkpt lat="49.56267" lon="0.2235733"><ele>35.96</ele></trkpt>
<trkpt lat="49.562705" lon="0.2235917"><ele>35.86</ele></trkpt>
<trkpt lat="49.5627417" lon="0.22361"><ele>35.73</ele></trkpt>
<trkpt lat="49.56278" lon="0.2236167"><ele>35.3</ele></trkpt>
<trkpt lat="49.5628183" lon="0.2236317"><ele>34.89</ele></trkpt>
<trkpt lat="49.562855" lon="0.2236483"><ele>34.82</ele></trkpt>
<trkpt lat="49.5628917" lon="0.2236633"><ele>34.91</ele></trkpt>
<trkpt lat="49.562925" lon="0.2236883"><ele>34.34</ele></trkpt>
<trkpt lat="49.56295829999999" lon="0.22371"><ele>33.85</ele></trkpt>
<trkpt lat="49.562995" lon="0.2237233"><ele>33.82</ele></trkpt>
<trkpt lat="49.56303330000001" lon="0.2237333"><ele>33.85</ele></trkpt>
<trkpt lat="49.5630733" lon="0.2237367"><ele>33.69</ele></trkpt>
<trkpt lat="49.5631" lon="0.223745"><ele>33.58</ele></trkpt>
<trkpt lat="49.56313" lon="0.2237833"><ele>33.62</ele></trkpt>
<trkpt lat="49.5631583" lon="0.2238167"><ele>33.51</ele></trkpt>
<trkpt lat="49.563185" lon="0.22383"><ele>33.54</ele></trkpt>
<trkpt lat="49.5632117" lon="0.2238433"><ele>33.87</ele></trkpt>
<trkpt lat="49.5632367" lon="0.2238633"><ele>34.14</ele></trkpt>
<trkpt lat="49.56327170000001" lon="0.2238783"><ele>34.58</ele></trkpt>
<trkpt lat="49.5633083" lon="0.2238883"><ele>34.64</ele></trkpt>
<trkpt lat="49.5633383" lon="0.2238967"><ele>34.48</ele></trkpt>
<trkpt lat="49.5633617" lon="0.2239217"><ele>34.33</ele></trkpt>
<trkpt lat="49.5633883" lon="0.2239667"><ele>34.19</ele></trkpt>
<trkpt lat="49.56341" lon="0.2239933"><ele>34.31</ele></trkpt>
<trkpt lat="49.5634333" lon="0.2240167"><ele>34.51</ele></trkpt>
<trkpt lat="49.5634633" lon="0.2240283"><ele>35.02</ele></trkpt>
<trkpt lat="49.5634917" lon="0.2240483"><ele>35.39</ele></trkpt>
<trkpt lat="49.5635267" lon="0.224085"><ele>35.89</ele></trkpt>
<trkpt lat="49.5635533" lon="0.224115"><ele>36.17</ele></trkpt>
<trkpt lat="49.5635783" lon="0.2241433"><ele>36.24</ele></trkpt>
<trkpt lat="49.5636" lon="0.2241733"><ele>36.16</ele></trkpt>
<trkpt lat="49.56363" lon="0.2242117"><ele>36.22</ele></trkpt>
<trkpt lat="49.5636517" lon="0.2242383"><ele>36.32</ele></trkpt>
<trkpt lat="49.5636717" lon="0.2242683"><ele>36.34</ele></trkpt>
<trkpt lat="49.56369" lon="0.2243033"><ele>36.26</ele></trkpt>
<trkpt lat="49.5637183" lon="0.22435"><ele>36.67</ele></trkpt>
<trkpt lat="49.5637417" lon="0.22438"><ele>37.31</ele></trkpt>
<trkpt lat="49.56376" lon="0.2244117"><ele>37.76</ele></trkpt>
<trkpt lat="49.5637917" lon="0.2244233"><ele>37.46</ele></trkpt>
<trkpt lat="49.56381829999999" lon="0.224395"><ele>37.38</ele></trkpt>
<trkpt lat="49.56384329999999" lon="0.2243483"><ele>37.35</ele></trkpt>
<trkpt lat="49.56386" lon="0.2243"><ele>36.95</ele></trkpt>
<trkpt lat="49.56388170000001" lon="0.2242517"><ele>36.38</ele></trkpt>
<trkpt lat="49.56391" lon="0.2242067"><ele>36.09</ele></trkpt>
<trkpt lat="49.56393" lon="0.2241733"><ele>35.52</ele></trkpt>
<trkpt lat="49.56395000000001" lon="0.224125"><ele>34.15</ele></trkpt>
<trkpt lat="49.5639683" lon="0.2240817"><ele>33.27</ele></trkpt>
<trkpt lat="49.563985" lon="0.2240433"><ele>32.47</ele></trkpt>
<trkpt lat="49.56401" lon="0.2240183"><ele>32</ele></trkpt>
<trkpt lat="49.56404" lon="0.22402"><ele>31.79</ele></trkpt>
<trkpt lat="49.56407329999999" lon="0.2240183"><ele>31.13</ele></trkpt>
<trkpt lat="49.56411169999999" lon="0.2240067"><ele>31.05</ele></trkpt>
<trkpt lat="49.5641383" lon="0.224"><ele>31.37</ele></trkpt>
<trkpt lat="49.56417499999999" lon="0.224"><ele>31.9</ele></trkpt>
<trkpt lat="49.56420829999999" lon="0.224005"><ele>32.52</ele></trkpt>
<trkpt lat="49.564235" lon="0.2240117"><ele>32.98</ele></trkpt>
<trkpt lat="49.56427" lon="0.224025"><ele>33.23</ele></trkpt>
<trkpt lat="49.564305" lon="0.224035"><ele>33.18</ele></trkpt>
<trkpt lat="49.5643433" lon="0.2240483"><ele>32.89</ele></trkpt>
<trkpt lat="49.56437329999999" lon="0.2240533"><ele>33.01</ele></trkpt>
<trkpt lat="49.56441170000001" lon="0.22406"><ele>33.16</ele></trkpt>
<trkpt lat="49.5644383" lon="0.2240667"><ele>33.01</ele></trkpt>
<trkpt lat="49.5644767" lon="0.2240733"><ele>32.62</ele></trkpt>
<trkpt lat="49.5645167" lon="0.22408"><ele>32.39</ele></trkpt>
<trkpt lat="49.5645583" lon="0.224085"><ele>31.73999999999999</ele></trkpt>
<trkpt lat="49.5645867" lon="0.2240883"><ele>31.4</ele></trkpt>
<trkpt lat="49.5646267" lon="0.2240917"><ele>31.35</ele></trkpt>
<trkpt lat="49.5646667" lon="0.2240983"><ele>31.18</ele></trkpt>
<trkpt lat="49.5646933" lon="0.2241067"><ele>30.92</ele></trkpt>
<trkpt lat="49.5647317" lon="0.224115"><ele>30.98999999999999</ele></trkpt>
<trkpt lat="49.56477170000001" lon="0.2241233"><ele>31.75</ele></trkpt>
<trkpt lat="49.5648017" lon="0.2241283"><ele>31.84</ele></trkpt>
<trkpt lat="49.5648283" lon="0.224135"><ele>31.68</ele></trkpt>
<trkpt lat="49.56485670000001" lon="0.22414"><ele>31.56</ele></trkpt>
<trkpt lat="49.564885" lon="0.2241417"><ele>31.55</ele></trkpt>
<trkpt lat="49.5649233" lon="0.2241433"><ele>31.27</ele></trkpt>
<trkpt lat="49.5649633" lon="0.2241533"><ele>31.01</ele></trkpt>
<trkpt lat="49.5650017" lon="0.2241683"><ele>30.17</ele></trkpt>
<trkpt lat="49.5650283" lon="0.2241767"><ele>29.73</ele></trkpt>
<trkpt lat="49.5650583" lon="0.2241983"><ele>29.55</ele></trkpt>
<trkpt lat="49.5650717" lon="0.22425"><ele>29.1</ele></trkpt>
<trkpt lat="49.56509" lon="0.2242967"><ele>29.21</ele></trkpt>
<trkpt lat="49.56511500000001" lon="0.2243383"><ele>29.75</ele></trkpt>
<trkpt lat="49.5651367" lon="0.2243767"><ele>30.16</ele></trkpt>
<trkpt lat="49.565155" lon="0.2244217"><ele>30.26</ele></trkpt>
<trkpt lat="49.56516999999999" lon="0.224465"><ele>30.55</ele></trkpt>
<trkpt lat="49.5651833" lon="0.2245083"><ele>30.73</ele></trkpt>
<trkpt lat="49.5652017" lon="0.2245467"><ele>31.18</ele></trkpt>
<trkpt lat="49.5652183" lon="0.2245817"><ele>31.65</ele></trkpt>
<trkpt lat="49.565235" lon="0.224625"><ele>32.29</ele></trkpt>
<trkpt lat="49.56525499999999" lon="0.2246733"><ele>32.7</ele></trkpt>
<trkpt lat="49.5652733" lon="0.224715"><ele>32.89</ele></trkpt>
<trkpt lat="49.56528830000001" lon="0.22476"><ele>33.24</ele></trkpt>
<trkpt lat="49.56530500000001" lon="0.2248083"><ele>33.31</ele></trkpt>
<trkpt lat="49.5653233" lon="0.2248583"><ele>33.79</ele></trkpt>
<trkpt lat="49.5653383" lon="0.2249017"><ele>34.01</ele></trkpt>
<trkpt lat="49.5653517" lon="0.2249533"><ele>34.37</ele></trkpt>
<trkpt lat="49.56537" lon="0.225005"><ele>34.96</ele></trkpt>
<trkpt lat="49.5653833" lon="0.225055"><ele>35.43</ele></trkpt>
<trkpt lat="49.565395" lon="0.2251117"><ele>35.44</ele></trkpt>
<trkpt lat="49.5654083" lon="0.22516"><ele>35.42</ele></trkpt>
<trkpt lat="49.56542" lon="0.2252083"><ele>36.21</ele></trkpt>
<trkpt lat="49.565435" lon="0.22525"><ele>37.33</ele></trkpt>
<trkpt lat="49.56546" lon="0.225275"><ele>37.53</ele></trkpt>
<trkpt lat="49.5654833" lon="0.225315"><ele>37.94</ele></trkpt>
<trkpt lat="49.56550169999999" lon="0.22537"><ele>37.85</ele></trkpt>
<trkpt lat="49.56551" lon="0.225415"><ele>37.49</ele></trkpt>
<trkpt lat="49.56552" lon="0.2254633"><ele>37.28</ele></trkpt>
<trkpt lat="49.56552670000001" lon="0.2255117"><ele>37.59</ele></trkpt>
<trkpt lat="49.5655417" lon="0.225555"><ele>37.84</ele></trkpt>
<trkpt lat="49.56556330000001" lon="0.2255883"><ele>37.84</ele></trkpt>
<trkpt lat="49.56558669999999" lon="0.2256317"><ele>37.75</ele></trkpt>
<trkpt lat="49.565605" lon="0.2256817"><ele>37.51</ele></trkpt>
<trkpt lat="49.56562330000001" lon="0.225725"><ele>37.26</ele></trkpt>
<trkpt lat="49.56564000000001" lon="0.22576"><ele>37.11</ele></trkpt>
<trkpt lat="49.56566500000001" lon="0.2258033"><ele>36.53</ele></trkpt>
<trkpt lat="49.5656817" lon="0.225855"><ele>36.37</ele></trkpt>
<trkpt lat="49.5656983" lon="0.2258967"><ele>36.44</ele></trkpt>
<trkpt lat="49.5657183" lon="0.225945"><ele>36.88</ele></trkpt>
<trkpt lat="49.5657367" lon="0.2259917"><ele>36.71</ele></trkpt>
<trkpt lat="49.5657583" lon="0.2260333"><ele>36.07</ele></trkpt>
<trkpt lat="49.5657733" lon="0.22607"><ele>36.12</ele></trkpt>
<trkpt lat="49.5657967" lon="0.2261183"><ele>35.98</ele></trkpt>
<trkpt lat="49.5658183" lon="0.22616"><ele>35.74</ele></trkpt>
<trkpt lat="49.56583830000001" lon="0.2262033"><ele>35.98</ele></trkpt>
<trkpt lat="49.5658583" lon="0.226245"><ele>36.46</ele></trkpt>
<trkpt lat="49.56589000000001" lon="0.226265"><ele>36.71</ele></trkpt>
<trkpt lat="49.565915" lon="0.226305"><ele>37.71</ele></trkpt>
<trkpt lat="49.5659483" lon="0.2263433"><ele>38.45</ele></trkpt>
<trkpt lat="49.5659733" lon="0.2263683"><ele>38.86</ele></trkpt>
<trkpt lat="49.56600000000001" lon="0.2263967"><ele>39.17</ele></trkpt>
<trkpt lat="49.5660233" lon="0.2264183"><ele>39.4</ele></trkpt>
<trkpt lat="49.5660483" lon="0.2264367"><ele>39.37</ele></trkpt>
<trkpt lat="49.5660733" lon="0.226455"><ele>39.33</ele></trkpt>
<trkpt lat="49.566105" lon="0.226485"><ele>39.43</ele></trkpt>
<trkpt lat="49.56613669999999" lon="0.2265183"><ele>39.6</ele></trkpt>
<trkpt lat="49.566165" lon="0.22654"><ele>40.01</ele></trkpt>
<trkpt lat="49.56619500000001" lon="0.2265583"><ele>41.03</ele></trkpt>
<trkpt lat="49.5662267" lon="0.226565"><ele>41.96</ele></trkpt>
<trkpt lat="49.56625500000001" lon="0.226575"><ele>42.63</ele></trkpt>
<trkpt lat="49.5662917" lon="0.2265817"><ele>42.7</ele></trkpt>
<trkpt lat="49.5663233" lon="0.226585"><ele>42.41</ele></trkpt>
<trkpt lat="49.56636169999999" lon="0.2265833"><ele>41.49</ele></trkpt>
<trkpt lat="49.56639169999999" lon="0.226585"><ele>40.87</ele></trkpt>
<trkpt lat="49.5664317" lon="0.22658"><ele>39.64</ele></trkpt>
<trkpt lat="49.5664617" lon="0.2265767"><ele>38.98</ele></trkpt>
<trkpt lat="49.56649" lon="0.2265667"><ele>38.53</ele></trkpt>
<trkpt lat="49.56652" lon="0.2265533"><ele>38.45</ele></trkpt>
<trkpt lat="49.5665517" lon="0.22654"><ele>38.86</ele></trkpt>
<trkpt lat="49.5665783" lon="0.226515"><ele>39.03</ele></trkpt>
<trkpt lat="49.5666033" lon="0.2264933"><ele>39.04</ele></trkpt>
<trkpt lat="49.566635" lon="0.22646"><ele>39.46</ele></trkpt>
<trkpt lat="49.5666617" lon="0.2264367"><ele>39.93</ele></trkpt>
<trkpt lat="49.5666833" lon="0.2264117"><ele>40.42</ele></trkpt>
<trkpt lat="49.5667117" lon="0.2263783"><ele>40.98999999999999</ele></trkpt>
<trkpt lat="49.5667367" lon="0.2263517"><ele>41.2</ele></trkpt>
<trkpt lat="49.56676330000001" lon="0.22632"><ele>41.4</ele></trkpt>
<trkpt lat="49.5667867" lon="0.2262917"><ele>41.6</ele></trkpt>
<trkpt lat="49.56681499999999" lon="0.226255"><ele>41.73</ele></trkpt>
<trkpt lat="49.5668367" lon="0.22623"><ele>41.81</ele></trkpt>
<trkpt lat="49.56687" lon="0.226195"><ele>41.73</ele></trkpt>
<trkpt lat="49.5669017" lon="0.22616"><ele>41.91</ele></trkpt>
<trkpt lat="49.56693" lon="0.2261233"><ele>42.03</ele></trkpt>
<trkpt lat="49.566965" lon="0.2260917"><ele>42.11</ele></trkpt>
<trkpt lat="49.567" lon="0.226065"><ele>42.41</ele></trkpt>
<trkpt lat="49.5670317" lon="0.2260433"><ele>42.11</ele></trkpt>
<trkpt lat="49.5670683" lon="0.2260367"><ele>41.18</ele></trkpt>
<trkpt lat="49.5671033" lon="0.2260283"><ele>40.24</ele></trkpt>
<trkpt lat="49.5671333" lon="0.2260267"><ele>39.2</ele></trkpt>
<trkpt lat="49.5671733" lon="0.2260217"><ele>38.44</ele></trkpt>
<trkpt lat="49.5672017" lon="0.2260167"><ele>38.28</ele></trkpt>
<trkpt lat="49.56723" lon="0.226"><ele>37.82</ele></trkpt>
<trkpt lat="49.5672583" lon="0.225985"><ele>37.59</ele></trkpt>
<trkpt lat="49.5672867" lon="0.225975"><ele>37.45</ele></trkpt>
<trkpt lat="49.56731330000001" lon="0.2259633"><ele>37.69</ele></trkpt>
<trkpt lat="49.5673433" lon="0.22596"><ele>38.2</ele></trkpt>
<trkpt lat="49.56737" lon="0.2259667"><ele>38.65</ele></trkpt>
<trkpt lat="49.5674067" lon="0.22597"><ele>38.88</ele></trkpt>
<trkpt lat="49.567445" lon="0.22597"><ele>39.13</ele></trkpt>
<trkpt lat="49.56747500000001" lon="0.2259833"><ele>39.28</ele></trkpt>
<trkpt lat="49.567505" lon="0.2259933"><ele>39.5</ele></trkpt>
<trkpt lat="49.5675383" lon="0.226005"><ele>39.88</ele></trkpt>
<trkpt lat="49.56757" lon="0.2259783"><ele>39.8</ele></trkpt>
<trkpt lat="49.56759" lon="0.225945"><ele>39.3</ele></trkpt>
<trkpt lat="49.567615" lon="0.2259267"><ele>39.22</ele></trkpt>
<trkpt lat="49.56764500000001" lon="0.2259167"><ele>39.05</ele></trkpt>
<trkpt lat="49.56767330000001" lon="0.225915"><ele>39.27</ele></trkpt>
<trkpt lat="49.5677017" lon="0.225915"><ele>39.64</ele></trkpt>
<trkpt lat="49.56774" lon="0.225915"><ele>39.99999999999999</ele></trkpt>
<trkpt lat="49.5677733" lon="0.2259033"><ele>39.94</ele></trkpt>
<trkpt lat="49.5678" lon="0.22589"><ele>39.33</ele></trkpt>
<trkpt lat="49.567825" lon="0.2258667"><ele>38.92</ele></trkpt>
<trkpt lat="49.567855" lon="0.22584"><ele>38.42</ele></trkpt>
<trkpt lat="49.56788" lon="0.22582"><ele>37.96</ele></trkpt>
<trkpt lat="49.56791" lon="0.2258133"><ele>37.17</ele></trkpt>
<trkpt lat="49.56794" lon="0.2257983"><ele>36.64</ele></trkpt>
<trkpt lat="49.5679683" lon="0.225785"><ele>36.21</ele></trkpt>
<trkpt lat="49.56800830000001" lon="0.2257733"><ele>35.7</ele></trkpt>
<trkpt lat="49.56803499999999" lon="0.2257433"><ele>35.26</ele></trkpt>
<trkpt lat="49.5680667" lon="0.225725"><ele>35.4</ele></trkpt>
<trkpt lat="49.56809330000001" lon="0.2257183"><ele>35.53</ele></trkpt>
<trkpt lat="49.56811999999999" lon="0.2257083"><ele>35.77</ele></trkpt>
<trkpt lat="49.5681617" lon="0.2257033"><ele>36.33</ele></trkpt>
<trkpt lat="49.56819" lon="0.225705"><ele>36.68</ele></trkpt>
<trkpt lat="49.56822999999999" lon="0.2257017"><ele>37.09</ele></trkpt>
<trkpt lat="49.5682683" lon="0.2257017"><ele>37.56</ele></trkpt>
<trkpt lat="49.5683" lon="0.2257"><ele>37.83</ele></trkpt>
<trkpt lat="49.56833" lon="0.225705"><ele>37.82</ele></trkpt>
<trkpt lat="49.5683633" lon="0.2257117"><ele>38</ele></trkpt>
<trkpt lat="49.5683983" lon="0.2257283"><ele>38.36</ele></trkpt>
<trkpt lat="49.5684267" lon="0.2257417"><ele>38.66</ele></trkpt>
<trkpt lat="49.568465" lon="0.22575"><ele>38.93</ele></trkpt>
<trkpt lat="49.5684967" lon="0.2257733"><ele>39.12</ele></trkpt>
<trkpt lat="49.5685233" lon="0.2258033"><ele>39.37</ele></trkpt>
<trkpt lat="49.56855669999999" lon="0.225825"><ele>39.95</ele></trkpt>
<trkpt lat="49.5685883" lon="0.2258433"><ele>40.39</ele></trkpt>
<trkpt lat="49.56862" lon="0.2258683"><ele>40.63</ele></trkpt>
<trkpt lat="49.56864999999999" lon="0.2258883"><ele>40.67</ele></trkpt>
<trkpt lat="49.5686767" lon="0.2259017"><ele>40.55</ele></trkpt>
<trkpt lat="49.56870330000001" lon="0.225915"><ele>40.45</ele></trkpt>
<trkpt lat="49.56873" lon="0.2259283"><ele>40.46</ele></trkpt>
<trkpt lat="49.5687683" lon="0.2259433"><ele>40.7</ele></trkpt>
<trkpt lat="49.568805" lon="0.225955"><ele>40.57</ele></trkpt>
<trkpt lat="49.5688317" lon="0.2259633"><ele>40.63</ele></trkpt>
<trkpt lat="49.56887" lon="0.2259717"><ele>40.62</ele></trkpt>
<trkpt lat="49.5688967" lon="0.22598"><ele>40.87</ele></trkpt>
<trkpt lat="49.568935" lon="0.225985"><ele>40.92</ele></trkpt>
<trkpt lat="49.56897500000001" lon="0.2259917"><ele>40.92</ele></trkpt>
<trkpt lat="49.56901329999999" lon="0.226"><ele>40.97</ele></trkpt>
<trkpt lat="49.5690433" lon="0.226005"><ele>40.87</ele></trkpt>
<trkpt lat="49.5690717" lon="0.2260117"><ele>40.77</ele></trkpt>
<trkpt lat="49.56911169999999" lon="0.2260167"><ele>40.74</ele></trkpt>
<trkpt lat="49.56915" lon="0.2260217"><ele>40.67</ele></trkpt>
<trkpt lat="49.56919" lon="0.2260267"><ele>40.56</ele></trkpt>
<trkpt lat="49.5692183" lon="0.2260283"><ele>40.77</ele></trkpt>
<trkpt lat="49.56925830000001" lon="0.2260283"><ele>41.07</ele></trkpt>
<trkpt lat="49.569295" lon="0.22603"><ele>41.3</ele></trkpt>
<trkpt lat="49.56933170000001" lon="0.22603"><ele>41.34</ele></trkpt>
<trkpt lat="49.5693667" lon="0.2260367"><ele>41.09</ele></trkpt>
<trkpt lat="49.5694083" lon="0.2260417"><ele>40.87</ele></trkpt>
<trkpt lat="49.56945" lon="0.2260433"><ele>40.41</ele></trkpt>
<trkpt lat="49.5694883" lon="0.22605"><ele>40.33</ele></trkpt>
<trkpt lat="49.569525" lon="0.2260517"><ele>40.26</ele></trkpt>
<trkpt lat="49.569565" lon="0.226055"><ele>39.72</ele></trkpt>
<trkpt lat="49.569595" lon="0.226055"><ele>39.48</ele></trkpt>
<trkpt lat="49.569625" lon="0.2260567"><ele>39.3</ele></trkpt>
<trkpt lat="49.569665" lon="0.226055"><ele>39.38</ele></trkpt>
<trkpt lat="49.56969669999999" lon="0.226055"><ele>39.84</ele></trkpt>
<trkpt lat="49.569725" lon="0.22606"><ele>40.55</ele></trkpt>
<trkpt lat="49.569765" lon="0.226065"><ele>41.28</ele></trkpt>
<trkpt lat="49.5697983" lon="0.22606"><ele>41.78</ele></trkpt>
<trkpt lat="49.5698333" lon="0.2260583"><ele>41.92999999999999</ele></trkpt>
<trkpt lat="49.5698733" lon="0.2260667"><ele>41.78</ele></trkpt>
<trkpt lat="49.5699017" lon="0.2260767"><ele>41.58</ele></trkpt>
<trkpt lat="49.5699383" lon="0.2260867"><ele>41.21</ele></trkpt>
<trkpt lat="49.569975" lon="0.226095"><ele>40.95</ele></trkpt>
<trkpt lat="49.57001330000001" lon="0.2261"><ele>41.01</ele></trkpt>
<trkpt lat="49.57005170000001" lon="0.2261083"><ele>41.36</ele></trkpt>
<trkpt lat="49.5700867" lon="0.226125"><ele>41.32</ele></trkpt>
<trkpt lat="49.5701183" lon="0.2261417"><ele>41.41</ele></trkpt>
<trkpt lat="49.570145" lon="0.2261533"><ele>41.66</ele></trkpt>
<trkpt lat="49.57017829999999" lon="0.226175"><ele>42.32</ele></trkpt>
<trkpt lat="49.57021670000001" lon="0.2261867"><ele>42.82</ele></trkpt>
<trkpt lat="49.5702433" lon="0.2261967"><ele>43.07</ele></trkpt>
<trkpt lat="49.5702833" lon="0.226205"><ele>43.23</ele></trkpt>
<trkpt lat="49.5703183" lon="0.2262267"><ele>43.49</ele></trkpt>
<trkpt lat="49.570355" lon="0.226245"><ele>43.56</ele></trkpt>
<trkpt lat="49.5703883" lon="0.2262633"><ele>43.45</ele></trkpt>
<trkpt lat="49.5704267" lon="0.2262767"><ele>43.35</ele></trkpt>
<trkpt lat="49.5704533" lon="0.22629"><ele>43.5</ele></trkpt>
<trkpt lat="49.57048" lon="0.2263017"><ele>43.78</ele></trkpt>
<trkpt lat="49.5705067" lon="0.22631"><ele>44.06</ele></trkpt>
<trkpt lat="49.5705433" lon="0.2263167"><ele>44.62</ele></trkpt>
<trkpt lat="49.570575" lon="0.2263233"><ele>45.09</ele></trkpt>
<trkpt lat="49.5706033" lon="0.226325"><ele>45.22</ele></trkpt>
<trkpt lat="49.5706333" lon="0.2263283"><ele>45.09</ele></trkpt>
<trkpt lat="49.57066170000001" lon="0.22633"><ele>44.81</ele></trkpt>
<trkpt lat="49.5706983" lon="0.2263333"><ele>44.12</ele></trkpt>
<trkpt lat="49.570735" lon="0.2263383"><ele>44.10999999999999</ele></trkpt>
<trkpt lat="49.57077" lon="0.2263417"><ele>44.34</ele></trkpt>
<trkpt lat="49.57080670000001" lon="0.226355"><ele>44.08</ele></trkpt>
<trkpt lat="49.57084330000001" lon="0.2263633"><ele>43.78</ele></trkpt>
<trkpt lat="49.57088" lon="0.2263683"><ele>43.31</ele></trkpt>
<trkpt lat="49.5709183" lon="0.2263583"><ele>43.14</ele></trkpt>
<trkpt lat="49.57094669999999" lon="0.2263517"><ele>43.46</ele></trkpt>
<trkpt lat="49.5709783" lon="0.226355"><ele>44.01</ele></trkpt>
<trkpt lat="49.57100830000001" lon="0.2263483"><ele>44.52</ele></trkpt>
<trkpt lat="49.57103499999999" lon="0.22634"><ele>44.79</ele></trkpt>
<trkpt lat="49.57106830000001" lon="0.226325"><ele>44.81</ele></trkpt>
<trkpt lat="49.5711083" lon="0.2263167"><ele>44.93</ele></trkpt>
<trkpt lat="49.5711433" lon="0.226315"><ele>44.65</ele></trkpt>
<trkpt lat="49.57117830000001" lon="0.2263167"><ele>44.66</ele></trkpt>
<trkpt lat="49.5712167" lon="0.22631"><ele>44.54</ele></trkpt>
<trkpt lat="49.5712433" lon="0.2263017"><ele>44.23</ele></trkpt>
<trkpt lat="49.57127" lon="0.2262933"><ele>43.75</ele></trkpt>
<trkpt lat="49.57130669999999" lon="0.2262817"><ele>42.84</ele></trkpt>
<trkpt lat="49.57134000000001" lon="0.22626"><ele>42.45</ele></trkpt>
<trkpt lat="49.57136999999999" lon="0.226235"><ele>42.34</ele></trkpt>
<trkpt lat="49.57140329999999" lon="0.2261983"><ele>42.61</ele></trkpt>
<trkpt lat="49.57143" lon="0.226175"><ele>42.79</ele></trkpt>
<trkpt lat="49.5714583" lon="0.22615"><ele>43.1</ele></trkpt>
<trkpt lat="49.5714917" lon="0.2261233"><ele>43.14</ele></trkpt>
<trkpt lat="49.5715217" lon="0.2261033"><ele>43.4</ele></trkpt>
<trkpt lat="49.5715533" lon="0.2260817"><ele>43.51</ele></trkpt>
<trkpt lat="49.5715783" lon="0.226065"><ele>43.69</ele></trkpt>
<trkpt lat="49.57161170000001" lon="0.22604"><ele>44.02</ele></trkpt>
<trkpt lat="49.5716367" lon="0.2260217"><ele>44.26</ele></trkpt>
<trkpt lat="49.5716617" lon="0.2260033"><ele>44.49</ele></trkpt>
<trkpt lat="49.571695" lon="0.2259767"><ele>44.86</ele></trkpt>
<trkpt lat="49.5717233" lon="0.2259467"><ele>44.96</ele></trkpt>
<trkpt lat="49.57175169999999" lon="0.2259233"><ele>44.68</ele></trkpt>
<trkpt lat="49.57178500000001" lon="0.2258967"><ele>44.61</ele></trkpt>
<trkpt lat="49.57181169999999" lon="0.225865"><ele>44.75</ele></trkpt>
<trkpt lat="49.5718467" lon="0.2258383"><ele>44.64</ele></trkpt>
<trkpt lat="49.57187330000001" lon="0.2258233"><ele>44.54</ele></trkpt>
<trkpt lat="49.57191" lon="0.225805"><ele>44.7</ele></trkpt>
<trkpt lat="49.5719383" lon="0.2257883"><ele>44.57</ele></trkpt>
<trkpt lat="49.5719533" lon="0.2257533"><ele>44.58</ele></trkpt>
<trkpt lat="49.5719817" lon="0.22573"><ele>44.89</ele></trkpt>
<trkpt lat="49.5720067" lon="0.2257083"><ele>44.7</ele></trkpt>
<trkpt lat="49.5720333" lon="0.2256867"><ele>44.23</ele></trkpt>
<trkpt lat="49.57206330000001" lon="0.225655"><ele>43.59</ele></trkpt>
<trkpt lat="49.57209829999999" lon="0.2256267"><ele>43.18</ele></trkpt>
<trkpt lat="49.5721317" lon="0.2256033"><ele>42.88</ele></trkpt>
<trkpt lat="49.572165" lon="0.2255767"><ele>42.83</ele></trkpt>
<trkpt lat="49.57219670000001" lon="0.2255417"><ele>42.74</ele></trkpt>
<trkpt lat="49.5722183" lon="0.225515"><ele>43.05</ele></trkpt>
<trkpt lat="49.57224670000001" lon="0.22548"><ele>43.5</ele></trkpt>
<trkpt lat="49.57228" lon="0.22546"><ele>43.82</ele></trkpt>
<trkpt lat="49.57231000000001" lon="0.225435"><ele>43.74</ele></trkpt>
<trkpt lat="49.57233669999999" lon="0.2254183"><ele>43.82</ele></trkpt>
<trkpt lat="49.5723633" lon="0.2254017"><ele>43.99</ele></trkpt>
<trkpt lat="49.5723933" lon="0.225385"><ele>43.84</ele></trkpt>
<trkpt lat="49.5724267" lon="0.2253733"><ele>43.83</ele></trkpt>
<trkpt lat="49.5724617" lon="0.2253567"><ele>43.93</ele></trkpt>
<trkpt lat="49.5724867" lon="0.2253383"><ele>44.09</ele></trkpt>
<trkpt lat="49.5725133" lon="0.225315"><ele>44.15</ele></trkpt>
<trkpt lat="49.57253999999999" lon="0.22528"><ele>44.27</ele></trkpt>
<trkpt lat="49.57257" lon="0.22526"><ele>44.68</ele></trkpt>
<trkpt lat="49.5726017" lon="0.22524"><ele>45.09</ele></trkpt>
<trkpt lat="49.5726333" lon="0.225215"><ele>45.49</ele></trkpt>
<trkpt lat="49.5726617" lon="0.2251833"><ele>45.81</ele></trkpt>
<trkpt lat="49.57269" lon="0.2251533"><ele>45.5</ele></trkpt>
<trkpt lat="49.5727183" lon="0.225125"><ele>45.01</ele></trkpt>
<trkpt lat="49.57275" lon="0.225105"><ele>44.58</ele></trkpt>
<trkpt lat="49.5727767" lon="0.2250917"><ele>44.09</ele></trkpt>
<trkpt lat="49.5727983" lon="0.225065"><ele>44.03</ele></trkpt>
<trkpt lat="49.57281829999999" lon="0.2250367"><ele>43.73</ele></trkpt>
<trkpt lat="49.572795" lon="0.2250017"><ele>41.98</ele></trkpt>
<trkpt lat="49.572785" lon="0.2249567"><ele>41.67</ele></trkpt>
<trkpt lat="49.5727783" lon="0.2249117"><ele>41.63</ele></trkpt>
<trkpt lat="49.5727717" lon="0.224855"><ele>41.63</ele></trkpt>
<trkpt lat="49.5727667" lon="0.2248067"><ele>41.47</ele></trkpt>
<trkpt lat="49.57276" lon="0.22476"><ele>41.03</ele></trkpt>
<trkpt lat="49.5727517" lon="0.2247067"><ele>39.86</ele></trkpt>
<trkpt lat="49.572735" lon="0.2246667"><ele>39.18</ele></trkpt>
<trkpt lat="49.5727183" lon="0.2246233"><ele>38.65</ele></trkpt>
<trkpt lat="49.5726983" lon="0.2245783"><ele>37.83</ele></trkpt>
<trkpt lat="49.5726733" lon="0.2245333"><ele>37.31</ele></trkpt>
<trkpt lat="49.57266" lon="0.224485"><ele>36.63</ele></trkpt>
<trkpt lat="49.5726567" lon="0.2244283"><ele>35.62</ele></trkpt>
<trkpt lat="49.57264170000001" lon="0.2243833"><ele>34.92</ele></trkpt>
<trkpt lat="49.5726267" lon="0.224335"><ele>34.58</ele></trkpt>
<trkpt lat="49.572615" lon="0.2242917"><ele>34.21</ele></trkpt>
<trkpt lat="49.5726" lon="0.2242533"><ele>33.62</ele></trkpt>
<trkpt lat="49.5725883" lon="0.2241983"><ele>33.37</ele></trkpt>
<trkpt lat="49.5725717" lon="0.224145"><ele>33.62</ele></trkpt>
<trkpt lat="49.57255670000001" lon="0.2240967"><ele>33.99</ele></trkpt>
<trkpt lat="49.5725417" lon="0.22405"><ele>34.03</ele></trkpt>
<trkpt lat="49.5725267" lon="0.224005"><ele>33.89</ele></trkpt>
<trkpt lat="49.572515" lon="0.22396"><ele>33.89</ele></trkpt>
<trkpt lat="49.57250500000001" lon="0.223915"><ele>33.79</ele></trkpt>
<trkpt lat="49.572495" lon="0.2238683"><ele>33.57</ele></trkpt>
<trkpt lat="49.57248000000001" lon="0.22383"><ele>33.72</ele></trkpt>
<trkpt lat="49.5724617" lon="0.2237967"><ele>33.6</ele></trkpt>
<trkpt lat="49.572475" lon="0.2237567"><ele>36.5</ele></trkpt>
<trkpt lat="49.57245829999999" lon="0.2237133"><ele>36.47</ele></trkpt>
<trkpt lat="49.572445" lon="0.2236633"><ele>36.5</ele></trkpt>
<trkpt lat="49.5724317" lon="0.2236267"><ele>36.53</ele></trkpt>
<trkpt lat="49.572405" lon="0.22365"><ele>36.87</ele></trkpt>
<trkpt lat="49.572375" lon="0.2236833"><ele>37.96</ele></trkpt>
<trkpt lat="49.5724017" lon="0.22366"><ele>36.7</ele></trkpt>
<trkpt lat="49.57242000000001" lon="0.2236217"><ele>36.21</ele></trkpt>
<trkpt lat="49.5724383" lon="0.2235867"><ele>35.93</ele></trkpt>
<trkpt lat="49.5724433" lon="0.22353"><ele>35.57</ele></trkpt>
<trkpt lat="49.57245" lon="0.2234683"><ele>35.53</ele></trkpt>
<trkpt lat="49.572445" lon="0.223425"><ele>35.53</ele></trkpt>
<trkpt lat="49.57243329999999" lon="0.2233817"><ele>35.51</ele></trkpt>
<trkpt lat="49.57242169999999" lon="0.2233333"><ele>35.53</ele></trkpt>
<trkpt lat="49.5724067" lon="0.223295"><ele>35.64</ele></trkpt>
<trkpt lat="49.5723933" lon="0.223255"><ele>35.54</ele></trkpt>
<trkpt lat="49.5723767" lon="0.223215"><ele>35.39</ele></trkpt>
<trkpt lat="49.5723567" lon="0.22318"><ele>35.27</ele></trkpt>
<trkpt lat="49.57233500000001" lon="0.2231517"><ele>34.91</ele></trkpt>
<trkpt lat="49.572315" lon="0.2231217"><ele>34.36</ele></trkpt>
<trkpt lat="49.57229330000001" lon="0.223095"><ele>33.92</ele></trkpt>
<trkpt lat="49.57226829999999" lon="0.2230717"><ele>33.75</ele></trkpt>
<trkpt lat="49.57224329999999" lon="0.223055"><ele>33.57</ele></trkpt>
<trkpt lat="49.5722167" lon="0.2230433"><ele>33.7</ele></trkpt>
<trkpt lat="49.5721817" lon="0.2230217"><ele>33.99</ele></trkpt>
<trkpt lat="49.57214500000001" lon="0.223025"><ele>34.04</ele></trkpt>
<trkpt lat="49.57211170000001" lon="0.2230317"><ele>33.7</ele></trkpt>
<trkpt lat="49.5720817" lon="0.223035"><ele>33.44</ele></trkpt>
<trkpt lat="49.57205" lon="0.2230383"><ele>33.43</ele></trkpt>
<trkpt lat="49.5720117" lon="0.2230417"><ele>33.35</ele></trkpt>
<trkpt lat="49.57197500000001" lon="0.2230383"><ele>33.78</ele></trkpt>
<trkpt lat="49.5719433" lon="0.22302"><ele>33.67</ele></trkpt>
<trkpt lat="49.5719267" lon="0.222985"><ele>33.18</ele></trkpt>
<trkpt lat="49.571895" lon="0.2229533"><ele>32.9</ele></trkpt>
<trkpt lat="49.5718767" lon="0.2229017"><ele>32.57</ele></trkpt>
<trkpt lat="49.57187" lon="0.2228583"><ele>32.37</ele></trkpt>
<trkpt lat="49.57187" lon="0.2228117"><ele>32.24</ele></trkpt>
<trkpt lat="49.5718967" lon="0.2227917"><ele>32.19</ele></trkpt>
<trkpt lat="49.5719017" lon="0.2227367"><ele>32.69</ele></trkpt>
<trkpt lat="49.57189999999999" lon="0.2226917"><ele>32.76</ele></trkpt>
<trkpt lat="49.57189830000001" lon="0.2226483"><ele>32.41</ele></trkpt>
<trkpt lat="49.5719017" lon="0.2226017"><ele>32.2</ele></trkpt>
<trkpt lat="49.57189999999999" lon="0.22256"><ele>32.21</ele></trkpt>
<trkpt lat="49.5718967" lon="0.2225167"><ele>32.3</ele></trkpt>
<trkpt lat="49.57189169999999" lon="0.222475"><ele>32.4</ele></trkpt>
<trkpt lat="49.571885" lon="0.222415"><ele>32.6</ele></trkpt>
<trkpt lat="49.5718783" lon="0.2223717"><ele>32.65</ele></trkpt>
<trkpt lat="49.57186500000001" lon="0.2223183"><ele>32.35</ele></trkpt>
<trkpt lat="49.5718533" lon="0.2222683"><ele>31.73999999999999</ele></trkpt>
<trkpt lat="49.57183999999999" lon="0.2222117"><ele>31.56</ele></trkpt>
<trkpt lat="49.57183" lon="0.2221617"><ele>31.93</ele></trkpt>
<trkpt lat="49.57182" lon="0.2221067"><ele>32.12</ele></trkpt>
<trkpt lat="49.57181169999999" lon="0.2220667"><ele>32.29</ele></trkpt>
<trkpt lat="49.5717983" lon="0.2220117"><ele>32.41</ele></trkpt>
<trkpt lat="49.57179" lon="0.22197"><ele>32.75</ele></trkpt>
<trkpt lat="49.57178" lon="0.22193"><ele>32.57</ele></trkpt>
<trkpt lat="49.57176329999999" lon="0.221875"><ele>32.69</ele></trkpt>
<trkpt lat="49.5717467" lon="0.22182"><ele>32.88</ele></trkpt>
<trkpt lat="49.57173499999999" lon="0.2217817"><ele>32.95</ele></trkpt>
<trkpt lat="49.5717217" lon="0.2217267"><ele>32.61</ele></trkpt>
<trkpt lat="49.5717133" lon="0.2216833"><ele>32.31</ele></trkpt>
<trkpt lat="49.5716967" lon="0.221625"><ele>32.33</ele></trkpt>
<trkpt lat="49.5716883" lon="0.2215833"><ele>32.49</ele></trkpt>
<trkpt lat="49.57167829999999" lon="0.2215433"><ele>32.94</ele></trkpt>
<trkpt lat="49.5716617" lon="0.221485"><ele>33.22</ele></trkpt>
<trkpt lat="49.57164999999999" lon="0.221445"><ele>33.14</ele></trkpt>
<trkpt lat="49.5716333" lon="0.22139"><ele>32.39</ele></trkpt>
<trkpt lat="49.5716217" lon="0.22135"><ele>31.44</ele></trkpt>
<trkpt lat="49.57161170000001" lon="0.2213083"><ele>30.56</ele></trkpt>
<trkpt lat="49.5716" lon="0.2212483"><ele>29.28</ele></trkpt>
<trkpt lat="49.5715817" lon="0.22119"><ele>28.76000000000001</ele></trkpt>
<trkpt lat="49.5715717" lon="0.2211483"><ele>28.92</ele></trkpt>
<trkpt lat="49.57156169999999" lon="0.2211083"><ele>29.16</ele></trkpt>
<trkpt lat="49.5715517" lon="0.22105"><ele>29.42</ele></trkpt>
<trkpt lat="49.5715433" lon="0.2210083"><ele>29.66</ele></trkpt>
<trkpt lat="49.5715367" lon="0.2209667"><ele>29.54</ele></trkpt>
<trkpt lat="49.5715233" lon="0.2209083"><ele>29.22</ele></trkpt>
<trkpt lat="49.57151330000001" lon="0.220865"><ele>29.6</ele></trkpt>
<trkpt lat="49.5715" lon="0.2208067"><ele>30.65</ele></trkpt>
<trkpt lat="49.5714867" lon="0.220765"><ele>31.3</ele></trkpt>
<trkpt lat="49.571475" lon="0.2207217"><ele>31.92</ele></trkpt>
<trkpt lat="49.57146329999999" lon="0.2206817"><ele>32.04</ele></trkpt>
<trkpt lat="49.57145000000001" lon="0.2206417"><ele>31.94</ele></trkpt>
<trkpt lat="49.5714383" lon="0.2206033"><ele>32</ele></trkpt>
<trkpt lat="49.571425" lon="0.2205483"><ele>32.69</ele></trkpt>
<trkpt lat="49.57141670000001" lon="0.2205083"><ele>33.07</ele></trkpt>
<trkpt lat="49.57141" lon="0.22046"><ele>32.99</ele></trkpt>
<trkpt lat="49.57140329999999" lon="0.220415"><ele>32.52</ele></trkpt>
<trkpt lat="49.571395" lon="0.2203567"><ele>31.4</ele></trkpt>
<trkpt lat="49.5713867" lon="0.2203017"><ele>31.21</ele></trkpt>
<trkpt lat="49.57137829999999" lon="0.220255"><ele>32.03</ele></trkpt>
<trkpt lat="49.5713833" lon="0.2202067"><ele>34.27</ele></trkpt>
<trkpt lat="49.57139999999999" lon="0.2201683"><ele>35.46</ele></trkpt>
<trkpt lat="49.5714217" lon="0.2201383"><ele>36.47</ele></trkpt>
<trkpt lat="49.5714483" lon="0.2201067"><ele>37.54</ele></trkpt>
<trkpt lat="49.571475" lon="0.22008"><ele>38.12</ele></trkpt>
<trkpt lat="49.5714967" lon="0.2200517"><ele>38.16</ele></trkpt>
<trkpt lat="49.57152" lon="0.2200183"><ele>37.97</ele></trkpt>
<trkpt lat="49.5715467" lon="0.219995"><ele>37.84</ele></trkpt>
<trkpt lat="49.571575" lon="0.2199733"><ele>38.09</ele></trkpt>
<trkpt lat="49.5716" lon="0.219955"><ele>38.25</ele></trkpt>
<trkpt lat="49.571635" lon="0.2199317"><ele>38.16</ele></trkpt>
<trkpt lat="49.5716633" lon="0.21991"><ele>38.06</ele></trkpt>
<trkpt lat="49.571695" lon="0.2198817"><ele>38.29</ele></trkpt>
<trkpt lat="49.57172" lon="0.2198517"><ele>38.26</ele></trkpt>
<trkpt lat="49.571745" lon="0.219825"><ele>38.23</ele></trkpt>
<trkpt lat="49.5717717" lon="0.2198"><ele>38.29</ele></trkpt>
<trkpt lat="49.5717967" lon="0.219775"><ele>38.47</ele></trkpt>
<trkpt lat="49.571825" lon="0.2197517"><ele>38.65</ele></trkpt>
<trkpt lat="49.57185" lon="0.21972"><ele>38.66</ele></trkpt>
<trkpt lat="49.57187330000001" lon="0.2196933"><ele>38.61</ele></trkpt>
<trkpt lat="49.5718967" lon="0.2196717"><ele>38.3</ele></trkpt>
<trkpt lat="49.57192169999999" lon="0.2196483"><ele>37.78</ele></trkpt>
<trkpt lat="49.57195000000001" lon="0.2196233"><ele>37.12</ele></trkpt>
<trkpt lat="49.57197669999999" lon="0.2196"><ele>36.68</ele></trkpt>
<trkpt lat="49.572" lon="0.2195717"><ele>36.73</ele></trkpt>
<trkpt lat="49.57202670000001" lon="0.2195433"><ele>36.91</ele></trkpt>
<trkpt lat="49.5720483" lon="0.2195167"><ele>37.2</ele></trkpt>
<trkpt lat="49.5720717" lon="0.21949"><ele>37.16</ele></trkpt>
<trkpt lat="49.5721" lon="0.219465"><ele>36.96</ele></trkpt>
<trkpt lat="49.57213" lon="0.2194367"><ele>36.93</ele></trkpt>
<trkpt lat="49.57216" lon="0.21941"><ele>36.76</ele></trkpt>
<trkpt lat="49.57219" lon="0.2193767"><ele>36.47</ele></trkpt>
<trkpt lat="49.5722183" lon="0.2193433"><ele>36.52</ele></trkpt>
<trkpt lat="49.572245" lon="0.219315"><ele>36.37</ele></trkpt>
<trkpt lat="49.5722733" lon="0.21929"><ele>36.52</ele></trkpt>
<trkpt lat="49.5723" lon="0.2192617"><ele>36.63</ele></trkpt>
<trkpt lat="49.5723283" lon="0.2192283"><ele>36.79</ele></trkpt>
<trkpt lat="49.5723567" lon="0.219195"><ele>36.71</ele></trkpt>
<trkpt lat="49.5723833" lon="0.2191683"><ele>36.73</ele></trkpt>
<trkpt lat="49.5724067" lon="0.219145"><ele>36.5</ele></trkpt>
<trkpt lat="49.572435" lon="0.2191183"><ele>36.07</ele></trkpt>
<trkpt lat="49.57246" lon="0.2190917"><ele>35.51</ele></trkpt>
<trkpt lat="49.57249670000001" lon="0.2190783"><ele>34.5</ele></trkpt>
<trkpt lat="49.572525" lon="0.2190517"><ele>33.86</ele></trkpt>
<trkpt lat="49.5725533" lon="0.2190217"><ele>33.31</ele></trkpt>
<trkpt lat="49.5725783" lon="0.219005"><ele>32.75</ele></trkpt>
<trkpt lat="49.57261" lon="0.218975"><ele>32.11</ele></trkpt>
<trkpt lat="49.57264170000001" lon="0.2189367"><ele>31.67</ele></trkpt>
<trkpt lat="49.572665" lon="0.218915"><ele>31.31</ele></trkpt>
<trkpt lat="49.5726883" lon="0.2188933"><ele>30.98</ele></trkpt>
<trkpt lat="49.57272" lon="0.2188567"><ele>30.9</ele></trkpt>
<trkpt lat="49.5727433" lon="0.2188333"><ele>30.93</ele></trkpt>
<trkpt lat="49.5727667" lon="0.21881"><ele>30.77</ele></trkpt>
<trkpt lat="49.5727917" lon="0.2187817"><ele>30.89</ele></trkpt>
<trkpt lat="49.57281829999999" lon="0.2187483"><ele>31.32</ele></trkpt>
<trkpt lat="49.572845" lon="0.2187267"><ele>31.83</ele></trkpt>
<trkpt lat="49.5728833" lon="0.2187033"><ele>32.63</ele></trkpt>
<trkpt lat="49.5729133" lon="0.218685"><ele>32.82</ele></trkpt>
<trkpt lat="49.57294170000001" lon="0.2186567"><ele>32.66</ele></trkpt>
<trkpt lat="49.5729667" lon="0.2186133"><ele>32.79</ele></trkpt>
<trkpt lat="49.5729967" lon="0.218585"><ele>33.15</ele></trkpt>
<trkpt lat="49.57303000000001" lon="0.218555"><ele>33.32</ele></trkpt>
<trkpt lat="49.57306" lon="0.21853"><ele>33.75</ele></trkpt>
<trkpt lat="49.57309000000001" lon="0.2185"><ele>34.08</ele></trkpt>
<trkpt lat="49.57312" lon="0.21847"><ele>34.22</ele></trkpt>
<trkpt lat="49.5731467" lon="0.218435"><ele>34.56</ele></trkpt>
<trkpt lat="49.5731817" lon="0.2184067"><ele>34.9</ele></trkpt>
<trkpt lat="49.5732083" lon="0.2183817"><ele>34.69</ele></trkpt>
<trkpt lat="49.5732417" lon="0.2183533"><ele>34.63</ele></trkpt>
<trkpt lat="49.5732733" lon="0.2183267"><ele>34.98</ele></trkpt>
<trkpt lat="49.573305" lon="0.2182983"><ele>34.82</ele></trkpt>
<trkpt lat="49.57333670000001" lon="0.2182683"><ele>34.99</ele></trkpt>
<trkpt lat="49.5733717" lon="0.2182433"><ele>35</ele></trkpt>
<trkpt lat="49.5734067" lon="0.218215"><ele>35.03</ele></trkpt>
<trkpt lat="49.57344" lon="0.2181867"><ele>35.1</ele></trkpt>
<trkpt lat="49.57347500000001" lon="0.2181633"><ele>35.03</ele></trkpt>
<trkpt lat="49.5735067" lon="0.21814"><ele>35.15</ele></trkpt>
<trkpt lat="49.57353830000001" lon="0.2181133"><ele>34.78</ele></trkpt>
<trkpt lat="49.57356830000001" lon="0.2180833"><ele>34.82</ele></trkpt>
<trkpt lat="49.57359499999999" lon="0.2180583"><ele>35.22</ele></trkpt>
<trkpt lat="49.57362330000001" lon="0.2180517"><ele>34.97</ele></trkpt>
<trkpt lat="49.57366" lon="0.218025"><ele>35.18</ele></trkpt>
<trkpt lat="49.573685" lon="0.2180067"><ele>35.66</ele></trkpt>
<trkpt lat="49.5737183" lon="0.217995"><ele>35.28</ele></trkpt>
<trkpt lat="49.57375" lon="0.2179717"><ele>35.06</ele></trkpt>
<trkpt lat="49.573775" lon="0.2179517"><ele>34.8</ele></trkpt>
<trkpt lat="49.573805" lon="0.217925"><ele>34.63</ele></trkpt>
<trkpt lat="49.5738333" lon="0.2179083"><ele>34.63</ele></trkpt>
<trkpt lat="49.5738667" lon="0.2179083"><ele>34.69</ele></trkpt>
<trkpt lat="49.5738833" lon="0.2178667"><ele>35.42</ele></trkpt>
<trkpt lat="49.57391" lon="0.21783"><ele>35.65</ele></trkpt>
<trkpt lat="49.5739383" lon="0.2178"><ele>35.44</ele></trkpt>
<trkpt lat="49.57397170000001" lon="0.2177767"><ele>35.33</ele></trkpt>
<trkpt lat="49.57400830000001" lon="0.2177567"><ele>35.39</ele></trkpt>
<trkpt lat="49.5740417" lon="0.2177267"><ele>35.91</ele></trkpt>
<trkpt lat="49.574065" lon="0.217705"><ele>36.43</ele></trkpt>
<trkpt lat="49.5740883" lon="0.2176833"><ele>36.68</ele></trkpt>
<trkpt lat="49.5741183" lon="0.2176533"><ele>36.63</ele></trkpt>
<trkpt lat="49.57415" lon="0.21764"><ele>36.46</ele></trkpt>
<trkpt lat="49.574185" lon="0.2176133"><ele>35.84</ele></trkpt>
<trkpt lat="49.5742117" lon="0.21759"><ele>35.83</ele></trkpt>
<trkpt lat="49.57424" lon="0.217565"><ele>35.75</ele></trkpt>
<trkpt lat="49.57426829999999" lon="0.2175467"><ele>35.66</ele></trkpt>
<trkpt lat="49.574295" lon="0.2175317"><ele>35.4</ele></trkpt>
<trkpt lat="49.5743233" lon="0.2175183"><ele>35.1</ele></trkpt>
<trkpt lat="49.57435670000001" lon="0.217505"><ele>34.68</ele></trkpt>
<trkpt lat="49.574385" lon="0.2175033"><ele>34.63</ele></trkpt>
<trkpt lat="49.57442000000001" lon="0.217485"><ele>34.62</ele></trkpt>
<trkpt lat="49.5744567" lon="0.2174683"><ele>34.37</ele></trkpt>
<trkpt lat="49.57449" lon="0.2174417"><ele>34.23</ele></trkpt>
<trkpt lat="49.5745167" lon="0.217425"><ele>34.29</ele></trkpt>
<trkpt lat="49.57454329999999" lon="0.2174083"><ele>34.48</ele></trkpt>
<trkpt lat="49.5745783" lon="0.217385"><ele>34.5</ele></trkpt>
<trkpt lat="49.5746033" lon="0.2173683"><ele>34.59</ele></trkpt>
<trkpt lat="49.5746383" lon="0.217345"><ele>34.72</ele></trkpt>
<trkpt lat="49.574665" lon="0.2173217"><ele>34.53</ele></trkpt>
<trkpt lat="49.57468" lon="0.2172817"><ele>34.55</ele></trkpt>
<trkpt lat="49.5746933" lon="0.2172367"><ele>34.43</ele></trkpt>
<trkpt lat="49.5747117" lon="0.2172017"><ele>34.49</ele></trkpt>
<trkpt lat="49.57473829999999" lon="0.2171767"><ele>34.68</ele></trkpt>
<trkpt lat="49.5747667" lon="0.21716"><ele>34.88</ele></trkpt>
<trkpt lat="49.5747933" lon="0.2171433"><ele>34.92</ele></trkpt>
<trkpt lat="49.5748183" lon="0.2171233"><ele>34.92</ele></trkpt>
<trkpt lat="49.5748517" lon="0.2170983"><ele>35.09</ele></trkpt>
<trkpt lat="49.57489000000001" lon="0.2170767"><ele>35.28</ele></trkpt>
<trkpt lat="49.5749217" lon="0.2170617"><ele>35.32</ele></trkpt>
<trkpt lat="49.5749483" lon="0.217045"><ele>35.48</ele></trkpt>
<trkpt lat="49.5749833" lon="0.21702"><ele>35.52</ele></trkpt>
<trkpt lat="49.5750117" lon="0.217"><ele>35.62</ele></trkpt>
<trkpt lat="49.5750433" lon="0.21698"><ele>35.62</ele></trkpt>
<trkpt lat="49.575075" lon="0.2169617"><ele>35.76</ele></trkpt>
<trkpt lat="49.57511" lon="0.21694"><ele>36.26</ele></trkpt>
<trkpt lat="49.57513670000001" lon="0.2169267"><ele>36.64</ele></trkpt>
<trkpt lat="49.5751633" lon="0.2169133"><ele>36.95</ele></trkpt>
<trkpt lat="49.5752017" lon="0.2168933"><ele>37.28</ele></trkpt>
<trkpt lat="49.5752283" lon="0.2168833"><ele>37.23</ele></trkpt>
<trkpt lat="49.5752633" lon="0.21686"><ele>37.52</ele></trkpt>
<trkpt lat="49.5752917" lon="0.2168433"><ele>38.14</ele></trkpt>
<trkpt lat="49.5753217" lon="0.21682"><ele>38.48</ele></trkpt>
<trkpt lat="49.5753467" lon="0.2168"><ele>38.75</ele></trkpt>
<trkpt lat="49.5753817" lon="0.21678"><ele>38.91</ele></trkpt>
<trkpt lat="49.5754183" lon="0.2167617"><ele>39.2</ele></trkpt>
<trkpt lat="49.5754567" lon="0.2167433"><ele>39.5</ele></trkpt>
<trkpt lat="49.575485" lon="0.21673"><ele>39.43</ele></trkpt>
<trkpt lat="49.5755133" lon="0.216715"><ele>39.33</ele></trkpt>
<trkpt lat="49.5755467" lon="0.216695"><ele>38.99</ele></trkpt>
<trkpt lat="49.57557829999999" lon="0.2166767"><ele>38.85</ele></trkpt>
<trkpt lat="49.5756167" lon="0.21666"><ele>38.82</ele></trkpt>
<trkpt lat="49.575655" lon="0.216645"><ele>38.79</ele></trkpt>
<trkpt lat="49.5756817" lon="0.21663"><ele>38.66</ele></trkpt>
<trkpt lat="49.57572" lon="0.2166083"><ele>38.69</ele></trkpt>
<trkpt lat="49.57575500000001" lon="0.21659"><ele>39.05</ele></trkpt>
<trkpt lat="49.57578999999999" lon="0.2165733"><ele>39.38</ele></trkpt>
<trkpt lat="49.5758267" lon="0.2165567"><ele>39.52</ele></trkpt>
<trkpt lat="49.575865" lon="0.2165383"><ele>39.36</ele></trkpt>
<trkpt lat="49.57589170000001" lon="0.2165233"><ele>39.07</ele></trkpt>
<trkpt lat="49.57592830000001" lon="0.2165"><ele>38.51</ele></trkpt>
<trkpt lat="49.5759567" lon="0.2164817"><ele>38.18</ele></trkpt>
<trkpt lat="49.5759933" lon="0.21646"><ele>37.96</ele></trkpt>
<trkpt lat="49.5760283" lon="0.21644"><ele>37.83</ele></trkpt>
<trkpt lat="49.5760633" lon="0.2164217"><ele>37.74</ele></trkpt>
<trkpt lat="49.5761017" lon="0.2164067"><ele>37.56</ele></trkpt>
<trkpt lat="49.57612829999999" lon="0.216395"><ele>37.68</ele></trkpt>
<trkpt lat="49.5761617" lon="0.21638"><ele>37.66</ele></trkpt>
<trkpt lat="49.57619170000001" lon="0.21636"><ele>37.69</ele></trkpt>
<trkpt lat="49.576225" lon="0.2163417"><ele>37.82</ele></trkpt>
<trkpt lat="49.57626" lon="0.21632"><ele>38.01</ele></trkpt>
<trkpt lat="49.5762917" lon="0.2162967"><ele>37.82</ele></trkpt>
<trkpt lat="49.57632329999999" lon="0.2162733"><ele>38</ele></trkpt>
<trkpt lat="49.57634830000001" lon="0.2162567"><ele>37.97</ele></trkpt>
<trkpt lat="49.5763767" lon="0.2162417"><ele>37.85</ele></trkpt>
<trkpt lat="49.5764033" lon="0.2162267"><ele>37.43</ele></trkpt>
<trkpt lat="49.5764383" lon="0.2162067"><ele>37.3</ele></trkpt>
<trkpt lat="49.57647669999999" lon="0.21619"><ele>37.55</ele></trkpt>
<trkpt lat="49.5765033" lon="0.2161783"><ele>37.86</ele></trkpt>
<trkpt lat="49.57653" lon="0.216165"><ele>38.1</ele></trkpt>
<trkpt lat="49.5765667" lon="0.2161467"><ele>38.47</ele></trkpt>
<trkpt lat="49.5766" lon="0.2161317"><ele>38.68</ele></trkpt>
<trkpt lat="49.5766267" lon="0.2161167"><ele>38.62</ele></trkpt>
<trkpt lat="49.576655" lon="0.2161033"><ele>38.44</ele></trkpt>
<trkpt lat="49.5766817" lon="0.21609"><ele>38.42</ele></trkpt>
<trkpt lat="49.5767117" lon="0.2160783"><ele>38.42</ele></trkpt>
<trkpt lat="49.57674" lon="0.2160633"><ele>38.17</ele></trkpt>
<trkpt lat="49.5767733" lon="0.2160433"><ele>38.14</ele></trkpt>
<trkpt lat="49.57681169999999" lon="0.2160233"><ele>37.88</ele></trkpt>
<trkpt lat="49.57684829999999" lon="0.216"><ele>37.3</ele></trkpt>
<trkpt lat="49.576885" lon="0.21598"><ele>36.45</ele></trkpt>
<trkpt lat="49.5769233" lon="0.21596"><ele>35.64</ele></trkpt>
<trkpt lat="49.57696" lon="0.2159417"><ele>34.66</ele></trkpt>
<trkpt lat="49.5769983" lon="0.2159217"><ele>34.14</ele></trkpt>
<trkpt lat="49.57703500000001" lon="0.2159017"><ele>33.86</ele></trkpt>
<trkpt lat="49.5770617" lon="0.2158867"><ele>33.82</ele></trkpt>
<trkpt lat="49.5770883" lon="0.2158683"><ele>33.82</ele></trkpt>
<trkpt lat="49.5771267" lon="0.2158467"><ele>34.07</ele></trkpt>
<trkpt lat="49.5771633" lon="0.2158283"><ele>34.4</ele></trkpt>
<trkpt lat="49.5771983" lon="0.2158067"><ele>34.77</ele></trkpt>
<trkpt lat="49.57723000000001" lon="0.215785"><ele>35.47</ele></trkpt>
<trkpt lat="49.5772617" lon="0.21576"><ele>36.45</ele></trkpt>
<trkpt lat="49.577295" lon="0.2157367"><ele>37.32</ele></trkpt>
<trkpt lat="49.57732" lon="0.21572"><ele>37.73</ele></trkpt>
<trkpt lat="49.5773567" lon="0.2156983"><ele>38.24</ele></trkpt>
<trkpt lat="49.5773883" lon="0.2156817"><ele>38.83</ele></trkpt>
<trkpt lat="49.5774233" lon="0.2156633"><ele>39.19</ele></trkpt>
<trkpt lat="49.5774583" lon="0.2156517"><ele>39.64</ele></trkpt>
<trkpt lat="49.577495" lon="0.2156333"><ele>39.91</ele></trkpt>
<trkpt lat="49.5775267" lon="0.2156083"><ele>39.9</ele></trkpt>
<trkpt lat="49.5775617" lon="0.215585"><ele>40.15</ele></trkpt>
<trkpt lat="49.5775867" lon="0.215565"><ele>40.21</ele></trkpt>
<trkpt lat="49.57762" lon="0.2155433"><ele>40.1</ele></trkpt>
<trkpt lat="49.5776517" lon="0.215525"><ele>40.31</ele></trkpt>
<trkpt lat="49.57767669999999" lon="0.2155083"><ele>40.15</ele></trkpt>
<trkpt lat="49.57771" lon="0.2154867"><ele>39.77</ele></trkpt>
<trkpt lat="49.57773830000001" lon="0.2154617"><ele>40.21</ele></trkpt>
<trkpt lat="49.5777717" lon="0.2154367"><ele>40.59</ele></trkpt>
<trkpt lat="49.5778033" lon="0.2154417"><ele>40.71</ele></trkpt>
<trkpt lat="49.57783" lon="0.21545"><ele>40.62</ele></trkpt>
<trkpt lat="49.57786669999999" lon="0.21545"><ele>40.36</ele></trkpt>
<trkpt lat="49.577895" lon="0.2154483"><ele>40.06</ele></trkpt>
<trkpt lat="49.57792830000001" lon="0.2154367"><ele>39.45</ele></trkpt>
<trkpt lat="49.57795830000001" lon="0.2154183"><ele>39.33</ele></trkpt>
<trkpt lat="49.57798499999999" lon="0.2154017"><ele>38.99</ele></trkpt>
<trkpt lat="49.57801330000001" lon="0.2153867"><ele>38.4</ele></trkpt>
<trkpt lat="49.57803669999999" lon="0.215365"><ele>38.06</ele></trkpt>
<trkpt lat="49.5780667" lon="0.215345"><ele>37.75</ele></trkpt>
<trkpt lat="49.5781033" lon="0.215325"><ele>37.63</ele></trkpt>
<trkpt lat="49.578135" lon="0.2153017"><ele>37.43</ele></trkpt>
<trkpt lat="49.5781633" lon="0.2152817"><ele>37.42</ele></trkpt>
<trkpt lat="49.5781917" lon="0.2152617"><ele>37.68</ele></trkpt>
<trkpt lat="49.57822" lon="0.2152383"><ele>37.9</ele></trkpt>
<trkpt lat="49.5782467" lon="0.2152083"><ele>38.1</ele></trkpt>
<trkpt lat="49.5782783" lon="0.215175"><ele>38.11</ele></trkpt>
<trkpt lat="49.57831" lon="0.2151417"><ele>38.37</ele></trkpt>
<trkpt lat="49.5783417" lon="0.2151167"><ele>38.5</ele></trkpt>
<trkpt lat="49.5783667" lon="0.2150883"><ele>38.84</ele></trkpt>
<trkpt lat="49.5783933" lon="0.21506"><ele>39.11</ele></trkpt>
<trkpt lat="49.5784283" lon="0.215035"><ele>39.11</ele></trkpt>
<trkpt lat="49.57845830000001" lon="0.2150067"><ele>39.21</ele></trkpt>
<trkpt lat="49.57849" lon="0.21498"><ele>39.21</ele></trkpt>
<trkpt lat="49.5785217" lon="0.2149567"><ele>39.12</ele></trkpt>
<trkpt lat="49.5785517" lon="0.2149317"><ele>39.02</ele></trkpt>
<trkpt lat="49.5785817" lon="0.214905"><ele>39.04</ele></trkpt>
<trkpt lat="49.5786133" lon="0.2148833"><ele>39.04</ele></trkpt>
<trkpt lat="49.5786433" lon="0.21486"><ele>38.83</ele></trkpt>
<trkpt lat="49.57867" lon="0.2148367"><ele>38.81</ele></trkpt>
<trkpt lat="49.5787017" lon="0.2148017"><ele>38.91</ele></trkpt>
<trkpt lat="49.57873499999999" lon="0.21477"><ele>38.75</ele></trkpt>
<trkpt lat="49.57876" lon="0.2147467"><ele>38.72</ele></trkpt>
<trkpt lat="49.5787833" lon="0.214725"><ele>38.69</ele></trkpt>
<trkpt lat="49.57881500000001" lon="0.214695"><ele>38.92</ele></trkpt>
<trkpt lat="49.5788467" lon="0.214665"><ele>39.27</ele></trkpt>
<trkpt lat="49.57888" lon="0.21464"><ele>39.4</ele></trkpt>
<trkpt lat="49.5789133" lon="0.2146067"><ele>39.5</ele></trkpt>
<trkpt lat="49.57894" lon="0.21458"><ele>39.37</ele></trkpt>
<trkpt lat="49.5789667" lon="0.2145517"><ele>38.97</ele></trkpt>
<trkpt lat="49.5789983" lon="0.2145183"><ele>38.66</ele></trkpt>
<trkpt lat="49.57903" lon="0.2144867"><ele>38.36</ele></trkpt>
<trkpt lat="49.579055" lon="0.2144667"><ele>38.23</ele></trkpt>
<trkpt lat="49.57909000000001" lon="0.2144383"><ele>38.28</ele></trkpt>
<trkpt lat="49.5791217" lon="0.21441"><ele>38.66</ele></trkpt>
<trkpt lat="49.57915000000001" lon="0.21439"><ele>38.95</ele></trkpt>
<trkpt lat="49.57917830000001" lon="0.21437"><ele>39.08</ele></trkpt>
<trkpt lat="49.5792067" lon="0.2143433"><ele>39.44</ele></trkpt>
<trkpt lat="49.579235" lon="0.2143167"><ele>39.96</ele></trkpt>
<trkpt lat="49.5792617" lon="0.214285"><ele>40.5</ele></trkpt>
<trkpt lat="49.5792917" lon="0.2142567"><ele>40.86</ele></trkpt>
<trkpt lat="49.5793167" lon="0.214235"><ele>40.98</ele></trkpt>
<trkpt lat="49.5793467" lon="0.21421"><ele>41.2</ele></trkpt>
<trkpt lat="49.5793733" lon="0.2141817"><ele>41.05</ele></trkpt>
<trkpt lat="49.57940000000001" lon="0.2141517"><ele>41.2</ele></trkpt>
<trkpt lat="49.57942500000001" lon="0.2141267"><ele>41.4</ele></trkpt>
<trkpt lat="49.57945000000001" lon="0.2141017"><ele>41.41</ele></trkpt>
<trkpt lat="49.579475" lon="0.2140733"><ele>41.94</ele></trkpt>
<trkpt lat="49.5794967" lon="0.2140383"><ele>42.3</ele></trkpt>
<trkpt lat="49.5795183" lon="0.2140117"><ele>42.26</ele></trkpt>
<trkpt lat="49.579545" lon="0.2139733"><ele>42.28</ele></trkpt>
<trkpt lat="49.57957329999999" lon="0.2139383"><ele>42.43</ele></trkpt>
<trkpt lat="49.579605" lon="0.2139083"><ele>42.34</ele></trkpt>
<trkpt lat="49.57963329999999" lon="0.2138833"><ele>42.33</ele></trkpt>
<trkpt lat="49.5796617" lon="0.213855"><ele>42.36</ele></trkpt>
<trkpt lat="49.5796883" lon="0.21383"><ele>42.21</ele></trkpt>
<trkpt lat="49.57971329999999" lon="0.2137983"><ele>42.37</ele></trkpt>
<trkpt lat="49.57974329999999" lon="0.213765"><ele>42.46</ele></trkpt>
<trkpt lat="49.5797717" lon="0.2137383"><ele>42.32</ele></trkpt>
<trkpt lat="49.5798033" lon="0.213715"><ele>41.96</ele></trkpt>
<trkpt lat="49.579835" lon="0.21369"><ele>41.65</ele></trkpt>
<trkpt lat="49.579865" lon="0.213665"><ele>41.89</ele></trkpt>
<trkpt lat="49.579895" lon="0.21364"><ele>42.02</ele></trkpt>
<trkpt lat="49.5799283" lon="0.213615"><ele>42.08</ele></trkpt>
<trkpt lat="49.5799617" lon="0.21359"><ele>41.94</ele></trkpt>
<trkpt lat="49.579995" lon="0.2135633"><ele>41.94</ele></trkpt>
<trkpt lat="49.5800267" lon="0.213535"><ele>42</ele></trkpt>
<trkpt lat="49.5800567" lon="0.2135117"><ele>42.18</ele></trkpt>
<trkpt lat="49.580085" lon="0.21349"><ele>42.38</ele></trkpt>
<trkpt lat="49.5801133" lon="0.213465"><ele>42.48</ele></trkpt>
<trkpt lat="49.5801433" lon="0.213435"><ele>42.79</ele></trkpt>
<trkpt lat="49.5801733" lon="0.2134067"><ele>42.95</ele></trkpt>
<trkpt lat="49.5802033" lon="0.2133767"><ele>42.92</ele></trkpt>
<trkpt lat="49.58023169999999" lon="0.2133467"><ele>42.82</ele></trkpt>
<trkpt lat="49.5802617" lon="0.2133217"><ele>42.81</ele></trkpt>
<trkpt lat="49.58029000000001" lon="0.213295"><ele>42.64</ele></trkpt>
<trkpt lat="49.58031999999999" lon="0.21326"><ele>43.32</ele></trkpt>
<trkpt lat="49.5803517" lon="0.213235"><ele>43.41</ele></trkpt>
<trkpt lat="49.5803833" lon="0.2132133"><ele>43.39</ele></trkpt>
<trkpt lat="49.58041329999999" lon="0.2131867"><ele>43.74</ele></trkpt>
<trkpt lat="49.580445" lon="0.2131633"><ele>43.94</ele></trkpt>
<trkpt lat="49.580475" lon="0.213145"><ele>43.91</ele></trkpt>
<trkpt lat="49.580505" lon="0.2131167"><ele>43.98</ele></trkpt>
<trkpt lat="49.580535" lon="0.21309"><ele>43.95</ele></trkpt>
<trkpt lat="49.58056500000001" lon="0.21306"><ele>44.02</ele></trkpt>
<trkpt lat="49.5805933" lon="0.2130333"><ele>43.73</ele></trkpt>
<trkpt lat="49.580625" lon="0.2130033"><ele>43.81</ele></trkpt>
<trkpt lat="49.58065330000001" lon="0.212975"><ele>43.72</ele></trkpt>
<trkpt lat="49.580685" lon="0.212945"><ele>43.96</ele></trkpt>
<trkpt lat="49.5807167" lon="0.2129117"><ele>44.18</ele></trkpt>
<trkpt lat="49.5807483" lon="0.2128817"><ele>44.14</ele></trkpt>
<trkpt lat="49.5807817" lon="0.2128533"><ele>44.04</ele></trkpt>
<trkpt lat="49.58081" lon="0.212825"><ele>44.08</ele></trkpt>
<trkpt lat="49.5808383" lon="0.2127983"><ele>44.28</ele></trkpt>
<trkpt lat="49.5808683" lon="0.2127683"><ele>44.64</ele></trkpt>
<trkpt lat="49.5808933" lon="0.2127417"><ele>45.06</ele></trkpt>
<trkpt lat="49.5809233" lon="0.212715"><ele>44.82</ele></trkpt>
<trkpt lat="49.580955" lon="0.2126867"><ele>44.95</ele></trkpt>
<trkpt lat="49.58099" lon="0.2126567"><ele>44.85</ele></trkpt>
<trkpt lat="49.58102670000001" lon="0.21264"><ele>44.62</ele></trkpt>
<trkpt lat="49.58106" lon="0.212615"><ele>44.75</ele></trkpt>
<trkpt lat="49.5810917" lon="0.2125867"><ele>45.14</ele></trkpt>
<trkpt lat="49.5811183" lon="0.2125633"><ele>45.46</ele></trkpt>
<trkpt lat="49.5811483" lon="0.21254"><ele>46.09</ele></trkpt>
<trkpt lat="49.5811733" lon="0.2125183"><ele>46.58</ele></trkpt>
<trkpt lat="49.58120000000001" lon="0.2124867"><ele>47.02999999999999</ele></trkpt>
<trkpt lat="49.5812283" lon="0.2124567"><ele>47.55</ele></trkpt>
<trkpt lat="49.5812533" lon="0.2124283"><ele>48.19</ele></trkpt>
<trkpt lat="49.5812767" lon="0.2124067"><ele>48.91</ele></trkpt>
<trkpt lat="49.581305" lon="0.212425"><ele>49.57</ele></trkpt>
<trkpt lat="49.5813167" lon="0.2124633"><ele>49.91</ele></trkpt>
<trkpt lat="49.5813183" lon="0.2125183"><ele>49.28</ele></trkpt>
<trkpt lat="49.58133" lon="0.21256"><ele>48.59</ele></trkpt>
<trkpt lat="49.58134830000001" lon="0.2126117"><ele>48.41</ele></trkpt>
<trkpt lat="49.58136170000001" lon="0.2126683"><ele>48.41</ele></trkpt>
<trkpt lat="49.5813767" lon="0.2127167"><ele>48.34</ele></trkpt>
<trkpt lat="49.5813917" lon="0.212765"><ele>48.31</ele></trkpt>
<trkpt lat="49.5814067" lon="0.2128083"><ele>47.69</ele></trkpt>
<trkpt lat="49.58142500000001" lon="0.2128533"><ele>46.93</ele></trkpt>
<trkpt lat="49.5814433" lon="0.2128983"><ele>46.43</ele></trkpt>
<trkpt lat="49.5814617" lon="0.2129433"><ele>45.95</ele></trkpt>
<trkpt lat="49.5814783" lon="0.2129833"><ele>45.36</ele></trkpt>
<trkpt lat="49.581495" lon="0.2130267"><ele>44.5</ele></trkpt>
<trkpt lat="49.58150670000001" lon="0.2130733"><ele>43.5</ele></trkpt>
<trkpt lat="49.5815383" lon="0.2130933"><ele>43.24</ele></trkpt>
<trkpt lat="49.58156999999999" lon="0.21308"><ele>42.76</ele></trkpt>
<trkpt lat="49.5816033" lon="0.2130583"><ele>42.48</ele></trkpt>
<trkpt lat="49.58163329999999" lon="0.21305"><ele>42.12</ele></trkpt>
<trkpt lat="49.58165829999999" lon="0.2130733"><ele>42.11</ele></trkpt>
<trkpt lat="49.58164669999999" lon="0.2131233"><ele>42.02</ele></trkpt>
<trkpt lat="49.581635" lon="0.2131683"><ele>42.16</ele></trkpt>
<trkpt lat="49.5816183" lon="0.2132083"><ele>42.35</ele></trkpt>
<trkpt lat="49.5815983" lon="0.21325"><ele>42.6</ele></trkpt>
<trkpt lat="49.5815833" lon="0.2132883"><ele>42.44</ele></trkpt>
<trkpt lat="49.581565" lon="0.213335"><ele>42.1</ele></trkpt>
<trkpt lat="49.58154499999999" lon="0.2133817"><ele>41.14</ele></trkpt>
<trkpt lat="49.58153" lon="0.2134217"><ele>40.14</ele></trkpt>
<trkpt lat="49.58150670000001" lon="0.2134567"><ele>39.38</ele></trkpt>
<trkpt lat="49.5814917" lon="0.213495"><ele>38.75</ele></trkpt>
<trkpt lat="49.58148" lon="0.213545"><ele>38</ele></trkpt>
<trkpt lat="49.5814767" lon="0.2135917"><ele>37.92</ele></trkpt>
<trkpt lat="49.58149" lon="0.2136383"><ele>37.98</ele></trkpt>
<trkpt lat="49.5814983" lon="0.21368"><ele>38.66</ele></trkpt>
<trkpt lat="49.5815117" lon="0.2137367"><ele>38.63</ele></trkpt>
<trkpt lat="49.5815267" lon="0.21378"><ele>38.68</ele></trkpt>
<trkpt lat="49.5815567" lon="0.2138117"><ele>38.62</ele></trkpt>
<trkpt lat="49.58159500000001" lon="0.2138267"><ele>38.51</ele></trkpt>
<trkpt lat="49.5816317" lon="0.21385"><ele>38.6</ele></trkpt>
<trkpt lat="49.5816633" lon="0.2138783"><ele>38.68</ele></trkpt>
<trkpt lat="49.58169" lon="0.2139067"><ele>38.71</ele></trkpt>
<trkpt lat="49.58172170000001" lon="0.2139333"><ele>38.33</ele></trkpt>
<trkpt lat="49.58175" lon="0.21396"><ele>38.14</ele></trkpt>
<trkpt lat="49.58178500000001" lon="0.213975"><ele>38.44</ele></trkpt>
<trkpt lat="49.58181999999999" lon="0.21399"><ele>38.25</ele></trkpt>
<trkpt lat="49.5818567" lon="0.2140067"><ele>38.14</ele></trkpt>
<trkpt lat="49.58189" lon="0.21402"><ele>37.73</ele></trkpt>
<trkpt lat="49.58192669999999" lon="0.21404"><ele>37.54</ele></trkpt>
<trkpt lat="49.58196330000001" lon="0.2140467"><ele>37.34</ele></trkpt>
<trkpt lat="49.58199329999999" lon="0.2140483"><ele>37.03</ele></trkpt>
<trkpt lat="49.5820267" lon="0.2140667"><ele>37.08</ele></trkpt>
<trkpt lat="49.582055" lon="0.214095"><ele>37.23</ele></trkpt>
<trkpt lat="49.58209" lon="0.2141167"><ele>37.56</ele></trkpt>
<trkpt lat="49.5821233" lon="0.2141417"><ele>38.19</ele></trkpt>
<trkpt lat="49.5821483" lon="0.2141583"><ele>38.46</ele></trkpt>
<trkpt lat="49.582185" lon="0.2141833"><ele>37.94</ele></trkpt>
<trkpt lat="49.5822217" lon="0.2142033"><ele>37.98</ele></trkpt>
<trkpt lat="49.58225" lon="0.2142217"><ele>38.05</ele></trkpt>
</trkseg></trk>
</gpx>