<?xml version="1.0" encoding="UTF-8"?>
<gpx version="1.1" creator="Marando" xmlns="http://www.topografix.com/GPX/1/1">
<wpt lat="49.582546024467355" lon="0.21445613051408244"><ele>86</ele><name>Départ</name><desc>Le nom de la commune trouve son origine dans le latin fontana, qui fait référence à l'abondance des sources et des fontaines présentes sur le territoire. D'ailleurs, la devise historique de la commune illustre bien cet attachement : « La source coule toujours ». Les plus anciennes mentions écrites du village remontent aux environs de 1210 sous des formes latinisées telles que Fontenei.</desc></wpt>
<wpt lat="49.5630332" lon="0.1987716"><ele>0</ele><name>Chevaux Vallon de Nerval</name><desc>Le Fond de Nerval est bien identifié à Fontenay et constitue un site naturel répertorié en ZNIEFF de type I, notamment pour ses prairies et sa chênaie.</desc></wpt>
<wpt lat="49.5566793" lon="0.1929873"><ele>0</ele><name>La Clinarderie</name><desc>Le toponyme Clinarderie est anciennement implanté dans ce secteur, comme l’attestent encore le hameau, le chemin et le Fonds de la Clinarderie. Depuis le vallon de Nerval, cette étape permet ainsi de retrouver un paysage rural qui a progressivement été gagné par l’urbanisation montivillonnaise.</desc></wpt>
<wpt lat="49.58283817814597" lon="0.21418800035592603"><ele>83</ele><name>Arrivée</name><desc>Sous l'Ancien Régime et surtout au cours du XIXe et du début du XXe siècle, les "champs de foire" étaient des espaces ouverts aménagés à l'extérieur ou en marge du bourg principal. Ils servaient de lieux de rassemblement périodiques.</desc></wpt>
<trk><name>Le tour du Fontenay</name><trkseg>
<trkpt lat="49.5825828" lon="0.2143969"><ele>82</ele></trkpt>
<trkpt lat="49.5825368" lon="0.214391"><ele>86</ele></trkpt>
<trkpt lat="49.5824892" lon="0.2143848"><ele>82</ele></trkpt>
<trkpt lat="49.5824385" lon="0.2143805"><ele>82</ele></trkpt>
<trkpt lat="49.5823927" lon="0.2143541"><ele>83</ele></trkpt>
<trkpt lat="49.582349" lon="0.2143303"><ele>83</ele></trkpt>
<trkpt lat="49.582305" lon="0.2143132"><ele>82</ele></trkpt>
<trkpt lat="49.58222369999999" lon="0.2142528"><ele>83</ele></trkpt>
<trkpt lat="49.58217879999999" lon="0.2142361"><ele>83</ele></trkpt>
<trkpt lat="49.5821292" lon="0.2142268"><ele>83</ele></trkpt>
<trkpt lat="49.58208279999999" lon="0.2142148"><ele>83</ele></trkpt>
<trkpt lat="49.5820399" lon="0.2141725"><ele>82</ele></trkpt>
<trkpt lat="49.5819983" lon="0.2141393"><ele>83</ele></trkpt>
<trkpt lat="49.581956" lon="0.2141011"><ele>83</ele></trkpt>
<trkpt lat="49.5819167" lon="0.214062"><ele>84</ele></trkpt>
<trkpt lat="49.5818768" lon="0.2140253"><ele>83</ele></trkpt>
<trkpt lat="49.5818351" lon="0.2139855"><ele>83</ele></trkpt>
<trkpt lat="49.5817913" lon="0.2139632"><ele>83</ele></trkpt>
<trkpt lat="49.5817455" lon="0.2139575"><ele>81</ele></trkpt>
<trkpt lat="49.58170620000001" lon="0.2139169"><ele>82</ele></trkpt>
<trkpt lat="49.581664" lon="0.2138737"><ele>82</ele></trkpt>
<trkpt lat="49.58162180000001" lon="0.2138363"><ele>82</ele></trkpt>
<trkpt lat="49.58157709999999" lon="0.2138094"><ele>82</ele></trkpt>
<trkpt lat="49.5815315" lon="0.21379"><ele>83</ele></trkpt>
<trkpt lat="49.58150489999999" lon="0.2137334"><ele>89</ele></trkpt>
<trkpt lat="49.5814783" lon="0.2136712"><ele>89</ele></trkpt>
<trkpt lat="49.5814736" lon="0.2136009"><ele>81</ele></trkpt>
<trkpt lat="49.581469" lon="0.2135253"><ele>81</ele></trkpt>
<trkpt lat="49.58149310000001" lon="0.2134619"><ele>89</ele></trkpt>
<trkpt lat="49.5815295" lon="0.2134082"><ele>89</ele></trkpt>
<trkpt lat="49.5815656" lon="0.2133528"><ele>88</ele></trkpt>
<trkpt lat="49.581594" lon="0.2132935"><ele>91</ele></trkpt>
<trkpt lat="49.5816144" lon="0.2132243"><ele>89</ele></trkpt>
<trkpt lat="49.58164050000001" lon="0.2131624"><ele>88</ele></trkpt>
<trkpt lat="49.5816716" lon="0.2131069"><ele>89</ele></trkpt>
<trkpt lat="49.5816704" lon="0.2130365"><ele>91</ele></trkpt>
<trkpt lat="49.5816209" lon="0.213059"><ele>91</ele></trkpt>
<trkpt lat="49.5815774" lon="0.2130862"><ele>89</ele></trkpt>
<trkpt lat="49.581531" lon="0.2130861"><ele>91</ele></trkpt>
<trkpt lat="49.5815668" lon="0.2130324"><ele>89</ele></trkpt>
<trkpt lat="49.58161" lon="0.2129994"><ele>91</ele></trkpt>
<trkpt lat="49.5816545" lon="0.2129686"><ele>91</ele></trkpt>
<trkpt lat="49.5817015" lon="0.2129464"><ele>91</ele></trkpt>
<trkpt lat="49.5817434" lon="0.2129183"><ele>89</ele></trkpt>
<trkpt lat="49.58178940000001" lon="0.2128831"><ele>89</ele></trkpt>
<trkpt lat="49.5818175" lon="0.212825"><ele>89</ele></trkpt>
<trkpt lat="49.5818296" lon="0.2127566"><ele>91</ele></trkpt>
<trkpt lat="49.5818337" lon="0.2126782"><ele>88</ele></trkpt>
<trkpt lat="49.5818288" lon="0.2126002"><ele>88</ele></trkpt>
<trkpt lat="49.5818216" lon="0.2125225"><ele>91</ele></trkpt>
<trkpt lat="49.5818093" lon="0.2124508"><ele>91</ele></trkpt>
<trkpt lat="49.58179799999999" lon="0.2123808"><ele>91</ele></trkpt>
<trkpt lat="49.5817946" lon="0.2123046"><ele>91</ele></trkpt>
<trkpt lat="49.5817976" lon="0.2122352"><ele>91</ele></trkpt>
<trkpt lat="49.5818365" lon="0.2121973"><ele>91</ele></trkpt>
<trkpt lat="49.5818847" lon="0.212192"><ele>91</ele></trkpt>
<trkpt lat="49.5819307" lon="0.2121864"><ele>91</ele></trkpt>
<trkpt lat="49.5819798" lon="0.2121827"><ele>91</ele></trkpt>
<trkpt lat="49.5820289" lon="0.212163"><ele>91</ele></trkpt>
<trkpt lat="49.58207179999999" lon="0.2121415"><ele>91</ele></trkpt>
<trkpt lat="49.58210630000001" lon="0.2120913"><ele>91</ele></trkpt>
<trkpt lat="49.5821416" lon="0.2120379"><ele>91</ele></trkpt>
<trkpt lat="49.5821815" lon="0.2120053"><ele>91</ele></trkpt>
<trkpt lat="49.5822319" lon="0.2119877"><ele>88</ele></trkpt>
<trkpt lat="49.5822786" lon="0.2119579"><ele>88</ele></trkpt>
<trkpt lat="49.5823212" lon="0.2119305"><ele>88</ele></trkpt>
<trkpt lat="49.5823327" lon="0.2117953"><ele>88</ele></trkpt>
<trkpt lat="49.5823723" lon="0.2117599"><ele>87</ele></trkpt>
<trkpt lat="49.58241670000001" lon="0.2117465"><ele>87</ele></trkpt>
<trkpt lat="49.5824649" lon="0.2117431"><ele>87</ele></trkpt>
<trkpt lat="49.5824955" lon="0.2116648"><ele>87</ele></trkpt>
<trkpt lat="49.5824905" lon="0.2115885"><ele>88</ele></trkpt>
<trkpt lat="49.58248620000001" lon="0.2115183"><ele>88</ele></trkpt>
<trkpt lat="49.5824509" lon="0.2114647"><ele>89</ele></trkpt>
<trkpt lat="49.5824118" lon="0.2114188"><ele>89</ele></trkpt>
<trkpt lat="49.5823502" lon="0.2113054"><ele>92</ele></trkpt>
<trkpt lat="49.5823223" lon="0.2112509"><ele>92</ele></trkpt>
<trkpt lat="49.5822981" lon="0.2111888"><ele>92</ele></trkpt>
<trkpt lat="49.5822857" lon="0.2111219"><ele>91</ele></trkpt>
<trkpt lat="49.58226049999999" lon="0.2110581"><ele>91</ele></trkpt>
<trkpt lat="49.5822283" lon="0.2110045"><ele>91</ele></trkpt>
<trkpt lat="49.5821963" lon="0.2109448"><ele>92</ele></trkpt>
<trkpt lat="49.5821597" lon="0.2108889"><ele>92</ele></trkpt>
<trkpt lat="49.5821139" lon="0.2108562"><ele>92</ele></trkpt>
<trkpt lat="49.5820686" lon="0.2108282"><ele>92</ele></trkpt>
<trkpt lat="49.5820224" lon="0.2107991"><ele>92</ele></trkpt>
<trkpt lat="49.58197550000001" lon="0.2107679"><ele>92</ele></trkpt>
<trkpt lat="49.5819323" lon="0.2107288"><ele>92</ele></trkpt>
<trkpt lat="49.5818902" lon="0.2106859"><ele>92</ele></trkpt>
<trkpt lat="49.5818504" lon="0.210642"><ele>92</ele></trkpt>
<trkpt lat="49.5818158" lon="0.2105857"><ele>92</ele></trkpt>
<trkpt lat="49.5817877" lon="0.2105285"><ele>92</ele></trkpt>
<trkpt lat="49.5817566" lon="0.2104743"><ele>92</ele></trkpt>
<trkpt lat="49.5817243" lon="0.2104253"><ele>92</ele></trkpt>
<trkpt lat="49.58169220000001" lon="0.2103723"><ele>92</ele></trkpt>
<trkpt lat="49.5816604" lon="0.21032"><ele>92</ele></trkpt>
<trkpt lat="49.5816263" lon="0.2102728"><ele>92</ele></trkpt>
<trkpt lat="49.5815831" lon="0.2102297"><ele>92</ele></trkpt>
<trkpt lat="49.58154270000001" lon="0.2101921"><ele>92</ele></trkpt>
<trkpt lat="49.5815028" lon="0.2101501"><ele>97</ele></trkpt>
<trkpt lat="49.5814614" lon="0.2101104"><ele>97</ele></trkpt>
<trkpt lat="49.5814198" lon="0.2100757"><ele>98.00000000000001</ele></trkpt>
<trkpt lat="49.5813821" lon="0.2100327"><ele>98.00000000000001</ele></trkpt>
<trkpt lat="49.5813466" lon="0.2099886"><ele>97</ele></trkpt>
<trkpt lat="49.5813079" lon="0.2099455"><ele>98.00000000000001</ele></trkpt>
<trkpt lat="49.5812696" lon="0.209892"><ele>98.00000000000001</ele></trkpt>
<trkpt lat="49.581234" lon="0.2098432"><ele>98.00000000000001</ele></trkpt>
<trkpt lat="49.5811944" lon="0.2097943"><ele>98.00000000000001</ele></trkpt>
<trkpt lat="49.5811591" lon="0.2097512"><ele>98.00000000000001</ele></trkpt>
<trkpt lat="49.58111989999999" lon="0.2097083"><ele>98.00000000000001</ele></trkpt>
<trkpt lat="49.58108039999999" lon="0.2096707"><ele>98.00000000000001</ele></trkpt>
<trkpt lat="49.5810387" lon="0.2096317"><ele>98.00000000000001</ele></trkpt>
<trkpt lat="49.5809983" lon="0.2095909"><ele>98.00000000000001</ele></trkpt>
<trkpt lat="49.58096329999999" lon="0.2095426"><ele>98.00000000000001</ele></trkpt>
<trkpt lat="49.58093480000001" lon="0.2094849"><ele>98.00000000000001</ele></trkpt>
<trkpt lat="49.5809048" lon="0.2094288"><ele>113</ele></trkpt>
<trkpt lat="49.5808731" lon="0.2093764"><ele>113</ele></trkpt>
<trkpt lat="49.58083880000001" lon="0.2093274"><ele>113</ele></trkpt>
<trkpt lat="49.5808021" lon="0.2092753"><ele>98.00000000000001</ele></trkpt>
<trkpt lat="49.5807677" lon="0.2092221"><ele>98.00000000000001</ele></trkpt>
<trkpt lat="49.58072730000001" lon="0.2091738"><ele>98.00000000000001</ele></trkpt>
<trkpt lat="49.58068810000001" lon="0.2091323"><ele>98.00000000000001</ele></trkpt>
<trkpt lat="49.5806528" lon="0.2090876"><ele>99.00000000000001</ele></trkpt>
<trkpt lat="49.5806147" lon="0.2090492"><ele>99.00000000000001</ele></trkpt>
<trkpt lat="49.5805714" lon="0.2090238"><ele>99.00000000000001</ele></trkpt>
<trkpt lat="49.5805281" lon="0.2090016"><ele>99.00000000000001</ele></trkpt>
<trkpt lat="49.58048650000001" lon="0.2089735"><ele>99.00000000000001</ele></trkpt>
<trkpt lat="49.5804391" lon="0.2089418"><ele>99.00000000000001</ele></trkpt>
<trkpt lat="49.58039440000001" lon="0.2089188"><ele>99.00000000000001</ele></trkpt>
<trkpt lat="49.5803495" lon="0.2088944"><ele>99.00000000000001</ele></trkpt>
<trkpt lat="49.5803056" lon="0.2088688"><ele>99.00000000000001</ele></trkpt>
<trkpt lat="49.5802623" lon="0.2088454"><ele>99.00000000000001</ele></trkpt>
<trkpt lat="49.58022" lon="0.2088201"><ele>99.00000000000001</ele></trkpt>
<trkpt lat="49.5801773" lon="0.2087982"><ele>99.00000000000001</ele></trkpt>
<trkpt lat="49.5801327" lon="0.2087838"><ele>99.00000000000001</ele></trkpt>
<trkpt lat="49.5800918" lon="0.2087494"><ele>99.00000000000001</ele></trkpt>
<trkpt lat="49.5800553" lon="0.2087072"><ele>99.00000000000001</ele></trkpt>
<trkpt lat="49.5800113" lon="0.20867"><ele>99.00000000000001</ele></trkpt>
<trkpt lat="49.5799682" lon="0.2086345"><ele>99.00000000000001</ele></trkpt>
<trkpt lat="49.5799237" lon="0.2086055"><ele>99.00000000000001</ele></trkpt>
<trkpt lat="49.5798781" lon="0.2085819"><ele>99.00000000000001</ele></trkpt>
<trkpt lat="49.5798324" lon="0.208559"><ele>99.00000000000001</ele></trkpt>
<trkpt lat="49.57978909999999" lon="0.2085396"><ele>99.00000000000001</ele></trkpt>
<trkpt lat="49.57974599999999" lon="0.2085179"><ele>99.00000000000001</ele></trkpt>
<trkpt lat="49.57970289999999" lon="0.208489"><ele>99.00000000000001</ele></trkpt>
<trkpt lat="49.5796574" lon="0.2084609"><ele>99.00000000000001</ele></trkpt>
<trkpt lat="49.57956620000001" lon="0.2084187"><ele>99.00000000000001</ele></trkpt>
<trkpt lat="49.5795187" lon="0.2084065"><ele>99.00000000000001</ele></trkpt>
<trkpt lat="49.5794735" lon="0.2083912"><ele>99.00000000000001</ele></trkpt>
<trkpt lat="49.57942849999999" lon="0.2083768"><ele>99.00000000000001</ele></trkpt>
<trkpt lat="49.57938070000001" lon="0.2083647"><ele>99.00000000000001</ele></trkpt>
<trkpt lat="49.5793322" lon="0.2083418"><ele>99.00000000000001</ele></trkpt>
<trkpt lat="49.57928770000001" lon="0.208318"><ele>99.00000000000001</ele></trkpt>
<trkpt lat="49.5792417" lon="0.2082946"><ele>111</ele></trkpt>
<trkpt lat="49.5791988" lon="0.2082726"><ele>111</ele></trkpt>
<trkpt lat="49.57914880000001" lon="0.2082445"><ele>112</ele></trkpt>
<trkpt lat="49.5791042" lon="0.2082166"><ele>111</ele></trkpt>
<trkpt lat="49.5790621" lon="0.2081869"><ele>111</ele></trkpt>
<trkpt lat="49.579017" lon="0.2081528"><ele>111</ele></trkpt>
<trkpt lat="49.5789714" lon="0.2081171"><ele>111</ele></trkpt>
<trkpt lat="49.5789305" lon="0.2080777"><ele>112</ele></trkpt>
<trkpt lat="49.5788925" lon="0.2080405"><ele>112</ele></trkpt>
<trkpt lat="49.57885209999999" lon="0.2080063"><ele>114</ele></trkpt>
<trkpt lat="49.57881320000001" lon="0.2079709"><ele>115</ele></trkpt>
<trkpt lat="49.578772" lon="0.2079362"><ele>116</ele></trkpt>
<trkpt lat="49.5787309" lon="0.2078981"><ele>117</ele></trkpt>
<trkpt lat="49.5786925" lon="0.207856"><ele>117</ele></trkpt>
<trkpt lat="49.57865390000001" lon="0.2078138"><ele>117</ele></trkpt>
<trkpt lat="49.5786126" lon="0.2077778"><ele>117</ele></trkpt>
<trkpt lat="49.5785728" lon="0.2077406"><ele>117</ele></trkpt>
<trkpt lat="49.57852989999999" lon="0.2077019"><ele>117</ele></trkpt>
<trkpt lat="49.57849209999999" lon="0.2076586"><ele>118</ele></trkpt>
<trkpt lat="49.57845409999999" lon="0.2076121"><ele>118</ele></trkpt>
<trkpt lat="49.5784173" lon="0.2075717"><ele>118</ele></trkpt>
<trkpt lat="49.5783807" lon="0.2075305"><ele>118</ele></trkpt>
<trkpt lat="49.5783417" lon="0.2074895"><ele>118</ele></trkpt>
<trkpt lat="49.5783038" lon="0.207444"><ele>119</ele></trkpt>
<trkpt lat="49.578267" lon="0.2074027"><ele>119</ele></trkpt>
<trkpt lat="49.57822929999999" lon="0.2073602"><ele>120</ele></trkpt>
<trkpt lat="49.5781895" lon="0.2073137"><ele>120</ele></trkpt>
<trkpt lat="49.5781513" lon="0.2072683"><ele>121</ele></trkpt>
<trkpt lat="49.578115" lon="0.2072222"><ele>122</ele></trkpt>
<trkpt lat="49.5780766" lon="0.2071734"><ele>121</ele></trkpt>
<trkpt lat="49.57804179999999" lon="0.2071282"><ele>122</ele></trkpt>
<trkpt lat="49.5780045" lon="0.2070823"><ele>122</ele></trkpt>
<trkpt lat="49.5779696" lon="0.2070312"><ele>121</ele></trkpt>
<trkpt lat="49.57793600000001" lon="0.2069799"><ele>122</ele></trkpt>
<trkpt lat="49.5779017" lon="0.2069342"><ele>122</ele></trkpt>
<trkpt lat="49.5778672" lon="0.20688"><ele>122</ele></trkpt>
<trkpt lat="49.57783249999999" lon="0.2068299"><ele>122</ele></trkpt>
<trkpt lat="49.5777984" lon="0.2067713"><ele>122</ele></trkpt>
<trkpt lat="49.5777689" lon="0.2067176"><ele>122</ele></trkpt>
<trkpt lat="49.577741" lon="0.2066631"><ele>122</ele></trkpt>
<trkpt lat="49.5777093" lon="0.2066073"><ele>122</ele></trkpt>
<trkpt lat="49.5776733" lon="0.2065552"><ele>123</ele></trkpt>
<trkpt lat="49.5776373" lon="0.2065007"><ele>124</ele></trkpt>
<trkpt lat="49.5776049" lon="0.2064509"><ele>125</ele></trkpt>
<trkpt lat="49.5775699" lon="0.206407"><ele>125</ele></trkpt>
<trkpt lat="49.5775322" lon="0.2063614"><ele>126</ele></trkpt>
<trkpt lat="49.5774932" lon="0.2063225"><ele>126</ele></trkpt>
<trkpt lat="49.5774588" lon="0.2062772"><ele>127</ele></trkpt>
<trkpt lat="49.5774219" lon="0.2062282"><ele>127</ele></trkpt>
<trkpt lat="49.57738640000001" lon="0.206179"><ele>128</ele></trkpt>
<trkpt lat="49.5773528" lon="0.2061317"><ele>128</ele></trkpt>
<trkpt lat="49.5773148" lon="0.2060811"><ele>127</ele></trkpt>
<trkpt lat="49.5772824" lon="0.2060327"><ele>127</ele></trkpt>
<trkpt lat="49.5772465" lon="0.2059792"><ele>127</ele></trkpt>
<trkpt lat="49.57720890000001" lon="0.2059383"><ele>127</ele></trkpt>
<trkpt lat="49.5771692" lon="0.2058984"><ele>127</ele></trkpt>
<trkpt lat="49.577129" lon="0.2058627"><ele>127</ele></trkpt>
<trkpt lat="49.57708929999999" lon="0.2058282"><ele>128</ele></trkpt>
<trkpt lat="49.5770456" lon="0.2057932"><ele>129</ele></trkpt>
<trkpt lat="49.57700770000001" lon="0.205754"><ele>130</ele></trkpt>
<trkpt lat="49.5769673" lon="0.2057181"><ele>131</ele></trkpt>
<trkpt lat="49.57692530000001" lon="0.2056857"><ele>131</ele></trkpt>
<trkpt lat="49.57688629999999" lon="0.2056481"><ele>132</ele></trkpt>
<trkpt lat="49.5768457" lon="0.2056176"><ele>132</ele></trkpt>
<trkpt lat="49.5768005" lon="0.205591"><ele>132</ele></trkpt>
<trkpt lat="49.5767591" lon="0.2055582"><ele>132</ele></trkpt>
<trkpt lat="49.5767144" lon="0.20552"><ele>132</ele></trkpt>
<trkpt lat="49.5766706" lon="0.2054899"><ele>132</ele></trkpt>
<trkpt lat="49.5766247" lon="0.2054604"><ele>131</ele></trkpt>
<trkpt lat="49.5765807" lon="0.2054237"><ele>131</ele></trkpt>
<trkpt lat="49.57653830000001" lon="0.2053902"><ele>130</ele></trkpt>
<trkpt lat="49.57649719999999" lon="0.2053561"><ele>129</ele></trkpt>
<trkpt lat="49.57645409999999" lon="0.2053219"><ele>130</ele></trkpt>
<trkpt lat="49.5764124" lon="0.2052941"><ele>130</ele></trkpt>
<trkpt lat="49.5763696" lon="0.205268"><ele>130</ele></trkpt>
<trkpt lat="49.5763282" lon="0.2052408"><ele>130</ele></trkpt>
<trkpt lat="49.5762854" lon="0.2052161"><ele>130</ele></trkpt>
<trkpt lat="49.5762368" lon="0.2052185"><ele>131</ele></trkpt>
<trkpt lat="49.5761991" lon="0.2051779"><ele>132</ele></trkpt>
<trkpt lat="49.5761528" lon="0.2051572"><ele>133</ele></trkpt>
<trkpt lat="49.5761074" lon="0.2051555"><ele>134</ele></trkpt>
<trkpt lat="49.5760618" lon="0.2051468"><ele>135</ele></trkpt>
<trkpt lat="49.576022" lon="0.2051114"><ele>134</ele></trkpt>
<trkpt lat="49.5759799" lon="0.2050619"><ele>135</ele></trkpt>
<trkpt lat="49.5759376" lon="0.2050302"><ele>135</ele></trkpt>
<trkpt lat="49.5758892" lon="0.2050079"><ele>135</ele></trkpt>
<trkpt lat="49.5758445" lon="0.2049966"><ele>134</ele></trkpt>
<trkpt lat="49.5758051" lon="0.2049597"><ele>134</ele></trkpt>
<trkpt lat="49.5757629" lon="0.2049243"><ele>134</ele></trkpt>
<trkpt lat="49.57572189999999" lon="0.2048956"><ele>135</ele></trkpt>
<trkpt lat="49.575686" lon="0.2048527"><ele>135</ele></trkpt>
<trkpt lat="49.5756495" lon="0.2048075"><ele>136</ele></trkpt>
<trkpt lat="49.57562979999999" lon="0.204742"><ele>137</ele></trkpt>
<trkpt lat="49.5755841" lon="0.2047247"><ele>137</ele></trkpt>
<trkpt lat="49.5755416" lon="0.2046884"><ele>136</ele></trkpt>
<trkpt lat="49.5755056" lon="0.2046402"><ele>135</ele></trkpt>
<trkpt lat="49.5754689" lon="0.2045888"><ele>136</ele></trkpt>
<trkpt lat="49.5754354" lon="0.2045367"><ele>136</ele></trkpt>
<trkpt lat="49.57540239999999" lon="0.2044849"><ele>135</ele></trkpt>
<trkpt lat="49.5753665" lon="0.2044397"><ele>136</ele></trkpt>
<trkpt lat="49.5753264" lon="0.2043938"><ele>136</ele></trkpt>
<trkpt lat="49.5752961" lon="0.2043415"><ele>135</ele></trkpt>
<trkpt lat="49.57526589999999" lon="0.2042859"><ele>135</ele></trkpt>
<trkpt lat="49.5752394" lon="0.2042255"><ele>134</ele></trkpt>
<trkpt lat="49.575209" lon="0.2041652"><ele>135</ele></trkpt>
<trkpt lat="49.57517740000001" lon="0.2041077"><ele>135</ele></trkpt>
<trkpt lat="49.5751521" lon="0.2040468"><ele>135</ele></trkpt>
<trkpt lat="49.57512409999999" lon="0.2039917"><ele>136</ele></trkpt>
<trkpt lat="49.5750929" lon="0.2039395"><ele>136</ele></trkpt>
<trkpt lat="49.57506109999999" lon="0.2038889"><ele>136</ele></trkpt>
<trkpt lat="49.575027" lon="0.2038333"><ele>136</ele></trkpt>
<trkpt lat="49.5749988" lon="0.203777"><ele>136</ele></trkpt>
<trkpt lat="49.5749661" lon="0.2037162"><ele>136</ele></trkpt>
<trkpt lat="49.5749341" lon="0.2036606"><ele>136</ele></trkpt>
<trkpt lat="49.5749029" lon="0.2036092"><ele>136</ele></trkpt>
<trkpt lat="49.5748718" lon="0.2035584"><ele>137</ele></trkpt>
<trkpt lat="49.5748422" lon="0.2035059"><ele>137</ele></trkpt>
<trkpt lat="49.5748102" lon="0.2034522"><ele>137</ele></trkpt>
<trkpt lat="49.5747765" lon="0.2034019"><ele>138</ele></trkpt>
<trkpt lat="49.5747437" lon="0.2033446"><ele>138</ele></trkpt>
<trkpt lat="49.5747124" lon="0.2032917"><ele>139</ele></trkpt>
<trkpt lat="49.5746796" lon="0.2032384"><ele>139</ele></trkpt>
<trkpt lat="49.5746177" lon="0.203134"><ele>140</ele></trkpt>
<trkpt lat="49.5745861" lon="0.2030793"><ele>140</ele></trkpt>
<trkpt lat="49.5745547" lon="0.2030232"><ele>140</ele></trkpt>
<trkpt lat="49.57452430000001" lon="0.2029663"><ele>140</ele></trkpt>
<trkpt lat="49.57449039999999" lon="0.2029082"><ele>140</ele></trkpt>
<trkpt lat="49.5744594" lon="0.202856"><ele>141</ele></trkpt>
<trkpt lat="49.5744256" lon="0.2028034"><ele>141</ele></trkpt>
<trkpt lat="49.5743928" lon="0.202743"><ele>141</ele></trkpt>
<trkpt lat="49.57436380000001" lon="0.2026801"><ele>142</ele></trkpt>
<trkpt lat="49.5743306" lon="0.2026305"><ele>142</ele></trkpt>
<trkpt lat="49.57429690000001" lon="0.2025818"><ele>142</ele></trkpt>
<trkpt lat="49.5742681" lon="0.202526"><ele>142</ele></trkpt>
<trkpt lat="49.5742346" lon="0.2024681"><ele>142</ele></trkpt>
<trkpt lat="49.5742046" lon="0.2024125"><ele>141</ele></trkpt>
<trkpt lat="49.5741725" lon="0.2023596"><ele>140</ele></trkpt>
<trkpt lat="49.5741344" lon="0.2023106"><ele>140</ele></trkpt>
<trkpt lat="49.57409800000001" lon="0.2022625"><ele>141</ele></trkpt>
<trkpt lat="49.5740661" lon="0.2022082"><ele>141</ele></trkpt>
<trkpt lat="49.574042" lon="0.2021422"><ele>142</ele></trkpt>
<trkpt lat="49.57401949999999" lon="0.2020736"><ele>150</ele></trkpt>
<trkpt lat="49.5739953" lon="0.2020147"><ele>150</ele></trkpt>
<trkpt lat="49.5739657" lon="0.2019557"><ele>150</ele></trkpt>
<trkpt lat="49.5739417" lon="0.201889"><ele>150</ele></trkpt>
<trkpt lat="49.5739246" lon="0.2018224"><ele>150</ele></trkpt>
<trkpt lat="49.57390419999999" lon="0.2017514"><ele>150</ele></trkpt>
<trkpt lat="49.5738872" lon="0.2016842"><ele>150</ele></trkpt>
<trkpt lat="49.573868" lon="0.2016181"><ele>150</ele></trkpt>
<trkpt lat="49.5738514" lon="0.2015496"><ele>150</ele></trkpt>
<trkpt lat="49.5738343" lon="0.2014841"><ele>150</ele></trkpt>
<trkpt lat="49.57381710000001" lon="0.2014181"><ele>150</ele></trkpt>
<trkpt lat="49.5737989" lon="0.2013456"><ele>150</ele></trkpt>
<trkpt lat="49.5737822" lon="0.2012751"><ele>140</ele></trkpt>
<trkpt lat="49.57376570000001" lon="0.2012038"><ele>140</ele></trkpt>
<trkpt lat="49.5737468" lon="0.2011344"><ele>140</ele></trkpt>
<trkpt lat="49.57372500000001" lon="0.2010643"><ele>150</ele></trkpt>
<trkpt lat="49.57370019999999" lon="0.2010019"><ele>150</ele></trkpt>
<trkpt lat="49.57367470000001" lon="0.2009342"><ele>150</ele></trkpt>
<trkpt lat="49.5736531" lon="0.2008665"><ele>150</ele></trkpt>
<trkpt lat="49.5736325" lon="0.2007997"><ele>150</ele></trkpt>
<trkpt lat="49.5736128" lon="0.2007333"><ele>150</ele></trkpt>
<trkpt lat="49.5735901" lon="0.2006687"><ele>150</ele></trkpt>
<trkpt lat="49.57356590000001" lon="0.2006039"><ele>150</ele></trkpt>
<trkpt lat="49.5735417" lon="0.2005423"><ele>150</ele></trkpt>
<trkpt lat="49.5735193" lon="0.2004806"><ele>150</ele></trkpt>
<trkpt lat="49.5734942" lon="0.2004132"><ele>150</ele></trkpt>
<trkpt lat="49.5734702" lon="0.2003474"><ele>149</ele></trkpt>
<trkpt lat="49.5734485" lon="0.2002855"><ele>149</ele></trkpt>
<trkpt lat="49.57342560000001" lon="0.200224"><ele>149</ele></trkpt>
<trkpt lat="49.5733963" lon="0.2001663"><ele>149</ele></trkpt>
<trkpt lat="49.5733693" lon="0.2001018"><ele>149</ele></trkpt>
<trkpt lat="49.5733438" lon="0.2000353"><ele>149</ele></trkpt>
<trkpt lat="49.57331619999999" lon="0.1999714"><ele>149</ele></trkpt>
<trkpt lat="49.57328830000001" lon="0.1999092"><ele>149</ele></trkpt>
<trkpt lat="49.57326089999999" lon="0.1998455"><ele>149</ele></trkpt>
<trkpt lat="49.57323439999999" lon="0.1997826"><ele>149</ele></trkpt>
<trkpt lat="49.5732043" lon="0.1997248"><ele>149</ele></trkpt>
<trkpt lat="49.5731749" lon="0.1996703"><ele>149</ele></trkpt>
<trkpt lat="49.5731403" lon="0.199621"><ele>149</ele></trkpt>
<trkpt lat="49.57309390000001" lon="0.1996099"><ele>149</ele></trkpt>
<trkpt lat="49.5730455" lon="0.1996277"><ele>149</ele></trkpt>
<trkpt lat="49.5730028" lon="0.1996542"><ele>149</ele></trkpt>
<trkpt lat="49.5729636" lon="0.1996974"><ele>149</ele></trkpt>
<trkpt lat="49.5729309" lon="0.1997452"><ele>149</ele></trkpt>
<trkpt lat="49.5728916" lon="0.1997918"><ele>149</ele></trkpt>
<trkpt lat="49.572855" lon="0.1998325"><ele>149</ele></trkpt>
<trkpt lat="49.5728176" lon="0.1998743"><ele>149</ele></trkpt>
<trkpt lat="49.57278169999999" lon="0.1999161"><ele>149</ele></trkpt>
<trkpt lat="49.5727429" lon="0.1999536"><ele>149</ele></trkpt>
<trkpt lat="49.57270210000001" lon="0.1999868"><ele>149</ele></trkpt>
<trkpt lat="49.5726622" lon="0.2000191"><ele>141</ele></trkpt>
<trkpt lat="49.5726195" lon="0.2000547"><ele>142</ele></trkpt>
<trkpt lat="49.57258110000001" lon="0.2000988"><ele>143</ele></trkpt>
<trkpt lat="49.5725438" lon="0.2001461"><ele>143</ele></trkpt>
<trkpt lat="49.5725037" lon="0.2001811"><ele>143</ele></trkpt>
<trkpt lat="49.57245829999999" lon="0.2002166"><ele>142</ele></trkpt>
<trkpt lat="49.57241839999999" lon="0.2002488"><ele>142</ele></trkpt>
<trkpt lat="49.57237469999999" lon="0.2002884"><ele>142</ele></trkpt>
<trkpt lat="49.5723345" lon="0.2003245"><ele>142</ele></trkpt>
<trkpt lat="49.5722892" lon="0.2003567"><ele>143</ele></trkpt>
<trkpt lat="49.5722486" lon="0.2003895"><ele>143</ele></trkpt>
<trkpt lat="49.57220709999999" lon="0.2004164"><ele>144</ele></trkpt>
<trkpt lat="49.5721627" lon="0.2004413"><ele>144</ele></trkpt>
<trkpt lat="49.5721163" lon="0.2004675"><ele>144</ele></trkpt>
<trkpt lat="49.5720744" lon="0.2004971"><ele>144</ele></trkpt>
<trkpt lat="49.5720282" lon="0.2005325"><ele>144</ele></trkpt>
<trkpt lat="49.5719851" lon="0.200562"><ele>145</ele></trkpt>
<trkpt lat="49.57193960000001" lon="0.2005915"><ele>145</ele></trkpt>
<trkpt lat="49.5718918" lon="0.2006185"><ele>146</ele></trkpt>
<trkpt lat="49.5718475" lon="0.2006448"><ele>146</ele></trkpt>
<trkpt lat="49.5718006" lon="0.2006697"><ele>146</ele></trkpt>
<trkpt lat="49.5717578" lon="0.2006915"><ele>146</ele></trkpt>
<trkpt lat="49.5717102" lon="0.2007092"><ele>146</ele></trkpt>
<trkpt lat="49.5716625" lon="0.2007246"><ele>146</ele></trkpt>
<trkpt lat="49.5716194" lon="0.2007482"><ele>147</ele></trkpt>
<trkpt lat="49.57157329999999" lon="0.2007733"><ele>147</ele></trkpt>
<trkpt lat="49.5715253" lon="0.2007978"><ele>147</ele></trkpt>
<trkpt lat="49.57147759999999" lon="0.200822"><ele>146</ele></trkpt>
<trkpt lat="49.5714315" lon="0.200841"><ele>146</ele></trkpt>
<trkpt lat="49.5713844" lon="0.2008634"><ele>145</ele></trkpt>
<trkpt lat="49.5713403" lon="0.2008853"><ele>145</ele></trkpt>
<trkpt lat="49.5712958" lon="0.2009112"><ele>146</ele></trkpt>
<trkpt lat="49.5712517" lon="0.2009315"><ele>145</ele></trkpt>
<trkpt lat="49.5712051" lon="0.2009502"><ele>145</ele></trkpt>
<trkpt lat="49.57116069999999" lon="0.2009674"><ele>146</ele></trkpt>
<trkpt lat="49.571114" lon="0.2009856"><ele>146</ele></trkpt>
<trkpt lat="49.5710682" lon="0.2010044"><ele>146</ele></trkpt>
<trkpt lat="49.57102279999999" lon="0.2010182"><ele>146</ele></trkpt>
<trkpt lat="49.5709692" lon="0.2010347"><ele>146</ele></trkpt>
<trkpt lat="49.5709214" lon="0.20105"><ele>145</ele></trkpt>
<trkpt lat="49.570872" lon="0.2010645"><ele>145</ele></trkpt>
<trkpt lat="49.5708277" lon="0.2010792"><ele>146</ele></trkpt>
<trkpt lat="49.5707783" lon="0.2010953"><ele>146</ele></trkpt>
<trkpt lat="49.5707341" lon="0.2011103"><ele>146</ele></trkpt>
<trkpt lat="49.57068570000001" lon="0.2011206"><ele>146</ele></trkpt>
<trkpt lat="49.570639" lon="0.20114"><ele>146</ele></trkpt>
<trkpt lat="49.5705917" lon="0.2011572"><ele>146</ele></trkpt>
<trkpt lat="49.5705455" lon="0.2011725"><ele>147</ele></trkpt>
<trkpt lat="49.57050049999999" lon="0.2011876"><ele>131</ele></trkpt>
<trkpt lat="49.5704561" lon="0.2011987"><ele>131</ele></trkpt>
<trkpt lat="49.5704115" lon="0.2012076"><ele>131</ele></trkpt>
<trkpt lat="49.5703669" lon="0.2012179"><ele>131</ele></trkpt>
<trkpt lat="49.5703184" lon="0.2012325"><ele>131</ele></trkpt>
<trkpt lat="49.5702695" lon="0.2012438"><ele>131</ele></trkpt>
<trkpt lat="49.5702233" lon="0.2012572"><ele>131</ele></trkpt>
<trkpt lat="49.5701752" lon="0.201266"><ele>131</ele></trkpt>
<trkpt lat="49.5701285" lon="0.2012773"><ele>131</ele></trkpt>
<trkpt lat="49.5700805" lon="0.20129"><ele>131</ele></trkpt>
<trkpt lat="49.5700364" lon="0.2013065"><ele>131</ele></trkpt>
<trkpt lat="49.5699921" lon="0.2013223"><ele>131</ele></trkpt>
<trkpt lat="49.56994519999999" lon="0.2013365"><ele>131</ele></trkpt>
<trkpt lat="49.5698966" lon="0.2013519"><ele>131</ele></trkpt>
<trkpt lat="49.5698531" lon="0.2013756"><ele>131</ele></trkpt>
<trkpt lat="49.569808" lon="0.201394"><ele>131</ele></trkpt>
<trkpt lat="49.5697583" lon="0.2014044"><ele>131</ele></trkpt>
<trkpt lat="49.56971370000001" lon="0.201415"><ele>131</ele></trkpt>
<trkpt lat="49.5696671" lon="0.2014221"><ele>131</ele></trkpt>
<trkpt lat="49.5696198" lon="0.2014314"><ele>131</ele></trkpt>
<trkpt lat="49.5695714" lon="0.2014434"><ele>131</ele></trkpt>
<trkpt lat="49.5695243" lon="0.2014556"><ele>131</ele></trkpt>
<trkpt lat="49.56947759999999" lon="0.2014738"><ele>131</ele></trkpt>
<trkpt lat="49.5694326" lon="0.2014913"><ele>131</ele></trkpt>
<trkpt lat="49.5693871" lon="0.2015078"><ele>131</ele></trkpt>
<trkpt lat="49.5693387" lon="0.2015204"><ele>131</ele></trkpt>
<trkpt lat="49.5692858" lon="0.2015336"><ele>131</ele></trkpt>
<trkpt lat="49.5692394" lon="0.2015456"><ele>131</ele></trkpt>
<trkpt lat="49.56919140000001" lon="0.2015569"><ele>140</ele></trkpt>
<trkpt lat="49.5691459" lon="0.2015679"><ele>140</ele></trkpt>
<trkpt lat="49.56909559999999" lon="0.2015823"><ele>139</ele></trkpt>
<trkpt lat="49.56904720000001" lon="0.2015941"><ele>139</ele></trkpt>
<trkpt lat="49.56900060000001" lon="0.2016038"><ele>139</ele></trkpt>
<trkpt lat="49.5689532" lon="0.2016148"><ele>139</ele></trkpt>
<trkpt lat="49.56890870000001" lon="0.2016318"><ele>139</ele></trkpt>
<trkpt lat="49.56885929999999" lon="0.2016372"><ele>139</ele></trkpt>
<trkpt lat="49.5688099" lon="0.2016469"><ele>139</ele></trkpt>
<trkpt lat="49.5687649" lon="0.2016477"><ele>140</ele></trkpt>
<trkpt lat="49.5687191" lon="0.2016419"><ele>140</ele></trkpt>
<trkpt lat="49.5686748" lon="0.2016284"><ele>140</ele></trkpt>
<trkpt lat="49.5686329" lon="0.2016025"><ele>140</ele></trkpt>
<trkpt lat="49.5685896" lon="0.2015749"><ele>139</ele></trkpt>
<trkpt lat="49.5685443" lon="0.2015457"><ele>139</ele></trkpt>
<trkpt lat="49.5684984" lon="0.2015246"><ele>140</ele></trkpt>
<trkpt lat="49.56845529999999" lon="0.2015019"><ele>139</ele></trkpt>
<trkpt lat="49.56841279999999" lon="0.2014736"><ele>139</ele></trkpt>
<trkpt lat="49.5683684" lon="0.2014426"><ele>139</ele></trkpt>
<trkpt lat="49.568324" lon="0.201413"><ele>139</ele></trkpt>
<trkpt lat="49.5682785" lon="0.2013883"><ele>139</ele></trkpt>
<trkpt lat="49.5682351" lon="0.2013618"><ele>139</ele></trkpt>
<trkpt lat="49.5681935" lon="0.2013353"><ele>138</ele></trkpt>
<trkpt lat="49.5681487" lon="0.2013109"><ele>138</ele></trkpt>
<trkpt lat="49.5681044" lon="0.2012857"><ele>138</ele></trkpt>
<trkpt lat="49.5680577" lon="0.2012578"><ele>139</ele></trkpt>
<trkpt lat="49.5680133" lon="0.2012359"><ele>139</ele></trkpt>
<trkpt lat="49.56796659999999" lon="0.2012054"><ele>139</ele></trkpt>
<trkpt lat="49.5679216" lon="0.2011738"><ele>139</ele></trkpt>
<trkpt lat="49.56787690000001" lon="0.2011411"><ele>139</ele></trkpt>
<trkpt lat="49.56783170000001" lon="0.2011372"><ele>139</ele></trkpt>
<trkpt lat="49.56779599999999" lon="0.2010933"><ele>142</ele></trkpt>
<trkpt lat="49.56775440000001" lon="0.2010569"><ele>142</ele></trkpt>
<trkpt lat="49.5677096" lon="0.2010358"><ele>142</ele></trkpt>
<trkpt lat="49.567665" lon="0.2010039"><ele>142</ele></trkpt>
<trkpt lat="49.5676202" lon="0.2009804"><ele>142</ele></trkpt>
<trkpt lat="49.567573" lon="0.200948"><ele>142</ele></trkpt>
<trkpt lat="49.5675268" lon="0.2009126"><ele>142</ele></trkpt>
<trkpt lat="49.5674794" lon="0.200889"><ele>142</ele></trkpt>
<trkpt lat="49.5674346" lon="0.2008598"><ele>142</ele></trkpt>
<trkpt lat="49.56739300000001" lon="0.200831"><ele>142</ele></trkpt>
<trkpt lat="49.5673485" lon="0.2008418"><ele>142</ele></trkpt>
<trkpt lat="49.5673033" lon="0.2008608"><ele>142</ele></trkpt>
<trkpt lat="49.5672546" lon="0.2008731"><ele>142</ele></trkpt>
<trkpt lat="49.5672099" lon="0.2008847"><ele>142</ele></trkpt>
<trkpt lat="49.5671591" lon="0.2008944"><ele>142</ele></trkpt>
<trkpt lat="49.5671128" lon="0.2009028"><ele>142</ele></trkpt>
<trkpt lat="49.5670638" lon="0.2009144"><ele>142</ele></trkpt>
<trkpt lat="49.567017" lon="0.2009291"><ele>142</ele></trkpt>
<trkpt lat="49.5669725" lon="0.2009412"><ele>142</ele></trkpt>
<trkpt lat="49.5669256" lon="0.2009564"><ele>142</ele></trkpt>
<trkpt lat="49.56687780000001" lon="0.2009743"><ele>142</ele></trkpt>
<trkpt lat="49.566834" lon="0.2009949"><ele>142</ele></trkpt>
<trkpt lat="49.56678830000001" lon="0.2010131"><ele>142</ele></trkpt>
<trkpt lat="49.56674580000001" lon="0.2010402"><ele>142</ele></trkpt>
<trkpt lat="49.56670330000001" lon="0.2010681"><ele>142</ele></trkpt>
<trkpt lat="49.56666" lon="0.2010957"><ele>142</ele></trkpt>
<trkpt lat="49.5666133" lon="0.2011251"><ele>142</ele></trkpt>
<trkpt lat="49.5665709" lon="0.2011539"><ele>142</ele></trkpt>
<trkpt lat="49.5665284" lon="0.2011844"><ele>142</ele></trkpt>
<trkpt lat="49.5664865" lon="0.2012155"><ele>142</ele></trkpt>
<trkpt lat="49.56644260000001" lon="0.201243"><ele>142</ele></trkpt>
<trkpt lat="49.5663998" lon="0.2012767"><ele>142</ele></trkpt>
<trkpt lat="49.5663597" lon="0.2013084"><ele>142</ele></trkpt>
<trkpt lat="49.5663168" lon="0.2013368"><ele>142</ele></trkpt>
<trkpt lat="49.5662726" lon="0.2013673"><ele>142</ele></trkpt>
<trkpt lat="49.5662323" lon="0.2014034"><ele>142</ele></trkpt>
<trkpt lat="49.5661933" lon="0.201441"><ele>142</ele></trkpt>
<trkpt lat="49.566151" lon="0.2014846"><ele>142</ele></trkpt>
<trkpt lat="49.5661138" lon="0.2015254"><ele>142</ele></trkpt>
<trkpt lat="49.5660675" lon="0.2015562"><ele>142</ele></trkpt>
<trkpt lat="49.5660194" lon="0.2015337"><ele>142</ele></trkpt>
<trkpt lat="49.5659873" lon="0.2014007"><ele>142</ele></trkpt>
<trkpt lat="49.5659647" lon="0.201331"><ele>142</ele></trkpt>
<trkpt lat="49.56593" lon="0.201275"><ele>135</ele></trkpt>
<trkpt lat="49.56591" lon="0.2012083"><ele>135</ele></trkpt>
<trkpt lat="49.565885" lon="0.2011467"><ele>135</ele></trkpt>
<trkpt lat="49.5658649" lon="0.201078"><ele>135</ele></trkpt>
<trkpt lat="49.5658381" lon="0.2010222"><ele>135</ele></trkpt>
<trkpt lat="49.5658189" lon="0.2009559"><ele>134</ele></trkpt>
<trkpt lat="49.56579720000001" lon="0.2008941"><ele>134</ele></trkpt>
<trkpt lat="49.5657741" lon="0.2008302"><ele>134</ele></trkpt>
<trkpt lat="49.5657534" lon="0.2007599"><ele>134</ele></trkpt>
<trkpt lat="49.5657154" lon="0.2007155"><ele>133</ele></trkpt>
<trkpt lat="49.5657068" lon="0.2006406"><ele>132</ele></trkpt>
<trkpt lat="49.565698" lon="0.2005711"><ele>131</ele></trkpt>
<trkpt lat="49.5656659" lon="0.2005131"><ele>131</ele></trkpt>
<trkpt lat="49.5656381" lon="0.2004496"><ele>131</ele></trkpt>
<trkpt lat="49.5656148" lon="0.2003806"><ele>132</ele></trkpt>
<trkpt lat="49.5655934" lon="0.200312"><ele>133</ele></trkpt>
<trkpt lat="49.565575" lon="0.2002386"><ele>133</ele></trkpt>
<trkpt lat="49.5655541" lon="0.2001758"><ele>132</ele></trkpt>
<trkpt lat="49.56553319999999" lon="0.2001111"><ele>132</ele></trkpt>
<trkpt lat="49.5655064" lon="0.2000511"><ele>132</ele></trkpt>
<trkpt lat="49.5654847" lon="0.1999856"><ele>132</ele></trkpt>
<trkpt lat="49.5654544" lon="0.1999244"><ele>132</ele></trkpt>
<trkpt lat="49.5654207" lon="0.1998612"><ele>131</ele></trkpt>
<trkpt lat="49.5653939" lon="0.1998054"><ele>131</ele></trkpt>
<trkpt lat="49.5653781" lon="0.1997392"><ele>131</ele></trkpt>
<trkpt lat="49.5653364" lon="0.1996107"><ele>132</ele></trkpt>
<trkpt lat="49.5653039" lon="0.1995536"><ele>132</ele></trkpt>
<trkpt lat="49.5652651" lon="0.1995097"><ele>132</ele></trkpt>
<trkpt lat="49.5652218" lon="0.1994864"><ele>132</ele></trkpt>
<trkpt lat="49.5651772" lon="0.1994619"><ele>132</ele></trkpt>
<trkpt lat="49.5651292" lon="0.1994572"><ele>132</ele></trkpt>
<trkpt lat="49.5650809" lon="0.1994593"><ele>132</ele></trkpt>
<trkpt lat="49.56503570000001" lon="0.1994522"><ele>132</ele></trkpt>
<trkpt lat="49.5649858" lon="0.1994498"><ele>132</ele></trkpt>
<trkpt lat="49.56493809999999" lon="0.1994523"><ele>132</ele></trkpt>
<trkpt lat="49.5648913" lon="0.1994585"><ele>131</ele></trkpt>
<trkpt lat="49.5648437" lon="0.1994527"><ele>131</ele></trkpt>
<trkpt lat="49.56479959999999" lon="0.19947"><ele>131</ele></trkpt>
<trkpt lat="49.5647509" lon="0.1994933"><ele>130</ele></trkpt>
<trkpt lat="49.56470379999999" lon="0.1995077"><ele>131</ele></trkpt>
<trkpt lat="49.5646531" lon="0.1995205"><ele>131</ele></trkpt>
<trkpt lat="49.56460700000001" lon="0.199519"><ele>130</ele></trkpt>
<trkpt lat="49.5645577" lon="0.1995207"><ele>130</ele></trkpt>
<trkpt lat="49.56451299999999" lon="0.1995364"><ele>129</ele></trkpt>
<trkpt lat="49.5644659" lon="0.1995384"><ele>129</ele></trkpt>
<trkpt lat="49.56442029999999" lon="0.1995532"><ele>130</ele></trkpt>
<trkpt lat="49.5643732" lon="0.1995705"><ele>130</ele></trkpt>
<trkpt lat="49.56432550000001" lon="0.1995859"><ele>130</ele></trkpt>
<trkpt lat="49.5642777" lon="0.1995915"><ele>129</ele></trkpt>
<trkpt lat="49.5642326" lon="0.1995873"><ele>128</ele></trkpt>
<trkpt lat="49.5641841" lon="0.199615"><ele>127</ele></trkpt>
<trkpt lat="49.5641401" lon="0.199634"><ele>126</ele></trkpt>
<trkpt lat="49.5640974" lon="0.1996653"><ele>125</ele></trkpt>
<trkpt lat="49.5640516" lon="0.1996555"><ele>125</ele></trkpt>
<trkpt lat="49.56400559999999" lon="0.1996419"><ele>125</ele></trkpt>
<trkpt lat="49.5639595" lon="0.1996399"><ele>124</ele></trkpt>
<trkpt lat="49.5639125" lon="0.1996385"><ele>123</ele></trkpt>
<trkpt lat="49.5638679" lon="0.1996187"><ele>123</ele></trkpt>
<trkpt lat="49.5638211" lon="0.1996006"><ele>122</ele></trkpt>
<trkpt lat="49.5637845" lon="0.1995503"><ele>121</ele></trkpt>
<trkpt lat="49.5637441" lon="0.1995062"><ele>120</ele></trkpt>
<trkpt lat="49.5637032" lon="0.1994692"><ele>120</ele></trkpt>
<trkpt lat="49.5636561" lon="0.1994477"><ele>120</ele></trkpt>
<trkpt lat="49.5636125" lon="0.1994234"><ele>120</ele></trkpt>
<trkpt lat="49.563572" lon="0.1993841"><ele>119</ele></trkpt>
<trkpt lat="49.56353000000001" lon="0.1993443"><ele>117</ele></trkpt>
<trkpt lat="49.5634942" lon="0.1992849"><ele>117</ele></trkpt>
<trkpt lat="49.5634665" lon="0.1992237"><ele>118</ele></trkpt>
<trkpt lat="49.5634252" lon="0.1991818"><ele>117</ele></trkpt>
<trkpt lat="49.5633913" lon="0.199131"><ele>115</ele></trkpt>
<trkpt lat="49.5633512" lon="0.1990809"><ele>114</ele></trkpt>
<trkpt lat="49.56331870000001" lon="0.1990203"><ele>114</ele></trkpt>
<trkpt lat="49.5632938" lon="0.1989591"><ele>113</ele></trkpt>
<trkpt lat="49.5632513" lon="0.1989127"><ele>112</ele></trkpt>
<trkpt lat="49.5632094" lon="0.1988808"><ele>111</ele></trkpt>
<trkpt lat="49.5631587" lon="0.1988664"><ele>110</ele></trkpt>
<trkpt lat="49.5631166" lon="0.198841"><ele>110</ele></trkpt>
<trkpt lat="49.56307460000001" lon="0.1988088"><ele>111</ele></trkpt>
<trkpt lat="49.5630332" lon="0.1987716"><ele>112</ele></trkpt>
<trkpt lat="49.56298919999999" lon="0.198754"><ele>111</ele></trkpt>
<trkpt lat="49.5629421" lon="0.1987518"><ele>111</ele></trkpt>
<trkpt lat="49.5629141" lon="0.1986919"><ele>110</ele></trkpt>
<trkpt lat="49.56286920000001" lon="0.1986529"><ele>110</ele></trkpt>
<trkpt lat="49.5628238" lon="0.1986375"><ele>109</ele></trkpt>
<trkpt lat="49.5627762" lon="0.1986293"><ele>108</ele></trkpt>
<trkpt lat="49.5627312" lon="0.1986294"><ele>108</ele></trkpt>
<trkpt lat="49.5626826" lon="0.1986149"><ele>108</ele></trkpt>
<trkpt lat="49.5626353" lon="0.1986109"><ele>107</ele></trkpt>
<trkpt lat="49.5625893" lon="0.1986064"><ele>107</ele></trkpt>
<trkpt lat="49.5625428" lon="0.1986102"><ele>106</ele></trkpt>
<trkpt lat="49.5624951" lon="0.1986174"><ele>105</ele></trkpt>
<trkpt lat="49.56244939999999" lon="0.1986205"><ele>105</ele></trkpt>
<trkpt lat="49.5623978" lon="0.1986218"><ele>105</ele></trkpt>
<trkpt lat="49.5623515" lon="0.1986244"><ele>105</ele></trkpt>
<trkpt lat="49.5623048" lon="0.1986311"><ele>106</ele></trkpt>
<trkpt lat="49.5622601" lon="0.1986401"><ele>106</ele></trkpt>
<trkpt lat="49.5622101" lon="0.19864"><ele>105</ele></trkpt>
<trkpt lat="49.56216320000001" lon="0.1986349"><ele>104</ele></trkpt>
<trkpt lat="49.56212029999999" lon="0.1986129"><ele>102</ele></trkpt>
<trkpt lat="49.5620756" lon="0.1985862"><ele>101</ele></trkpt>
<trkpt lat="49.5620266" lon="0.1986021"><ele>101</ele></trkpt>
<trkpt lat="49.5619902" lon="0.1985559"><ele>102</ele></trkpt>
<trkpt lat="49.5619522" lon="0.1985139"><ele>102</ele></trkpt>
<trkpt lat="49.56191320000001" lon="0.1984748"><ele>101</ele></trkpt>
<trkpt lat="49.56186649999999" lon="0.198446"><ele>100</ele></trkpt>
<trkpt lat="49.5618268" lon="0.1984108"><ele>99.00000000000001</ele></trkpt>
<trkpt lat="49.5617893" lon="0.198366"><ele>98.00000000000001</ele></trkpt>
<trkpt lat="49.561743" lon="0.1983355"><ele>96</ele></trkpt>
<trkpt lat="49.56170119999999" lon="0.1983056"><ele>95</ele></trkpt>
<trkpt lat="49.5616586" lon="0.1982644"><ele>95</ele></trkpt>
<trkpt lat="49.5616134" lon="0.1982402"><ele>94</ele></trkpt>
<trkpt lat="49.5615725" lon="0.1982073"><ele>94</ele></trkpt>
<trkpt lat="49.5615294" lon="0.1981704"><ele>92</ele></trkpt>
<trkpt lat="49.56149080000001" lon="0.1981323"><ele>91</ele></trkpt>
<trkpt lat="49.5614525" lon="0.1980935"><ele>90</ele></trkpt>
<trkpt lat="49.5614143" lon="0.1980562"><ele>89</ele></trkpt>
<trkpt lat="49.56137160000001" lon="0.1980245"><ele>89</ele></trkpt>
<trkpt lat="49.561328" lon="0.1979953"><ele>88</ele></trkpt>
<trkpt lat="49.56128379999999" lon="0.1979733"><ele>89</ele></trkpt>
<trkpt lat="49.56124819999999" lon="0.1979229"><ele>88</ele></trkpt>
<trkpt lat="49.5612141" lon="0.1978773"><ele>88</ele></trkpt>
<trkpt lat="49.5611675" lon="0.1978482"><ele>88</ele></trkpt>
<trkpt lat="49.56113260000001" lon="0.1977963"><ele>88</ele></trkpt>
<trkpt lat="49.5610971" lon="0.1977417"><ele>88</ele></trkpt>
<trkpt lat="49.5610537" lon="0.1976983"><ele>88</ele></trkpt>
<trkpt lat="49.56102080000001" lon="0.1976468"><ele>88</ele></trkpt>
<trkpt lat="49.5610037" lon="0.1975808"><ele>89</ele></trkpt>
<trkpt lat="49.56100150000001" lon="0.1975025"><ele>88</ele></trkpt>
<trkpt lat="49.5609859" lon="0.197435"><ele>87</ele></trkpt>
<trkpt lat="49.5609528" lon="0.1973764"><ele>87</ele></trkpt>
<trkpt lat="49.5609024" lon="0.1972508"><ele>84</ele></trkpt>
<trkpt lat="49.5608743" lon="0.1971909"><ele>83</ele></trkpt>
<trkpt lat="49.56085159999999" lon="0.1971287"><ele>83</ele></trkpt>
<trkpt lat="49.560834" lon="0.1970649"><ele>83</ele></trkpt>
<trkpt lat="49.5608147" lon="0.1969936"><ele>82</ele></trkpt>
<trkpt lat="49.56076370000001" lon="0.1968777"><ele>120</ele></trkpt>
<trkpt lat="49.56073930000001" lon="0.1968114"><ele>120</ele></trkpt>
<trkpt lat="49.5607059" lon="0.1967515"><ele>120</ele></trkpt>
<trkpt lat="49.56067709999999" lon="0.1966867"><ele>120</ele></trkpt>
<trkpt lat="49.560653" lon="0.1966262"><ele>120</ele></trkpt>
<trkpt lat="49.56063129999999" lon="0.1965634"><ele>120</ele></trkpt>
<trkpt lat="49.56060910000001" lon="0.1964975"><ele>120</ele></trkpt>
<trkpt lat="49.56057700000001" lon="0.1964447"><ele>120</ele></trkpt>
<trkpt lat="49.5605352" lon="0.1964165"><ele>120</ele></trkpt>
<trkpt lat="49.56049219999999" lon="0.1963918"><ele>120</ele></trkpt>
<trkpt lat="49.5604125" lon="0.1963183"><ele>120</ele></trkpt>
<trkpt lat="49.5603675" lon="0.1962901"><ele>120</ele></trkpt>
<trkpt lat="49.5603265" lon="0.1962588"><ele>120</ele></trkpt>
<trkpt lat="49.56028570000001" lon="0.1962243"><ele>120</ele></trkpt>
<trkpt lat="49.5602477" lon="0.1961855"><ele>120</ele></trkpt>
<trkpt lat="49.5602045" lon="0.1961454"><ele>120</ele></trkpt>
<trkpt lat="49.5601626" lon="0.1960966"><ele>120</ele></trkpt>
<trkpt lat="49.56012299999999" lon="0.196055"><ele>120</ele></trkpt>
<trkpt lat="49.56008259999999" lon="0.1960149"><ele>120</ele></trkpt>
<trkpt lat="49.5600441" lon="0.1959749"><ele>120</ele></trkpt>
<trkpt lat="49.5600076" lon="0.1959305"><ele>81</ele></trkpt>
<trkpt lat="49.5599696" lon="0.1958875"><ele>81</ele></trkpt>
<trkpt lat="49.55993340000001" lon="0.1958446"><ele>81</ele></trkpt>
<trkpt lat="49.5598905" lon="0.1958058"><ele>82</ele></trkpt>
<trkpt lat="49.55985110000001" lon="0.1957669"><ele>82</ele></trkpt>
<trkpt lat="49.55981570000001" lon="0.1957163"><ele>81</ele></trkpt>
<trkpt lat="49.55977609999999" lon="0.1956772"><ele>81</ele></trkpt>
<trkpt lat="49.559737" lon="0.1956353"><ele>81</ele></trkpt>
<trkpt lat="49.55969530000001" lon="0.1955899"><ele>81</ele></trkpt>
<trkpt lat="49.5596541" lon="0.1955414"><ele>82</ele></trkpt>
<trkpt lat="49.5596175" lon="0.1955003"><ele>81</ele></trkpt>
<trkpt lat="49.55957790000001" lon="0.1954578"><ele>81</ele></trkpt>
<trkpt lat="49.5595364" lon="0.1954189"><ele>79.99999999999999</ele></trkpt>
<trkpt lat="49.55949579999999" lon="0.1953777"><ele>79.99999999999999</ele></trkpt>
<trkpt lat="49.55945750000001" lon="0.1953333"><ele>79.99999999999999</ele></trkpt>
<trkpt lat="49.5594163" lon="0.1952959"><ele>79.99999999999999</ele></trkpt>
<trkpt lat="49.55937250000001" lon="0.1952615"><ele>79</ele></trkpt>
<trkpt lat="49.5593326" lon="0.195229"><ele>79</ele></trkpt>
<trkpt lat="49.5592943" lon="0.1951881"><ele>78</ele></trkpt>
<trkpt lat="49.5592537" lon="0.1951461"><ele>78</ele></trkpt>
<trkpt lat="49.55920979999999" lon="0.1951072"><ele>77</ele></trkpt>
<trkpt lat="49.5591672" lon="0.1950716"><ele>77</ele></trkpt>
<trkpt lat="49.5591249" lon="0.1950274"><ele>77</ele></trkpt>
<trkpt lat="49.5590808" lon="0.1949863"><ele>76</ele></trkpt>
<trkpt lat="49.55903570000001" lon="0.1949449"><ele>76</ele></trkpt>
<trkpt lat="49.55899500000001" lon="0.1949153"><ele>76</ele></trkpt>
<trkpt lat="49.5589522" lon="0.19489"><ele>76</ele></trkpt>
<trkpt lat="49.5589111" lon="0.194857"><ele>76</ele></trkpt>
<trkpt lat="49.5588698" lon="0.1948225"><ele>76</ele></trkpt>
<trkpt lat="49.5588289" lon="0.1947905"><ele>76</ele></trkpt>
<trkpt lat="49.55878859999999" lon="0.194759"><ele>76</ele></trkpt>
<trkpt lat="49.5587435" lon="0.1947263"><ele>76</ele></trkpt>
<trkpt lat="49.5587006" lon="0.1946898"><ele>75</ele></trkpt>
<trkpt lat="49.5586548" lon="0.1946589"><ele>74</ele></trkpt>
<trkpt lat="49.5586123" lon="0.1946229"><ele>78</ele></trkpt>
<trkpt lat="49.5585706" lon="0.1945791"><ele>78</ele></trkpt>
<trkpt lat="49.5585323" lon="0.1945385"><ele>73</ele></trkpt>
<trkpt lat="49.5584922" lon="0.1944999"><ele>72</ele></trkpt>
<trkpt lat="49.55845600000001" lon="0.1944575"><ele>71</ele></trkpt>
<trkpt lat="49.5584204" lon="0.1944097"><ele>71</ele></trkpt>
<trkpt lat="49.55838339999999" lon="0.1943587"><ele>71</ele></trkpt>
<trkpt lat="49.5583504" lon="0.1943076"><ele>71</ele></trkpt>
<trkpt lat="49.5583123" lon="0.1942509"><ele>72</ele></trkpt>
<trkpt lat="49.5582772" lon="0.1942026"><ele>72</ele></trkpt>
<trkpt lat="49.55824489999999" lon="0.194152"><ele>72</ele></trkpt>
<trkpt lat="49.5582084" lon="0.1941068"><ele>74</ele></trkpt>
<trkpt lat="49.55816849999999" lon="0.1940614"><ele>74</ele></trkpt>
<trkpt lat="49.55809" lon="0.1939792"><ele>74</ele></trkpt>
<trkpt lat="49.5580503" lon="0.1939465"><ele>74</ele></trkpt>
<trkpt lat="49.5580075" lon="0.1939133"><ele>79</ele></trkpt>
<trkpt lat="49.5579657" lon="0.193866"><ele>79</ele></trkpt>
<trkpt lat="49.5579184" lon="0.1938233"><ele>79</ele></trkpt>
<trkpt lat="49.5578749" lon="0.1937891"><ele>79</ele></trkpt>
<trkpt lat="49.55783240000001" lon="0.1937626"><ele>79</ele></trkpt>
<trkpt lat="49.5577828" lon="0.1937373"><ele>79</ele></trkpt>
<trkpt lat="49.55773419999999" lon="0.1937231"><ele>79</ele></trkpt>
<trkpt lat="49.5576867" lon="0.1937076"><ele>79</ele></trkpt>
<trkpt lat="49.5576362" lon="0.1937023"><ele>79</ele></trkpt>
<trkpt lat="49.55758980000001" lon="0.1937004"><ele>79</ele></trkpt>
<trkpt lat="49.5575429" lon="0.1936902"><ele>77</ele></trkpt>
<trkpt lat="49.5574968" lon="0.1936686"><ele>77</ele></trkpt>
<trkpt lat="49.5574511" lon="0.193652"><ele>77</ele></trkpt>
<trkpt lat="49.55740280000001" lon="0.1936396"><ele>77</ele></trkpt>
<trkpt lat="49.5573547" lon="0.1936253"><ele>77</ele></trkpt>
<trkpt lat="49.5573055" lon="0.1936211"><ele>77</ele></trkpt>
<trkpt lat="49.5572605" lon="0.193616"><ele>77</ele></trkpt>
<trkpt lat="49.5572124" lon="0.1935986"><ele>77</ele></trkpt>
<trkpt lat="49.5571657" lon="0.1935786"><ele>77</ele></trkpt>
<trkpt lat="49.557121" lon="0.1935627"><ele>77</ele></trkpt>
<trkpt lat="49.5570763" lon="0.1935425"><ele>77</ele></trkpt>
<trkpt lat="49.55703029999999" lon="0.1935491"><ele>77</ele></trkpt>
<trkpt lat="49.5569923" lon="0.1935869"><ele>77</ele></trkpt>
<trkpt lat="49.5569558" lon="0.1935389"><ele>77</ele></trkpt>
<trkpt lat="49.5569126" lon="0.1935156"><ele>77</ele></trkpt>
<trkpt lat="49.55686650000001" lon="0.1934906"><ele>77</ele></trkpt>
<trkpt lat="49.55682339999999" lon="0.1934687"><ele>77</ele></trkpt>
<trkpt lat="49.5567771" lon="0.1934393"><ele>77</ele></trkpt>
<trkpt lat="49.55674" lon="0.1933882"><ele>77</ele></trkpt>
<trkpt lat="49.5567139" lon="0.1933262"><ele>75</ele></trkpt>
<trkpt lat="49.55669079999999" lon="0.1932626"><ele>76</ele></trkpt>
<trkpt lat="49.55667330000001" lon="0.1931973"><ele>76</ele></trkpt>
<trkpt lat="49.55665339999999" lon="0.1931322"><ele>77</ele></trkpt>
<trkpt lat="49.5566669" lon="0.1930586"><ele>77</ele></trkpt>
<trkpt lat="49.5566793" lon="0.1929873"><ele>77</ele></trkpt>
<trkpt lat="49.5566613" lon="0.1930519"><ele>77</ele></trkpt>
<trkpt lat="49.55661169999999" lon="0.1930517"><ele>77</ele></trkpt>
<trkpt lat="49.5565667" lon="0.19304"><ele>77</ele></trkpt>
<trkpt lat="49.55652" lon="0.1930183"><ele>77</ele></trkpt>
<trkpt lat="49.5565052" lon="0.1929389"><ele>77</ele></trkpt>
<trkpt lat="49.5565314" lon="0.1928789"><ele>77</ele></trkpt>
<trkpt lat="49.5565532" lon="0.1928117"><ele>77</ele></trkpt>
<trkpt lat="49.5565646" lon="0.1927434"><ele>77</ele></trkpt>
<trkpt lat="49.5565748" lon="0.1926715"><ele>75</ele></trkpt>
<trkpt lat="49.5565754" lon="0.1925963"><ele>75</ele></trkpt>
<trkpt lat="49.5565976" lon="0.1925248"><ele>75</ele></trkpt>
<trkpt lat="49.5566119" lon="0.1924562"><ele>75</ele></trkpt>
<trkpt lat="49.5566202" lon="0.1923871"><ele>75</ele></trkpt>
<trkpt lat="49.5566286" lon="0.1923126"><ele>75</ele></trkpt>
<trkpt lat="49.55664300000001" lon="0.1922367"><ele>76</ele></trkpt>
<trkpt lat="49.5566649" lon="0.1921725"><ele>75</ele></trkpt>
<trkpt lat="49.5566955" lon="0.1921121"><ele>75</ele></trkpt>
<trkpt lat="49.5567248" lon="0.1920566"><ele>75</ele></trkpt>
<trkpt lat="49.55674759999999" lon="0.1919939"><ele>76</ele></trkpt>
<trkpt lat="49.5567879" lon="0.1919586"><ele>76</ele></trkpt>
<trkpt lat="49.5568253" lon="0.1919115"><ele>118</ele></trkpt>
<trkpt lat="49.55685579999999" lon="0.1918593"><ele>118</ele></trkpt>
<trkpt lat="49.5568859" lon="0.191807"><ele>76</ele></trkpt>
<trkpt lat="49.5569161" lon="0.1917512"><ele>76</ele></trkpt>
<trkpt lat="49.5569472" lon="0.1917007"><ele>76</ele></trkpt>
<trkpt lat="49.5569931" lon="0.1916665"><ele>74</ele></trkpt>
<trkpt lat="49.5570177" lon="0.191607"><ele>78</ele></trkpt>
<trkpt lat="49.5570521" lon="0.1915608"><ele>78</ele></trkpt>
<trkpt lat="49.5570882" lon="0.1915043"><ele>74</ele></trkpt>
<trkpt lat="49.5571194" lon="0.1914507"><ele>78</ele></trkpt>
<trkpt lat="49.5571563" lon="0.1914055"><ele>78</ele></trkpt>
<trkpt lat="49.5571937" lon="0.1913483"><ele>78</ele></trkpt>
<trkpt lat="49.55722770000001" lon="0.1912985"><ele>78</ele></trkpt>
<trkpt lat="49.55726760000001" lon="0.1912533"><ele>78</ele></trkpt>
<trkpt lat="49.5573034" lon="0.1912012"><ele>78</ele></trkpt>
<trkpt lat="49.55733289999999" lon="0.1911479"><ele>78</ele></trkpt>
<trkpt lat="49.5573651" lon="0.191091"><ele>76</ele></trkpt>
<trkpt lat="49.5574012" lon="0.1910304"><ele>78</ele></trkpt>
<trkpt lat="49.5574312" lon="0.1909697"><ele>75</ele></trkpt>
<trkpt lat="49.5574737" lon="0.1908405"><ele>76</ele></trkpt>
<trkpt lat="49.5575075" lon="0.1907852"><ele>76</ele></trkpt>
<trkpt lat="49.5575344" lon="0.1907274"><ele>78</ele></trkpt>
<trkpt lat="49.5575703" lon="0.1906798"><ele>78</ele></trkpt>
<trkpt lat="49.557605" lon="0.1906281"><ele>78</ele></trkpt>
<trkpt lat="49.55763429999999" lon="0.1905682"><ele>74</ele></trkpt>
<trkpt lat="49.5576639" lon="0.1905058"><ele>75</ele></trkpt>
<trkpt lat="49.5576971" lon="0.1904543"><ele>74</ele></trkpt>
<trkpt lat="49.55774" lon="0.1904202"><ele>74</ele></trkpt>
<trkpt lat="49.5577587" lon="0.1903504"><ele>74</ele></trkpt>
<trkpt lat="49.55778769999999" lon="0.1902954"><ele>73</ele></trkpt>
<trkpt lat="49.557814" lon="0.1902332"><ele>72</ele></trkpt>
<trkpt lat="49.5578553" lon="0.1901996"><ele>72</ele></trkpt>
<trkpt lat="49.5578786" lon="0.1901371"><ele>75</ele></trkpt>
<trkpt lat="49.55792619999999" lon="0.1900847"><ele>81</ele></trkpt>
<trkpt lat="49.5579568" lon="0.1900316"><ele>81</ele></trkpt>
<trkpt lat="49.5579898" lon="0.1899843"><ele>81</ele></trkpt>
<trkpt lat="49.5580332" lon="0.1899575"><ele>81</ele></trkpt>
<trkpt lat="49.5580709" lon="0.189907"><ele>81</ele></trkpt>
<trkpt lat="49.5581079" lon="0.1898528"><ele>81</ele></trkpt>
<trkpt lat="49.5581931" lon="0.1898068"><ele>81</ele></trkpt>
<trkpt lat="49.5582329" lon="0.189761"><ele>81</ele></trkpt>
<trkpt lat="49.5582718" lon="0.1897186"><ele>79.99999999999999</ele></trkpt>
<trkpt lat="49.5583172" lon="0.1896861"><ele>79.99999999999999</ele></trkpt>
<trkpt lat="49.5583621" lon="0.1896569"><ele>79.99999999999999</ele></trkpt>
<trkpt lat="49.55840370000001" lon="0.18962"><ele>79.99999999999999</ele></trkpt>
<trkpt lat="49.55844909999999" lon="0.1896028"><ele>79.99999999999999</ele></trkpt>
<trkpt lat="49.5584956" lon="0.189578"><ele>79.99999999999999</ele></trkpt>
<trkpt lat="49.5585408" lon="0.1895505"><ele>79.99999999999999</ele></trkpt>
<trkpt lat="49.5585875" lon="0.1895327"><ele>79.99999999999999</ele></trkpt>
<trkpt lat="49.55863459999999" lon="0.1895149"><ele>79.99999999999999</ele></trkpt>
<trkpt lat="49.5586755" lon="0.1894843"><ele>79.99999999999999</ele></trkpt>
<trkpt lat="49.5587179" lon="0.189452"><ele>79.99999999999999</ele></trkpt>
<trkpt lat="49.5587638" lon="0.1894253"><ele>79.99999999999999</ele></trkpt>
<trkpt lat="49.5588103" lon="0.1893995"><ele>79.99999999999999</ele></trkpt>
<trkpt lat="49.5588517" lon="0.189356"><ele>79.99999999999999</ele></trkpt>
<trkpt lat="49.5588916" lon="0.1893142"><ele>79.99999999999999</ele></trkpt>
<trkpt lat="49.5589297" lon="0.1892748"><ele>79.99999999999999</ele></trkpt>
<trkpt lat="49.5589726" lon="0.1892389"><ele>79.99999999999999</ele></trkpt>
<trkpt lat="49.5590191" lon="0.1892132"><ele>79.99999999999999</ele></trkpt>
<trkpt lat="49.5590673" lon="0.1891764"><ele>79.99999999999999</ele></trkpt>
<trkpt lat="49.5591116" lon="0.1891367"><ele>79.99999999999999</ele></trkpt>
<trkpt lat="49.5591508" lon="0.1891003"><ele>79.99999999999999</ele></trkpt>
<trkpt lat="49.5591921" lon="0.1890585"><ele>79.99999999999999</ele></trkpt>
<trkpt lat="49.5592234" lon="0.1890034"><ele>79.99999999999999</ele></trkpt>
<trkpt lat="49.5592694" lon="0.1889767"><ele>79.99999999999999</ele></trkpt>
<trkpt lat="49.5592995" lon="0.1889247"><ele>100</ele></trkpt>
<trkpt lat="49.5593326" lon="0.1888714"><ele>100</ele></trkpt>
<trkpt lat="49.5593676" lon="0.1888224"><ele>100</ele></trkpt>
<trkpt lat="49.5593975" lon="0.1887642"><ele>100</ele></trkpt>
<trkpt lat="49.5594391" lon="0.1886366"><ele>100</ele></trkpt>
<trkpt lat="49.55946099999999" lon="0.1885719"><ele>100</ele></trkpt>
<trkpt lat="49.5594823" lon="0.1885009"><ele>77</ele></trkpt>
<trkpt lat="49.5595003" lon="0.1884264"><ele>76</ele></trkpt>
<trkpt lat="49.5595137" lon="0.1883564"><ele>76</ele></trkpt>
<trkpt lat="49.559538" lon="0.1882876"><ele>81</ele></trkpt>
<trkpt lat="49.5595599" lon="0.1882252"><ele>81</ele></trkpt>
<trkpt lat="49.55958789999999" lon="0.1881675"><ele>81</ele></trkpt>
<trkpt lat="49.5596199" lon="0.1881093"><ele>82</ele></trkpt>
<trkpt lat="49.5596358" lon="0.1880442"><ele>82</ele></trkpt>
<trkpt lat="49.55966459999999" lon="0.1879788"><ele>82</ele></trkpt>
<trkpt lat="49.5596916" lon="0.1879168"><ele>82</ele></trkpt>
<trkpt lat="49.5597102" lon="0.1878402"><ele>82</ele></trkpt>
<trkpt lat="49.5597201" lon="0.1877719"><ele>82</ele></trkpt>
<trkpt lat="49.5597248" lon="0.1876963"><ele>82</ele></trkpt>
<trkpt lat="49.5597427" lon="0.1876229"><ele>82</ele></trkpt>
<trkpt lat="49.5597485" lon="0.1875529"><ele>82</ele></trkpt>
<trkpt lat="49.55974189999999" lon="0.1874772"><ele>76</ele></trkpt>
<trkpt lat="49.5597305" lon="0.1874012"><ele>75</ele></trkpt>
<trkpt lat="49.5597291" lon="0.1873314"><ele>75</ele></trkpt>
<trkpt lat="49.5597228" lon="0.1872544"><ele>75</ele></trkpt>
<trkpt lat="49.5597454" lon="0.1871887"><ele>97</ele></trkpt>
<trkpt lat="49.5597537" lon="0.187119"><ele>97</ele></trkpt>
<trkpt lat="49.5597607" lon="0.1870481"><ele>83</ele></trkpt>
<trkpt lat="49.5597685" lon="0.1869774"><ele>83</ele></trkpt>
<trkpt lat="49.5597765" lon="0.1869059"><ele>83</ele></trkpt>
<trkpt lat="49.5597835" lon="0.1868359"><ele>77</ele></trkpt>
<trkpt lat="49.5597885" lon="0.1866943"><ele>83</ele></trkpt>
<trkpt lat="49.55978379999999" lon="0.1866225"><ele>83</ele></trkpt>
<trkpt lat="49.55977519999999" lon="0.1865528"><ele>79.99999999999999</ele></trkpt>
<trkpt lat="49.55976239999999" lon="0.1864859"><ele>79.99999999999999</ele></trkpt>
<trkpt lat="49.5597468" lon="0.1864177"><ele>79.99999999999999</ele></trkpt>
<trkpt lat="49.5597316" lon="0.1863395"><ele>79.99999999999999</ele></trkpt>
<trkpt lat="49.5597034" lon="0.1862725"><ele>81</ele></trkpt>
<trkpt lat="49.55966740000001" lon="0.1862214"><ele>93</ele></trkpt>
<trkpt lat="49.5596283" lon="0.1861789"><ele>93</ele></trkpt>
<trkpt lat="49.55959119999999" lon="0.1861158"><ele>90</ele></trkpt>
<trkpt lat="49.55956630000001" lon="0.1860564"><ele>90</ele></trkpt>
<trkpt lat="49.559537" lon="0.185991"><ele>90</ele></trkpt>
<trkpt lat="49.559503" lon="0.1859444"><ele>90</ele></trkpt>
<trkpt lat="49.559467" lon="0.1858986"><ele>91</ele></trkpt>
<trkpt lat="49.559429" lon="0.1858481"><ele>91</ele></trkpt>
<trkpt lat="49.5593908" lon="0.1858091"><ele>91</ele></trkpt>
<trkpt lat="49.5593509" lon="0.185765"><ele>91</ele></trkpt>
<trkpt lat="49.5593095" lon="0.1857235"><ele>92</ele></trkpt>
<trkpt lat="49.5592721" lon="0.1856749"><ele>92</ele></trkpt>
<trkpt lat="49.55923460000001" lon="0.1856347"><ele>93</ele></trkpt>
<trkpt lat="49.5591921" lon="0.1855975"><ele>92</ele></trkpt>
<trkpt lat="49.5591562" lon="0.1855546"><ele>92</ele></trkpt>
<trkpt lat="49.55911889999999" lon="0.1855063"><ele>92</ele></trkpt>
<trkpt lat="49.55907940000001" lon="0.1854584"><ele>92</ele></trkpt>
<trkpt lat="49.55904220000001" lon="0.1854192"><ele>92</ele></trkpt>
<trkpt lat="49.559006" lon="0.1853655"><ele>92</ele></trkpt>
<trkpt lat="49.558971" lon="0.1853203"><ele>92</ele></trkpt>
<trkpt lat="49.5589341" lon="0.1852738"><ele>92</ele></trkpt>
<trkpt lat="49.5588953" lon="0.1852335"><ele>93</ele></trkpt>
<trkpt lat="49.558857" lon="0.1851816"><ele>93</ele></trkpt>
<trkpt lat="49.5588197" lon="0.185131"><ele>93</ele></trkpt>
<trkpt lat="49.55879" lon="0.1850715"><ele>93</ele></trkpt>
<trkpt lat="49.55877109999999" lon="0.1850039"><ele>94</ele></trkpt>
<trkpt lat="49.5587356" lon="0.1849528"><ele>94</ele></trkpt>
<trkpt lat="49.5587046" lon="0.1848978"><ele>94</ele></trkpt>
<trkpt lat="49.5586917" lon="0.184826"><ele>94</ele></trkpt>
<trkpt lat="49.558702" lon="0.1847558"><ele>94</ele></trkpt>
<trkpt lat="49.5586964" lon="0.184687"><ele>94</ele></trkpt>
<trkpt lat="49.558702" lon="0.1846144"><ele>94</ele></trkpt>
<trkpt lat="49.5587109" lon="0.1845457"><ele>94</ele></trkpt>
<trkpt lat="49.5587288" lon="0.1844762"><ele>95</ele></trkpt>
<trkpt lat="49.558774" lon="0.1844625"><ele>95</ele></trkpt>
<trkpt lat="49.5587964" lon="0.1845282"><ele>95</ele></trkpt>
<trkpt lat="49.5588403" lon="0.1845085"><ele>96</ele></trkpt>
<trkpt lat="49.55888519999999" lon="0.1844944"><ele>97</ele></trkpt>
<trkpt lat="49.55893279999999" lon="0.1844994"><ele>97</ele></trkpt>
<trkpt lat="49.5589809" lon="0.1844709"><ele>97</ele></trkpt>
<trkpt lat="49.55900980000001" lon="0.1844103"><ele>97</ele></trkpt>
<trkpt lat="49.5589945" lon="0.1843395"><ele>95</ele></trkpt>
<trkpt lat="49.5589739" lon="0.1842742"><ele>95</ele></trkpt>
<trkpt lat="49.5589379" lon="0.1842274"><ele>95</ele></trkpt>
<trkpt lat="49.5589074" lon="0.1841686"><ele>97</ele></trkpt>
<trkpt lat="49.558844" lon="0.1840663"><ele>97</ele></trkpt>
<trkpt lat="49.55880909999999" lon="0.1840169"><ele>97</ele></trkpt>
<trkpt lat="49.5587733" lon="0.1839675"><ele>97</ele></trkpt>
<trkpt lat="49.558738" lon="0.1839169"><ele>97</ele></trkpt>
<trkpt lat="49.55870299999999" lon="0.1838644"><ele>97</ele></trkpt>
<trkpt lat="49.5586815" lon="0.1837995"><ele>97</ele></trkpt>
<trkpt lat="49.55866350000001" lon="0.1837267"><ele>97</ele></trkpt>
<trkpt lat="49.5586654" lon="0.1836563"><ele>99.00000000000001</ele></trkpt>
<trkpt lat="49.55867769999999" lon="0.1835864"><ele>99.00000000000001</ele></trkpt>
<trkpt lat="49.558696" lon="0.1835206"><ele>101</ele></trkpt>
<trkpt lat="49.5587171" lon="0.1834577"><ele>101</ele></trkpt>
<trkpt lat="49.5587419" lon="0.183388"><ele>101</ele></trkpt>
<trkpt lat="49.558761" lon="0.1833149"><ele>101</ele></trkpt>
<trkpt lat="49.5587724" lon="0.18317"><ele>101</ele></trkpt>
<trkpt lat="49.5587837" lon="0.1830982"><ele>102</ele></trkpt>
<trkpt lat="49.5587767" lon="0.1829601"><ele>103</ele></trkpt>
<trkpt lat="49.5587616" lon="0.1828948"><ele>102</ele></trkpt>
<trkpt lat="49.55875709999999" lon="0.1828255"><ele>102</ele></trkpt>
<trkpt lat="49.5587499" lon="0.1827542"><ele>102</ele></trkpt>
<trkpt lat="49.558732" lon="0.1826813"><ele>103</ele></trkpt>
<trkpt lat="49.55871399999999" lon="0.1826128"><ele>104</ele></trkpt>
<trkpt lat="49.5586959" lon="0.1825433"><ele>104</ele></trkpt>
<trkpt lat="49.5586782" lon="0.1824732"><ele>104</ele></trkpt>
<trkpt lat="49.5586502" lon="0.1824083"><ele>105</ele></trkpt>
<trkpt lat="49.5586225" lon="0.1823462"><ele>105</ele></trkpt>
<trkpt lat="49.5586017" lon="0.1822766"><ele>105</ele></trkpt>
<trkpt lat="49.5585871" lon="0.1822093"><ele>105</ele></trkpt>
<trkpt lat="49.5585617" lon="0.1821491"><ele>105</ele></trkpt>
<trkpt lat="49.55853780000001" lon="0.1820814"><ele>105</ele></trkpt>
<trkpt lat="49.5585138" lon="0.1820197"><ele>105</ele></trkpt>
<trkpt lat="49.5584915" lon="0.1819553"><ele>105</ele></trkpt>
<trkpt lat="49.55846760000001" lon="0.1818943"><ele>105</ele></trkpt>
<trkpt lat="49.5584423" lon="0.1818329"><ele>105</ele></trkpt>
<trkpt lat="49.5584159" lon="0.1817722"><ele>105</ele></trkpt>
<trkpt lat="49.5583874" lon="0.1817088"><ele>105</ele></trkpt>
<trkpt lat="49.5583642" lon="0.1816453"><ele>105</ele></trkpt>
<trkpt lat="49.5583431" lon="0.1815804"><ele>105</ele></trkpt>
<trkpt lat="49.55831870000001" lon="0.1815176"><ele>105</ele></trkpt>
<trkpt lat="49.558294" lon="0.1814543"><ele>106</ele></trkpt>
<trkpt lat="49.558296" lon="0.1813811"><ele>106</ele></trkpt>
<trkpt lat="49.5583025" lon="0.1813095"><ele>106</ele></trkpt>
<trkpt lat="49.55834359999999" lon="0.181265"><ele>106</ele></trkpt>
<trkpt lat="49.5583851" lon="0.1812364"><ele>106</ele></trkpt>
<trkpt lat="49.5584208" lon="0.1811938"><ele>106</ele></trkpt>
<trkpt lat="49.55846009999999" lon="0.1811509"><ele>106</ele></trkpt>
<trkpt lat="49.55849850000001" lon="0.1811006"><ele>106</ele></trkpt>
<trkpt lat="49.558529" lon="0.1810394"><ele>106</ele></trkpt>
<trkpt lat="49.5585581" lon="0.1809864"><ele>106</ele></trkpt>
<trkpt lat="49.55858980000001" lon="0.1809315"><ele>106</ele></trkpt>
<trkpt lat="49.5586213" lon="0.1808761"><ele>105</ele></trkpt>
<trkpt lat="49.5586547" lon="0.1808273"><ele>105</ele></trkpt>
<trkpt lat="49.55868" lon="0.1807653"><ele>104</ele></trkpt>
<trkpt lat="49.5587043" lon="0.1806993"><ele>106</ele></trkpt>
<trkpt lat="49.5587258" lon="0.1806375"><ele>106</ele></trkpt>
<trkpt lat="49.5587464" lon="0.180575"><ele>105</ele></trkpt>
<trkpt lat="49.5587765" lon="0.1805207"><ele>104</ele></trkpt>
<trkpt lat="49.5588029" lon="0.1804617"><ele>104</ele></trkpt>
<trkpt lat="49.5588324" lon="0.180409"><ele>104</ele></trkpt>
<trkpt lat="49.5588646" lon="0.1803585"><ele>104</ele></trkpt>
<trkpt lat="49.55890310000001" lon="0.1803184"><ele>104</ele></trkpt>
<trkpt lat="49.5589484" lon="0.1803002"><ele>104</ele></trkpt>
<trkpt lat="49.5589943" lon="0.1803049"><ele>104</ele></trkpt>
<trkpt lat="49.5590397" lon="0.1803061"><ele>104</ele></trkpt>
<trkpt lat="49.55908169999999" lon="0.1803461"><ele>104</ele></trkpt>
<trkpt lat="49.5591253" lon="0.1803785"><ele>104</ele></trkpt>
<trkpt lat="49.5591727" lon="0.1803844"><ele>104</ele></trkpt>
<trkpt lat="49.5592213" lon="0.1803874"><ele>103</ele></trkpt>
<trkpt lat="49.55926899999999" lon="0.180374"><ele>103</ele></trkpt>
<trkpt lat="49.55931390000001" lon="0.1803597"><ele>103</ele></trkpt>
<trkpt lat="49.5593629" lon="0.1803474"><ele>103</ele></trkpt>
<trkpt lat="49.5594089" lon="0.1803349"><ele>103</ele></trkpt>
<trkpt lat="49.55945389999999" lon="0.1803314"><ele>103</ele></trkpt>
<trkpt lat="49.5595004" lon="0.1803168"><ele>103</ele></trkpt>
<trkpt lat="49.5595462" lon="0.1802968"><ele>103</ele></trkpt>
<trkpt lat="49.5595934" lon="0.1802762"><ele>103</ele></trkpt>
<trkpt lat="49.5596402" lon="0.1802378"><ele>103</ele></trkpt>
<trkpt lat="49.5596858" lon="0.1802191"><ele>103</ele></trkpt>
<trkpt lat="49.5597344" lon="0.180213"><ele>103</ele></trkpt>
<trkpt lat="49.55977230000001" lon="0.1801745"><ele>102</ele></trkpt>
<trkpt lat="49.5598077" lon="0.1801203"><ele>102</ele></trkpt>
<trkpt lat="49.55983379999999" lon="0.1800589"><ele>103</ele></trkpt>
<trkpt lat="49.5598648" lon="0.1800081"><ele>103</ele></trkpt>
<trkpt lat="49.5599039" lon="0.1799713"><ele>103</ele></trkpt>
<trkpt lat="49.559948" lon="0.1799403"><ele>103</ele></trkpt>
<trkpt lat="49.5599886" lon="0.1799077"><ele>103</ele></trkpt>
<trkpt lat="49.5600266" lon="0.1798651"><ele>103</ele></trkpt>
<trkpt lat="49.5600635" lon="0.1798182"><ele>103</ele></trkpt>
<trkpt lat="49.5601005" lon="0.1797741"><ele>103</ele></trkpt>
<trkpt lat="49.5601393" lon="0.1797252"><ele>103</ele></trkpt>
<trkpt lat="49.56017589999999" lon="0.1796757"><ele>103</ele></trkpt>
<trkpt lat="49.56021" lon="0.1796242"><ele>103</ele></trkpt>
<trkpt lat="49.5602492" lon="0.1795877"><ele>103</ele></trkpt>
<trkpt lat="49.5602888" lon="0.1795441"><ele>103</ele></trkpt>
<trkpt lat="49.5603307" lon="0.1795146"><ele>103</ele></trkpt>
<trkpt lat="49.5603576" lon="0.1794535"><ele>103</ele></trkpt>
<trkpt lat="49.5603821" lon="0.1793857"><ele>104</ele></trkpt>
<trkpt lat="49.56040550000001" lon="0.1793175"><ele>103</ele></trkpt>
<trkpt lat="49.5604348" lon="0.1792548"><ele>103</ele></trkpt>
<trkpt lat="49.5604642" lon="0.1791915"><ele>103</ele></trkpt>
<trkpt lat="49.5604942" lon="0.1791382"><ele>103</ele></trkpt>
<trkpt lat="49.560525" lon="0.1790815"><ele>103</ele></trkpt>
<trkpt lat="49.5605569" lon="0.1790263"><ele>103</ele></trkpt>
<trkpt lat="49.5605968" lon="0.1789762"><ele>103</ele></trkpt>
<trkpt lat="49.56063020000001" lon="0.178921"><ele>103</ele></trkpt>
<trkpt lat="49.5606615" lon="0.1788692"><ele>103</ele></trkpt>
<trkpt lat="49.5606937" lon="0.1788207"><ele>103</ele></trkpt>
<trkpt lat="49.5607273" lon="0.1787637"><ele>103</ele></trkpt>
<trkpt lat="49.56075739999999" lon="0.1787078"><ele>103</ele></trkpt>
<trkpt lat="49.56077879999999" lon="0.1786453"><ele>103</ele></trkpt>
<trkpt lat="49.5608002" lon="0.1785829"><ele>103</ele></trkpt>
<trkpt lat="49.5608304" lon="0.1785214"><ele>103</ele></trkpt>
<trkpt lat="49.5608602" lon="0.1784665"><ele>103</ele></trkpt>
<trkpt lat="49.5608929" lon="0.1784166"><ele>103</ele></trkpt>
<trkpt lat="49.5609228" lon="0.1783582"><ele>103</ele></trkpt>
<trkpt lat="49.5609483" lon="0.1783008"><ele>103</ele></trkpt>
<trkpt lat="49.56097830000001" lon="0.1782381"><ele>103</ele></trkpt>
<trkpt lat="49.5610128" lon="0.1781833"><ele>103</ele></trkpt>
<trkpt lat="49.56104400000001" lon="0.1781238"><ele>103</ele></trkpt>
<trkpt lat="49.56107129999999" lon="0.178063"><ele>103</ele></trkpt>
<trkpt lat="49.56110970000001" lon="0.1780178"><ele>103</ele></trkpt>
<trkpt lat="49.5611482" lon="0.1779783"><ele>103</ele></trkpt>
<trkpt lat="49.5611852" lon="0.1779199"><ele>103</ele></trkpt>
<trkpt lat="49.56122499999999" lon="0.1778724"><ele>104</ele></trkpt>
<trkpt lat="49.5612614" lon="0.1778298"><ele>104</ele></trkpt>
<trkpt lat="49.5613032" lon="0.177792"><ele>104</ele></trkpt>
<trkpt lat="49.5613387" lon="0.177738"><ele>104</ele></trkpt>
<trkpt lat="49.5613696" lon="0.1776845"><ele>104</ele></trkpt>
<trkpt lat="49.5614014" lon="0.1776287"><ele>104</ele></trkpt>
<trkpt lat="49.56143959999999" lon="0.1775782"><ele>104</ele></trkpt>
<trkpt lat="49.5614846" lon="0.1775621"><ele>95</ele></trkpt>
<trkpt lat="49.5615212" lon="0.1775192"><ele>94</ele></trkpt>
<trkpt lat="49.5615548" lon="0.1774629"><ele>101</ele></trkpt>
<trkpt lat="49.5615923" lon="0.1774189"><ele>101</ele></trkpt>
<trkpt lat="49.5616318" lon="0.1773828"><ele>101</ele></trkpt>
<trkpt lat="49.5616715" lon="0.1773363"><ele>98.00000000000001</ele></trkpt>
<trkpt lat="49.561713" lon="0.1772993"><ele>101</ele></trkpt>
<trkpt lat="49.5617534" lon="0.1772551"><ele>101</ele></trkpt>
<trkpt lat="49.5617924" lon="0.1772028"><ele>101</ele></trkpt>
<trkpt lat="49.5618301" lon="0.1771566"><ele>101</ele></trkpt>
<trkpt lat="49.5618652" lon="0.1771118"><ele>101</ele></trkpt>
<trkpt lat="49.5618971" lon="0.1770527"><ele>101</ele></trkpt>
<trkpt lat="49.5619272" lon="0.1769998"><ele>101</ele></trkpt>
<trkpt lat="49.5619583" lon="0.1769382"><ele>101</ele></trkpt>
<trkpt lat="49.561986" lon="0.1768755"><ele>101</ele></trkpt>
<trkpt lat="49.5620162" lon="0.1768215"><ele>101</ele></trkpt>
<trkpt lat="49.5620494" lon="0.1767689"><ele>101</ele></trkpt>
<trkpt lat="49.56208049999999" lon="0.1767156"><ele>101</ele></trkpt>
<trkpt lat="49.5621178" lon="0.1766762"><ele>101</ele></trkpt>
<trkpt lat="49.562164" lon="0.1766867"><ele>101</ele></trkpt>
<trkpt lat="49.5621805" lon="0.1767568"><ele>101</ele></trkpt>
<trkpt lat="49.5621894" lon="0.176831"><ele>98.00000000000001</ele></trkpt>
<trkpt lat="49.562165" lon="0.1768994"><ele>98.00000000000001</ele></trkpt>
<trkpt lat="49.5621568" lon="0.176971"><ele>101</ele></trkpt>
<trkpt lat="49.56215040000001" lon="0.1770432"><ele>101</ele></trkpt>
<trkpt lat="49.562135" lon="0.177118"><ele>101</ele></trkpt>
<trkpt lat="49.5621395" lon="0.1771882"><ele>101</ele></trkpt>
<trkpt lat="49.5621384" lon="0.1772604"><ele>98.00000000000001</ele></trkpt>
<trkpt lat="49.5621337" lon="0.1773302"><ele>98.00000000000001</ele></trkpt>
<trkpt lat="49.56213339999999" lon="0.1773999"><ele>98.00000000000001</ele></trkpt>
<trkpt lat="49.5621303" lon="0.1774767"><ele>98.00000000000001</ele></trkpt>
<trkpt lat="49.56213249999999" lon="0.1775473"><ele>98.00000000000001</ele></trkpt>
<trkpt lat="49.5621106" lon="0.1776206"><ele>98.00000000000001</ele></trkpt>
<trkpt lat="49.5621048" lon="0.1776987"><ele>98.00000000000001</ele></trkpt>
<trkpt lat="49.562108" lon="0.1777723"><ele>98.00000000000001</ele></trkpt>
<trkpt lat="49.5621087" lon="0.17785"><ele>98.00000000000001</ele></trkpt>
<trkpt lat="49.5620986" lon="0.1779179"><ele>98.00000000000001</ele></trkpt>
<trkpt lat="49.5620993" lon="0.1779912"><ele>98.00000000000001</ele></trkpt>
<trkpt lat="49.5621046" lon="0.1780652"><ele>104</ele></trkpt>
<trkpt lat="49.562106" lon="0.1781399"><ele>104</ele></trkpt>
<trkpt lat="49.5621045" lon="0.1782107"><ele>104</ele></trkpt>
<trkpt lat="49.5620979" lon="0.1782844"><ele>104</ele></trkpt>
<trkpt lat="49.5620795" lon="0.1783577"><ele>104</ele></trkpt>
<trkpt lat="49.56205729999999" lon="0.1784201"><ele>104</ele></trkpt>
<trkpt lat="49.56203390000001" lon="0.1784835"><ele>104</ele></trkpt>
<trkpt lat="49.56199399999999" lon="0.1785252"><ele>104</ele></trkpt>
<trkpt lat="49.5619658" lon="0.1785794"><ele>102</ele></trkpt>
<trkpt lat="49.5619507" lon="0.1786552"><ele>104</ele></trkpt>
<trkpt lat="49.5619262" lon="0.1787191"><ele>104</ele></trkpt>
<trkpt lat="49.5619103" lon="0.178787"><ele>103</ele></trkpt>
<trkpt lat="49.5618802" lon="0.1788398"><ele>102</ele></trkpt>
<trkpt lat="49.5618467" lon="0.1788919"><ele>102</ele></trkpt>
<trkpt lat="49.5618245" lon="0.1789576"><ele>104</ele></trkpt>
<trkpt lat="49.561822" lon="0.1790282"><ele>103</ele></trkpt>
<trkpt lat="49.56177820000001" lon="0.1791487"><ele>102</ele></trkpt>
<trkpt lat="49.5617582" lon="0.1792116"><ele>102</ele></trkpt>
<trkpt lat="49.5617341" lon="0.179274"><ele>102</ele></trkpt>
<trkpt lat="49.5617204" lon="0.1793449"><ele>102</ele></trkpt>
<trkpt lat="49.5616862" lon="0.1793994"><ele>102</ele></trkpt>
<trkpt lat="49.56164709999999" lon="0.1794451"><ele>102</ele></trkpt>
<trkpt lat="49.561629" lon="0.1795173"><ele>102</ele></trkpt>
<trkpt lat="49.5616191" lon="0.179585"><ele>102</ele></trkpt>
<trkpt lat="49.56161180000001" lon="0.1796561"><ele>102</ele></trkpt>
<trkpt lat="49.5615895" lon="0.1797226"><ele>102</ele></trkpt>
<trkpt lat="49.5615634" lon="0.1797913"><ele>102</ele></trkpt>
<trkpt lat="49.56154009999999" lon="0.1798543"><ele>102</ele></trkpt>
<trkpt lat="49.5615145" lon="0.1799149"><ele>93</ele></trkpt>
<trkpt lat="49.56148750000001" lon="0.1799755"><ele>93</ele></trkpt>
<trkpt lat="49.5614662" lon="0.1800366"><ele>93</ele></trkpt>
<trkpt lat="49.5614431" lon="0.1800981"><ele>93</ele></trkpt>
<trkpt lat="49.56142570000001" lon="0.1801689"><ele>93</ele></trkpt>
<trkpt lat="49.5614171" lon="0.1802456"><ele>93</ele></trkpt>
<trkpt lat="49.5614147" lon="0.1803171"><ele>93</ele></trkpt>
<trkpt lat="49.5614107" lon="0.1803885"><ele>93</ele></trkpt>
<trkpt lat="49.5614124" lon="0.180458"><ele>93</ele></trkpt>
<trkpt lat="49.5614307" lon="0.1805263"><ele>93</ele></trkpt>
<trkpt lat="49.5614447" lon="0.1805948"><ele>93</ele></trkpt>
<trkpt lat="49.5614511" lon="0.1806669"><ele>91</ele></trkpt>
<trkpt lat="49.5614598" lon="0.1807376"><ele>91</ele></trkpt>
<trkpt lat="49.56146869999999" lon="0.1808078"><ele>91</ele></trkpt>
<trkpt lat="49.5614807" lon="0.1808862"><ele>89</ele></trkpt>
<trkpt lat="49.561488" lon="0.1809576"><ele>89</ele></trkpt>
<trkpt lat="49.5615013" lon="0.1810351"><ele>89</ele></trkpt>
<trkpt lat="49.56150770000001" lon="0.1811085"><ele>89</ele></trkpt>
<trkpt lat="49.5615183" lon="0.1811801"><ele>89</ele></trkpt>
<trkpt lat="49.5615265" lon="0.1812522"><ele>89</ele></trkpt>
<trkpt lat="49.5615352" lon="0.1813226"><ele>89</ele></trkpt>
<trkpt lat="49.5615389" lon="0.1813935"><ele>89</ele></trkpt>
<trkpt lat="49.5615421" lon="0.1815326"><ele>87</ele></trkpt>
<trkpt lat="49.5615589" lon="0.1816007"><ele>87</ele></trkpt>
<trkpt lat="49.56157910000001" lon="0.1816746"><ele>89</ele></trkpt>
<trkpt lat="49.5615997" lon="0.1817432"><ele>87</ele></trkpt>
<trkpt lat="49.56161590000001" lon="0.1818092"><ele>87</ele></trkpt>
<trkpt lat="49.5616321" lon="0.1818809"><ele>87</ele></trkpt>
<trkpt lat="49.5616502" lon="0.181954"><ele>87</ele></trkpt>
<trkpt lat="49.56166819999999" lon="0.182018"><ele>87</ele></trkpt>
<trkpt lat="49.56167709999999" lon="0.1820866"><ele>87</ele></trkpt>
<trkpt lat="49.56167409999999" lon="0.182161"><ele>89</ele></trkpt>
<trkpt lat="49.5616866" lon="0.1822339"><ele>89</ele></trkpt>
<trkpt lat="49.5617148" lon="0.1823025"><ele>89</ele></trkpt>
<trkpt lat="49.56174489999999" lon="0.182367"><ele>89</ele></trkpt>
<trkpt lat="49.5617533" lon="0.182438"><ele>89</ele></trkpt>
<trkpt lat="49.5617525" lon="0.1825112"><ele>89</ele></trkpt>
<trkpt lat="49.5617438" lon="0.1825807"><ele>90</ele></trkpt>
<trkpt lat="49.5617237" lon="0.182644"><ele>90</ele></trkpt>
<trkpt lat="49.5617047" lon="0.182707"><ele>90</ele></trkpt>
<trkpt lat="49.56170239999999" lon="0.1827817"><ele>90</ele></trkpt>
<trkpt lat="49.5617109" lon="0.1828531"><ele>90</ele></trkpt>
<trkpt lat="49.5617433" lon="0.1829084"><ele>90</ele></trkpt>
<trkpt lat="49.5617859" lon="0.1829403"><ele>90</ele></trkpt>
<trkpt lat="49.56182869999999" lon="0.1829643"><ele>90</ele></trkpt>
<trkpt lat="49.5618694" lon="0.182995"><ele>90</ele></trkpt>
<trkpt lat="49.5619152" lon="0.1830242"><ele>90</ele></trkpt>
<trkpt lat="49.5619589" lon="0.183046"><ele>98.00000000000001</ele></trkpt>
<trkpt lat="49.56199910000001" lon="0.1830876"><ele>90</ele></trkpt>
<trkpt lat="49.5620447" lon="0.1830918"><ele>102</ele></trkpt>
<trkpt lat="49.56209149999999" lon="0.1831157"><ele>103</ele></trkpt>
<trkpt lat="49.56213639999999" lon="0.1831336"><ele>103</ele></trkpt>
<trkpt lat="49.5621851" lon="0.1831529"><ele>96</ele></trkpt>
<trkpt lat="49.5622291" lon="0.1832764"><ele>98.00000000000001</ele></trkpt>
<trkpt lat="49.5622683" lon="0.1833136"><ele>102</ele></trkpt>
<trkpt lat="49.5623057" lon="0.1833576"><ele>102</ele></trkpt>
<trkpt lat="49.5623462" lon="0.1833912"><ele>102</ele></trkpt>
<trkpt lat="49.5623889" lon="0.1834268"><ele>102</ele></trkpt>
<trkpt lat="49.562432" lon="0.1834608"><ele>102</ele></trkpt>
<trkpt lat="49.5624825" lon="0.1834793"><ele>102</ele></trkpt>
<trkpt lat="49.5625266" lon="0.183495"><ele>102</ele></trkpt>
<trkpt lat="49.5625754" lon="0.1835177"><ele>102</ele></trkpt>
<trkpt lat="49.56261980000001" lon="0.1835327"><ele>102</ele></trkpt>
<trkpt lat="49.5626683" lon="0.1835439"><ele>102</ele></trkpt>
<trkpt lat="49.5627138" lon="0.1835506"><ele>102</ele></trkpt>
<trkpt lat="49.562757" lon="0.1835786"><ele>102</ele></trkpt>
<trkpt lat="49.5627936" lon="0.1836249"><ele>107</ele></trkpt>
<trkpt lat="49.5628364" lon="0.1836487"><ele>107</ele></trkpt>
<trkpt lat="49.5628823" lon="0.183666"><ele>107</ele></trkpt>
<trkpt lat="49.562929" lon="0.1836452"><ele>107</ele></trkpt>
<trkpt lat="49.5629496" lon="0.1835827"><ele>111</ele></trkpt>
<trkpt lat="49.56296989999999" lon="0.1835196"><ele>111</ele></trkpt>
<trkpt lat="49.56301220000001" lon="0.1834919"><ele>111</ele></trkpt>
<trkpt lat="49.5630498" lon="0.1834454"><ele>111</ele></trkpt>
<trkpt lat="49.5630959" lon="0.1834338"><ele>107</ele></trkpt>
<trkpt lat="49.5631408" lon="0.1834181"><ele>105</ele></trkpt>
<trkpt lat="49.5631882" lon="0.183431"><ele>107</ele></trkpt>
<trkpt lat="49.5632323" lon="0.1834526"><ele>105</ele></trkpt>
<trkpt lat="49.56327940000001" lon="0.1834577"><ele>108</ele></trkpt>
<trkpt lat="49.563326" lon="0.1834533"><ele>107</ele></trkpt>
<trkpt lat="49.5633741" lon="0.1834438"><ele>107</ele></trkpt>
<trkpt lat="49.563422" lon="0.1834368"><ele>102</ele></trkpt>
<trkpt lat="49.5634659" lon="0.1834572"><ele>105</ele></trkpt>
<trkpt lat="49.5634917" lon="0.1835176"><ele>105</ele></trkpt>
<trkpt lat="49.56347819999999" lon="0.1835878"><ele>107</ele></trkpt>
<trkpt lat="49.5634811" lon="0.1836575"><ele>107</ele></trkpt>
<trkpt lat="49.5634773" lon="0.1837266"><ele>107</ele></trkpt>
<trkpt lat="49.5634807" lon="0.1838034"><ele>108</ele></trkpt>
<trkpt lat="49.563484" lon="0.1838786"><ele>108</ele></trkpt>
<trkpt lat="49.5634941" lon="0.1839471"><ele>107</ele></trkpt>
<trkpt lat="49.5635002" lon="0.1840194"><ele>107</ele></trkpt>
<trkpt lat="49.5635132" lon="0.1840878"><ele>107</ele></trkpt>
<trkpt lat="49.5635159" lon="0.1841606"><ele>105</ele></trkpt>
<trkpt lat="49.56351089999999" lon="0.1842299"><ele>111</ele></trkpt>
<trkpt lat="49.56351" lon="0.1843083"><ele>107</ele></trkpt>
<trkpt lat="49.5634807" lon="0.1843687"><ele>107</ele></trkpt>
<trkpt lat="49.5634383" lon="0.1844034"><ele>107</ele></trkpt>
<trkpt lat="49.5633935" lon="0.1844126"><ele>107</ele></trkpt>
<trkpt lat="49.5633449" lon="0.184409"><ele>107</ele></trkpt>
<trkpt lat="49.5632988" lon="0.1843936"><ele>107</ele></trkpt>
<trkpt lat="49.5632573" lon="0.1843624"><ele>107</ele></trkpt>
<trkpt lat="49.5632134" lon="0.1843273"><ele>107</ele></trkpt>
<trkpt lat="49.5631703" lon="0.1842938"><ele>107</ele></trkpt>
<trkpt lat="49.5631292" lon="0.1842547"><ele>107</ele></trkpt>
<trkpt lat="49.5630875" lon="0.1842262"><ele>107</ele></trkpt>
<trkpt lat="49.56304490000001" lon="0.1842006"><ele>107</ele></trkpt>
<trkpt lat="49.56299790000001" lon="0.1841806"><ele>107</ele></trkpt>
<trkpt lat="49.5629509" lon="0.1841618"><ele>112</ele></trkpt>
<trkpt lat="49.5629077" lon="0.184125"><ele>111</ele></trkpt>
<trkpt lat="49.5628636" lon="0.1841039"><ele>112</ele></trkpt>
<trkpt lat="49.5628176" lon="0.1841109"><ele>110</ele></trkpt>
<trkpt lat="49.5627708" lon="0.184128"><ele>102</ele></trkpt>
<trkpt lat="49.5627258" lon="0.1841465"><ele>105</ele></trkpt>
<trkpt lat="49.562683" lon="0.1841703"><ele>105</ele></trkpt>
<trkpt lat="49.5626369" lon="0.1841874"><ele>105</ele></trkpt>
<trkpt lat="49.562591" lon="0.1842033"><ele>107</ele></trkpt>
<trkpt lat="49.5625447" lon="0.1842212"><ele>113</ele></trkpt>
<trkpt lat="49.56249820000001" lon="0.1842321"><ele>113</ele></trkpt>
<trkpt lat="49.56245389999999" lon="0.184249"><ele>113</ele></trkpt>
<trkpt lat="49.56240930000001" lon="0.1842634"><ele>113</ele></trkpt>
<trkpt lat="49.5623647" lon="0.1842888"><ele>113</ele></trkpt>
<trkpt lat="49.5623222" lon="0.1843238"><ele>113</ele></trkpt>
<trkpt lat="49.562279" lon="0.1843479"><ele>113</ele></trkpt>
<trkpt lat="49.5622357" lon="0.1843697"><ele>113</ele></trkpt>
<trkpt lat="49.5621889" lon="0.1843812"><ele>113</ele></trkpt>
<trkpt lat="49.5621428" lon="0.1844009"><ele>113</ele></trkpt>
<trkpt lat="49.56214169999999" lon="0.1844713"><ele>112</ele></trkpt>
<trkpt lat="49.5621617" lon="0.1845347"><ele>110</ele></trkpt>
<trkpt lat="49.5621857" lon="0.184607"><ele>110</ele></trkpt>
<trkpt lat="49.5622081" lon="0.184673"><ele>112</ele></trkpt>
<trkpt lat="49.56221039999999" lon="0.1847432"><ele>112</ele></trkpt>
<trkpt lat="49.5621922" lon="0.1848077"><ele>112</ele></trkpt>
<trkpt lat="49.5621534" lon="0.1849327"><ele>112</ele></trkpt>
<trkpt lat="49.56213399999999" lon="0.1849964"><ele>112</ele></trkpt>
<trkpt lat="49.5621112" lon="0.1850627"><ele>112</ele></trkpt>
<trkpt lat="49.5621039" lon="0.1851321"><ele>112</ele></trkpt>
<trkpt lat="49.5620986" lon="0.185204"><ele>108</ele></trkpt>
<trkpt lat="49.5620844" lon="0.1852743"><ele>108</ele></trkpt>
<trkpt lat="49.5620684" lon="0.1853411"><ele>108</ele></trkpt>
<trkpt lat="49.5620488" lon="0.185411"><ele>127</ele></trkpt>
<trkpt lat="49.5620354" lon="0.1854779"><ele>127</ele></trkpt>
<trkpt lat="49.5620152" lon="0.185544"><ele>127</ele></trkpt>
<trkpt lat="49.5620027" lon="0.1856133"><ele>127</ele></trkpt>
<trkpt lat="49.5619897" lon="0.1856826"><ele>127</ele></trkpt>
<trkpt lat="49.5619826" lon="0.1857568"><ele>127</ele></trkpt>
<trkpt lat="49.56197980000001" lon="0.1858274"><ele>127</ele></trkpt>
<trkpt lat="49.5619803" lon="0.185907"><ele>127</ele></trkpt>
<trkpt lat="49.5619767" lon="0.1859847"><ele>127</ele></trkpt>
<trkpt lat="49.561975" lon="0.1860579"><ele>127</ele></trkpt>
<trkpt lat="49.5619728" lon="0.1861317"><ele>128</ele></trkpt>
<trkpt lat="49.561971" lon="0.1862059"><ele>128</ele></trkpt>
<trkpt lat="49.5619714" lon="0.1862794"><ele>127</ele></trkpt>
<trkpt lat="49.5619672" lon="0.1863494"><ele>127</ele></trkpt>
<trkpt lat="49.5619715" lon="0.1864185"><ele>127</ele></trkpt>
<trkpt lat="49.5619713" lon="0.1864954"><ele>127</ele></trkpt>
<trkpt lat="49.5619663" lon="0.1865689"><ele>127</ele></trkpt>
<trkpt lat="49.5619611" lon="0.186639"><ele>127</ele></trkpt>
<trkpt lat="49.5619617" lon="0.1867132"><ele>127</ele></trkpt>
<trkpt lat="49.5619636" lon="0.1867839"><ele>127</ele></trkpt>
<trkpt lat="49.5619599" lon="0.1868567"><ele>127</ele></trkpt>
<trkpt lat="49.5619659" lon="0.1869303"><ele>127</ele></trkpt>
<trkpt lat="49.5620075" lon="0.1870588"><ele>127</ele></trkpt>
<trkpt lat="49.5620293" lon="0.1871204"><ele>127</ele></trkpt>
<trkpt lat="49.562056" lon="0.1871808"><ele>127</ele></trkpt>
<trkpt lat="49.5620937" lon="0.1872383"><ele>127</ele></trkpt>
<trkpt lat="49.5621408" lon="0.1872672"><ele>127</ele></trkpt>
<trkpt lat="49.56218479999999" lon="0.1872852"><ele>128</ele></trkpt>
<trkpt lat="49.5622335" lon="0.1873018"><ele>127</ele></trkpt>
<trkpt lat="49.5622813" lon="0.1873217"><ele>127</ele></trkpt>
<trkpt lat="49.5623275" lon="0.187338"><ele>127</ele></trkpt>
<trkpt lat="49.5623737" lon="0.1873582"><ele>127</ele></trkpt>
<trkpt lat="49.56242030000001" lon="0.187385"><ele>127</ele></trkpt>
<trkpt lat="49.562466" lon="0.1873982"><ele>127</ele></trkpt>
<trkpt lat="49.5625135" lon="0.1874121"><ele>128</ele></trkpt>
<trkpt lat="49.5625644" lon="0.1874226"><ele>128</ele></trkpt>
<trkpt lat="49.5626128" lon="0.1874264"><ele>128</ele></trkpt>
<trkpt lat="49.5626619" lon="0.1874398"><ele>128</ele></trkpt>
<trkpt lat="49.5627049" lon="0.1874625"><ele>128</ele></trkpt>
<trkpt lat="49.56274899999999" lon="0.1874776"><ele>129</ele></trkpt>
<trkpt lat="49.56279310000001" lon="0.1874978"><ele>128</ele></trkpt>
<trkpt lat="49.56283950000001" lon="0.187517"><ele>128</ele></trkpt>
<trkpt lat="49.5628859" lon="0.187536"><ele>130</ele></trkpt>
<trkpt lat="49.5629324" lon="0.1875485"><ele>130</ele></trkpt>
<trkpt lat="49.5629782" lon="0.1875728"><ele>130</ele></trkpt>
<trkpt lat="49.5630257" lon="0.1875959"><ele>131</ele></trkpt>
<trkpt lat="49.5630737" lon="0.1876176"><ele>131</ele></trkpt>
<trkpt lat="49.56312329999999" lon="0.1876296"><ele>131</ele></trkpt>
<trkpt lat="49.5631674" lon="0.1876467"><ele>131</ele></trkpt>
<trkpt lat="49.56321580000001" lon="0.1876667"><ele>131</ele></trkpt>
<trkpt lat="49.5632615" lon="0.1876842"><ele>131</ele></trkpt>
<trkpt lat="49.5633052" lon="0.1877024"><ele>131</ele></trkpt>
<trkpt lat="49.5633453" lon="0.1877343"><ele>131</ele></trkpt>
<trkpt lat="49.5633854" lon="0.1877751"><ele>131</ele></trkpt>
<trkpt lat="49.5634222" lon="0.1878184"><ele>131</ele></trkpt>
<trkpt lat="49.5634617" lon="0.1878663"><ele>132</ele></trkpt>
<trkpt lat="49.5634995" lon="0.1879042"><ele>132</ele></trkpt>
<trkpt lat="49.563533" lon="0.1879531"><ele>132</ele></trkpt>
<trkpt lat="49.5635673" lon="0.1879995"><ele>132</ele></trkpt>
<trkpt lat="49.56360790000001" lon="0.1880301"><ele>134</ele></trkpt>
<trkpt lat="49.5636479" lon="0.1880727"><ele>134</ele></trkpt>
<trkpt lat="49.5636822" lon="0.1881223"><ele>133</ele></trkpt>
<trkpt lat="49.5637171" lon="0.1881682"><ele>133</ele></trkpt>
<trkpt lat="49.5637528" lon="0.1882108"><ele>134</ele></trkpt>
<trkpt lat="49.56378770000001" lon="0.1882546"><ele>134</ele></trkpt>
<trkpt lat="49.5638275" lon="0.1883027"><ele>134</ele></trkpt>
<trkpt lat="49.5639025" lon="0.1883834"><ele>134</ele></trkpt>
<trkpt lat="49.56394109999999" lon="0.1884273"><ele>134</ele></trkpt>
<trkpt lat="49.5639853" lon="0.1884537"><ele>134</ele></trkpt>
<trkpt lat="49.56402429999999" lon="0.188503"><ele>134</ele></trkpt>
<trkpt lat="49.56406980000001" lon="0.1885112"><ele>134</ele></trkpt>
<trkpt lat="49.56407899999999" lon="0.1884392"><ele>134</ele></trkpt>
<trkpt lat="49.5640992" lon="0.1883772"><ele>134</ele></trkpt>
<trkpt lat="49.5641277" lon="0.1883183"><ele>134</ele></trkpt>
<trkpt lat="49.5641694" lon="0.1882914"><ele>134</ele></trkpt>
<trkpt lat="49.56419939999999" lon="0.1882353"><ele>134</ele></trkpt>
<trkpt lat="49.56422789999999" lon="0.188177"><ele>134</ele></trkpt>
<trkpt lat="49.5642533" lon="0.1881104"><ele>134</ele></trkpt>
<trkpt lat="49.56428030000001" lon="0.188045"><ele>134</ele></trkpt>
<trkpt lat="49.5643072" lon="0.187986"><ele>134</ele></trkpt>
<trkpt lat="49.56432839999999" lon="0.18792"><ele>134</ele></trkpt>
<trkpt lat="49.56428889999999" lon="0.1878768"><ele>134</ele></trkpt>
<trkpt lat="49.5642469" lon="0.187902"><ele>134</ele></trkpt>
<trkpt lat="49.5642917" lon="0.1878833"><ele>134</ele></trkpt>
<trkpt lat="49.56433669999999" lon="0.1878817"><ele>134</ele></trkpt>
<trkpt lat="49.5643847" lon="0.187865"><ele>134</ele></trkpt>
<trkpt lat="49.5644278" lon="0.1878982"><ele>134</ele></trkpt>
<trkpt lat="49.5644615" lon="0.1879515"><ele>134</ele></trkpt>
<trkpt lat="49.5644969" lon="0.1879955"><ele>134</ele></trkpt>
<trkpt lat="49.56452989999999" lon="0.1880431"><ele>134</ele></trkpt>
<trkpt lat="49.5645708" lon="0.1880749"><ele>134</ele></trkpt>
<trkpt lat="49.5646119" lon="0.1881108"><ele>134</ele></trkpt>
<trkpt lat="49.56465479999999" lon="0.1881424"><ele>134</ele></trkpt>
<trkpt lat="49.56470150000001" lon="0.1881241"><ele>134</ele></trkpt>
<trkpt lat="49.5647278" lon="0.1880678"><ele>134</ele></trkpt>
<trkpt lat="49.564768" lon="0.1880278"><ele>134</ele></trkpt>
<trkpt lat="49.5648173" lon="0.1880119"><ele>134</ele></trkpt>
<trkpt lat="49.5648565" lon="0.1879759"><ele>134</ele></trkpt>
<trkpt lat="49.5648997" lon="0.1879466"><ele>134</ele></trkpt>
<trkpt lat="49.564948" lon="0.1879396"><ele>134</ele></trkpt>
<trkpt lat="49.56498300000001" lon="0.18799"><ele>134</ele></trkpt>
<trkpt lat="49.5650201" lon="0.1880439"><ele>134</ele></trkpt>
<trkpt lat="49.5650582" lon="0.1880865"><ele>134</ele></trkpt>
<trkpt lat="49.56509919999999" lon="0.188128"><ele>134</ele></trkpt>
<trkpt lat="49.5651329" lon="0.1881746"><ele>134</ele></trkpt>
<trkpt lat="49.5651665" lon="0.1882261"><ele>134</ele></trkpt>
<trkpt lat="49.56520570000001" lon="0.1882784"><ele>135</ele></trkpt>
<trkpt lat="49.5652442" lon="0.1883303"><ele>135</ele></trkpt>
<trkpt lat="49.5652777" lon="0.1883791"><ele>135</ele></trkpt>
<trkpt lat="49.5653135" lon="0.1884218"><ele>135</ele></trkpt>
<trkpt lat="49.5653518" lon="0.1884656"><ele>135</ele></trkpt>
<trkpt lat="49.5653891" lon="0.1885167"><ele>135</ele></trkpt>
<trkpt lat="49.56542499999999" lon="0.1885635"><ele>135</ele></trkpt>
<trkpt lat="49.56545859999999" lon="0.1886135"><ele>135</ele></trkpt>
<trkpt lat="49.5655018" lon="0.1886506"><ele>135</ele></trkpt>
<trkpt lat="49.56553950000001" lon="0.1886902"><ele>135</ele></trkpt>
<trkpt lat="49.565588" lon="0.1887178"><ele>134</ele></trkpt>
<trkpt lat="49.5656322" lon="0.1887039"><ele>134</ele></trkpt>
<trkpt lat="49.565672" lon="0.1887443"><ele>134</ele></trkpt>
<trkpt lat="49.56571099999999" lon="0.1887926"><ele>134</ele></trkpt>
<trkpt lat="49.5657365" lon="0.1888558"><ele>134</ele></trkpt>
<trkpt lat="49.5657638" lon="0.1889167"><ele>134</ele></trkpt>
<trkpt lat="49.565793" lon="0.1889787"><ele>134</ele></trkpt>
<trkpt lat="49.5658339" lon="0.1890255"><ele>134</ele></trkpt>
<trkpt lat="49.5658639" lon="0.1890813"><ele>133</ele></trkpt>
<trkpt lat="49.5658984" lon="0.1891296"><ele>133</ele></trkpt>
<trkpt lat="49.5659344" lon="0.189175"><ele>133</ele></trkpt>
<trkpt lat="49.5659137" lon="0.1892428"><ele>137</ele></trkpt>
<trkpt lat="49.56592169999999" lon="0.1891733"><ele>135</ele></trkpt>
<trkpt lat="49.5659683" lon="0.1891867"><ele>135</ele></trkpt>
<trkpt lat="49.5660162" lon="0.1891955"><ele>133</ele></trkpt>
<trkpt lat="49.5660655" lon="0.1891576"><ele>133</ele></trkpt>
<trkpt lat="49.5660973" lon="0.1891024"><ele>133</ele></trkpt>
<trkpt lat="49.56613320000001" lon="0.1890491"><ele>133</ele></trkpt>
<trkpt lat="49.566173" lon="0.1890003"><ele>133</ele></trkpt>
<trkpt lat="49.56620709999999" lon="0.1889543"><ele>133</ele></trkpt>
<trkpt lat="49.5662429" lon="0.1889076"><ele>133</ele></trkpt>
<trkpt lat="49.5662771" lon="0.1888601"><ele>133</ele></trkpt>
<trkpt lat="49.5663095" lon="0.1888063"><ele>133</ele></trkpt>
<trkpt lat="49.56634720000001" lon="0.1887527"><ele>133</ele></trkpt>
<trkpt lat="49.5663797" lon="0.1887038"><ele>133</ele></trkpt>
<trkpt lat="49.5664118" lon="0.1886473"><ele>133</ele></trkpt>
<trkpt lat="49.56644320000001" lon="0.1885937"><ele>133</ele></trkpt>
<trkpt lat="49.5664828" lon="0.1885501"><ele>133</ele></trkpt>
<trkpt lat="49.56651539999999" lon="0.1884995"><ele>133</ele></trkpt>
<trkpt lat="49.5665441" lon="0.1884439"><ele>133</ele></trkpt>
<trkpt lat="49.5665763" lon="0.1883904"><ele>133</ele></trkpt>
<trkpt lat="49.5666155" lon="0.1883457"><ele>133</ele></trkpt>
<trkpt lat="49.56666200000001" lon="0.1883225"><ele>133</ele></trkpt>
<trkpt lat="49.5667083" lon="0.1882895"><ele>133</ele></trkpt>
<trkpt lat="49.5667522" lon="0.1882524"><ele>133</ele></trkpt>
<trkpt lat="49.5667988" lon="0.1882194"><ele>133</ele></trkpt>
<trkpt lat="49.5668474" lon="0.1881998"><ele>133</ele></trkpt>
<trkpt lat="49.566897" lon="0.1882075"><ele>133</ele></trkpt>
<trkpt lat="49.5669495" lon="0.1881956"><ele>133</ele></trkpt>
<trkpt lat="49.56699339999999" lon="0.1881714"><ele>133</ele></trkpt>
<trkpt lat="49.5670441" lon="0.1881679"><ele>133</ele></trkpt>
<trkpt lat="49.5670938" lon="0.1881804"><ele>133</ele></trkpt>
<trkpt lat="49.5671365" lon="0.1882171"><ele>133</ele></trkpt>
<trkpt lat="49.56718269999999" lon="0.1882487"><ele>133</ele></trkpt>
<trkpt lat="49.5672252" lon="0.1882716"><ele>133</ele></trkpt>
<trkpt lat="49.56727489999999" lon="0.1882937"><ele>133</ele></trkpt>
<trkpt lat="49.5673229" lon="0.1883136"><ele>133</ele></trkpt>
<trkpt lat="49.5673678" lon="0.1883332"><ele>133</ele></trkpt>
<trkpt lat="49.5674083" lon="0.1883669"><ele>133</ele></trkpt>
<trkpt lat="49.5674497" lon="0.1884047"><ele>133</ele></trkpt>
<trkpt lat="49.5674927" lon="0.1884309"><ele>133</ele></trkpt>
<trkpt lat="49.5675377" lon="0.188454"><ele>133</ele></trkpt>
<trkpt lat="49.5675849" lon="0.1884795"><ele>133</ele></trkpt>
<trkpt lat="49.5676287" lon="0.1885099"><ele>133</ele></trkpt>
<trkpt lat="49.56767210000001" lon="0.1885351"><ele>133</ele></trkpt>
<trkpt lat="49.5677161" lon="0.1885562"><ele>133</ele></trkpt>
<trkpt lat="49.5677614" lon="0.1885818"><ele>133</ele></trkpt>
<trkpt lat="49.5678086" lon="0.1885742"><ele>133</ele></trkpt>
<trkpt lat="49.5678451" lon="0.1886181"><ele>133</ele></trkpt>
<trkpt lat="49.56789" lon="0.1886409"><ele>133</ele></trkpt>
<trkpt lat="49.5679315" lon="0.1886691"><ele>130</ele></trkpt>
<trkpt lat="49.5679732" lon="0.1886989"><ele>130</ele></trkpt>
<trkpt lat="49.5680191" lon="0.1887236"><ele>131</ele></trkpt>
<trkpt lat="49.5680625" lon="0.1887463"><ele>132</ele></trkpt>
<trkpt lat="49.56811079999999" lon="0.1887549"><ele>132</ele></trkpt>
<trkpt lat="49.5681577" lon="0.1887629"><ele>132</ele></trkpt>
<trkpt lat="49.5682019" lon="0.1887939"><ele>132</ele></trkpt>
<trkpt lat="49.5682448" lon="0.1888224"><ele>133</ele></trkpt>
<trkpt lat="49.5682921" lon="0.18886"><ele>133</ele></trkpt>
<trkpt lat="49.5683357" lon="0.1888861"><ele>133</ele></trkpt>
<trkpt lat="49.5683785" lon="0.1889211"><ele>133</ele></trkpt>
<trkpt lat="49.5684233" lon="0.1889466"><ele>134</ele></trkpt>
<trkpt lat="49.56847729999999" lon="0.1889598"><ele>134</ele></trkpt>
<trkpt lat="49.5685171" lon="0.1889984"><ele>134</ele></trkpt>
<trkpt lat="49.56855560000001" lon="0.1890461"><ele>135</ele></trkpt>
<trkpt lat="49.5685846" lon="0.1890993"><ele>135</ele></trkpt>
<trkpt lat="49.5686092" lon="0.1891632"><ele>135</ele></trkpt>
<trkpt lat="49.5686318" lon="0.1892268"><ele>135</ele></trkpt>
<trkpt lat="49.5686692" lon="0.1892696"><ele>135</ele></trkpt>
<trkpt lat="49.5686985" lon="0.1893253"><ele>135</ele></trkpt>
<trkpt lat="49.5687272" lon="0.1893974"><ele>135</ele></trkpt>
<trkpt lat="49.5687525" lon="0.1894684"><ele>135</ele></trkpt>
<trkpt lat="49.5687807" lon="0.1895289"><ele>135</ele></trkpt>
<trkpt lat="49.5688087" lon="0.1895876"><ele>140</ele></trkpt>
<trkpt lat="49.5688372" lon="0.1896502"><ele>140</ele></trkpt>
<trkpt lat="49.5688582" lon="0.189713"><ele>140</ele></trkpt>
<trkpt lat="49.5688779" lon="0.189779"><ele>135</ele></trkpt>
<trkpt lat="49.5688913" lon="0.1898551"><ele>135</ele></trkpt>
<trkpt lat="49.56887570000001" lon="0.1899297"><ele>135</ele></trkpt>
<trkpt lat="49.5688754" lon="0.1899997"><ele>135</ele></trkpt>
<trkpt lat="49.5688785" lon="0.1900738"><ele>135</ele></trkpt>
<trkpt lat="49.568874" lon="0.1901443"><ele>140</ele></trkpt>
<trkpt lat="49.5688787" lon="0.190216"><ele>140</ele></trkpt>
<trkpt lat="49.5688847" lon="0.1903589"><ele>140</ele></trkpt>
<trkpt lat="49.5688824" lon="0.1904306"><ele>140</ele></trkpt>
<trkpt lat="49.5688726" lon="0.1905014"><ele>140</ele></trkpt>
<trkpt lat="49.5688613" lon="0.1905695"><ele>140</ele></trkpt>
<trkpt lat="49.568847" lon="0.1906452"><ele>140</ele></trkpt>
<trkpt lat="49.5688429" lon="0.1907199"><ele>140</ele></trkpt>
<trkpt lat="49.56884300000001" lon="0.1907974"><ele>140</ele></trkpt>
<trkpt lat="49.5688432" lon="0.190868"><ele>140</ele></trkpt>
<trkpt lat="49.5688455" lon="0.1909406"><ele>140</ele></trkpt>
<trkpt lat="49.56885580000001" lon="0.1910154"><ele>140</ele></trkpt>
<trkpt lat="49.5688887" lon="0.191074"><ele>140</ele></trkpt>
<trkpt lat="49.5689287" lon="0.1911216"><ele>140</ele></trkpt>
<trkpt lat="49.56896809999999" lon="0.1911578"><ele>140</ele></trkpt>
<trkpt lat="49.5690105" lon="0.1911857"><ele>140</ele></trkpt>
<trkpt lat="49.5690563" lon="0.1912032"><ele>140</ele></trkpt>
<trkpt lat="49.5691083" lon="0.1912182"><ele>140</ele></trkpt>
<trkpt lat="49.5691516" lon="0.1912548"><ele>140</ele></trkpt>
<trkpt lat="49.56918719999999" lon="0.1913065"><ele>140</ele></trkpt>
<trkpt lat="49.5692016" lon="0.1913737"><ele>140</ele></trkpt>
<trkpt lat="49.5692302" lon="0.191439"><ele>140</ele></trkpt>
<trkpt lat="49.569273" lon="0.1914737"><ele>140</ele></trkpt>
<trkpt lat="49.5693052" lon="0.1915308"><ele>140</ele></trkpt>
<trkpt lat="49.5693355" lon="0.1915953"><ele>140</ele></trkpt>
<trkpt lat="49.5693615" lon="0.1916603"><ele>140</ele></trkpt>
<trkpt lat="49.5693933" lon="0.1917188"><ele>140</ele></trkpt>
<trkpt lat="49.5694251" lon="0.1917696"><ele>140</ele></trkpt>
<trkpt lat="49.5694572" lon="0.1918274"><ele>140</ele></trkpt>
<trkpt lat="49.56947819999999" lon="0.1918923"><ele>140</ele></trkpt>
<trkpt lat="49.5695061" lon="0.1919571"><ele>140</ele></trkpt>
<trkpt lat="49.5695396" lon="0.1920075"><ele>140</ele></trkpt>
<trkpt lat="49.56957539999999" lon="0.1920503"><ele>140</ele></trkpt>
<trkpt lat="49.569613" lon="0.1920947"><ele>140</ele></trkpt>
<trkpt lat="49.5696425" lon="0.1921576"><ele>140</ele></trkpt>
<trkpt lat="49.5696716" lon="0.192219"><ele>140</ele></trkpt>
<trkpt lat="49.56969789999999" lon="0.1922807"><ele>140</ele></trkpt>
<trkpt lat="49.5697246" lon="0.1923388"><ele>140</ele></trkpt>
<trkpt lat="49.5697564" lon="0.19239"><ele>140</ele></trkpt>
<trkpt lat="49.5697799" lon="0.1924509"><ele>140</ele></trkpt>
<trkpt lat="49.56980970000001" lon="0.1925031"><ele>140</ele></trkpt>
<trkpt lat="49.5698336" lon="0.1925672"><ele>140</ele></trkpt>
<trkpt lat="49.569861" lon="0.1926285"><ele>140</ele></trkpt>
<trkpt lat="49.5698883" lon="0.1926893"><ele>140</ele></trkpt>
<trkpt lat="49.5699211" lon="0.1927465"><ele>140</ele></trkpt>
<trkpt lat="49.5699413" lon="0.1928096"><ele>140</ele></trkpt>
<trkpt lat="49.5699679" lon="0.1928683"><ele>140</ele></trkpt>
<trkpt lat="49.5699971" lon="0.1929293"><ele>140</ele></trkpt>
<trkpt lat="49.5700286" lon="0.192989"><ele>140</ele></trkpt>
<trkpt lat="49.5700513" lon="0.1930554"><ele>140</ele></trkpt>
<trkpt lat="49.57007089999999" lon="0.1931246"><ele>140</ele></trkpt>
<trkpt lat="49.5700944" lon="0.1931911"><ele>140</ele></trkpt>
<trkpt lat="49.5701184" lon="0.1932513"><ele>140</ele></trkpt>
<trkpt lat="49.5701312" lon="0.19333"><ele>140</ele></trkpt>
<trkpt lat="49.5701257" lon="0.193404"><ele>140</ele></trkpt>
<trkpt lat="49.5701187" lon="0.1934796"><ele>140</ele></trkpt>
<trkpt lat="49.57011789999999" lon="0.1935512"><ele>140</ele></trkpt>
<trkpt lat="49.5701269" lon="0.1936196"><ele>140</ele></trkpt>
<trkpt lat="49.5701424" lon="0.1936913"><ele>140</ele></trkpt>
<trkpt lat="49.5701479" lon="0.1937657"><ele>140</ele></trkpt>
<trkpt lat="49.57014770000001" lon="0.193836"><ele>140</ele></trkpt>
<trkpt lat="49.5701611" lon="0.1939046"><ele>140</ele></trkpt>
<trkpt lat="49.5701739" lon="0.1939753"><ele>141</ele></trkpt>
<trkpt lat="49.5701826" lon="0.1940544"><ele>141</ele></trkpt>
<trkpt lat="49.5701779" lon="0.1941268"><ele>141</ele></trkpt>
<trkpt lat="49.5701785" lon="0.1941977"><ele>141</ele></trkpt>
<trkpt lat="49.57018539999999" lon="0.1942694"><ele>141</ele></trkpt>
<trkpt lat="49.570191" lon="0.1943474"><ele>135</ele></trkpt>
<trkpt lat="49.57020229999999" lon="0.1944916"><ele>135</ele></trkpt>
<trkpt lat="49.5702158" lon="0.1945691"><ele>135</ele></trkpt>
<trkpt lat="49.57022849999999" lon="0.1946521"><ele>135</ele></trkpt>
<trkpt lat="49.57024430000001" lon="0.1947252"><ele>136</ele></trkpt>
<trkpt lat="49.5702496" lon="0.1947965"><ele>136</ele></trkpt>
<trkpt lat="49.57025470000001" lon="0.1948692"><ele>136</ele></trkpt>
<trkpt lat="49.57027369999999" lon="0.1949434"><ele>136</ele></trkpt>
<trkpt lat="49.5702977" lon="0.1950104"><ele>136</ele></trkpt>
<trkpt lat="49.570325" lon="0.1950706"><ele>135</ele></trkpt>
<trkpt lat="49.57034259999999" lon="0.1951357"><ele>136</ele></trkpt>
<trkpt lat="49.57035929999999" lon="0.1952006"><ele>136</ele></trkpt>
<trkpt lat="49.57038369999999" lon="0.19527"><ele>136</ele></trkpt>
<trkpt lat="49.5704224" lon="0.1953196"><ele>135</ele></trkpt>
<trkpt lat="49.57045409999999" lon="0.1953717"><ele>134</ele></trkpt>
<trkpt lat="49.5704835" lon="0.1954288"><ele>135</ele></trkpt>
<trkpt lat="49.5705069" lon="0.1954882"><ele>135</ele></trkpt>
<trkpt lat="49.5705325" lon="0.1955482"><ele>135</ele></trkpt>
<trkpt lat="49.5705619" lon="0.1956008"><ele>135</ele></trkpt>
<trkpt lat="49.5705992" lon="0.1956538"><ele>135</ele></trkpt>
<trkpt lat="49.57063220000001" lon="0.1957018"><ele>136</ele></trkpt>
<trkpt lat="49.5706648" lon="0.1957545"><ele>136</ele></trkpt>
<trkpt lat="49.57070180000001" lon="0.1957993"><ele>136</ele></trkpt>
<trkpt lat="49.5707298" lon="0.1958549"><ele>135</ele></trkpt>
<trkpt lat="49.5707529" lon="0.1959186"><ele>135</ele></trkpt>
<trkpt lat="49.5707802" lon="0.1959741"><ele>135</ele></trkpt>
<trkpt lat="49.57082239999999" lon="0.1960213"><ele>134</ele></trkpt>
<trkpt lat="49.5708586" lon="0.1960654"><ele>134</ele></trkpt>
<trkpt lat="49.570893" lon="0.1961197"><ele>134</ele></trkpt>
<trkpt lat="49.57092939999999" lon="0.1961805"><ele>134</ele></trkpt>
<trkpt lat="49.5709668" lon="0.1962216"><ele>134</ele></trkpt>
<trkpt lat="49.5709983" lon="0.1962755"><ele>132</ele></trkpt>
<trkpt lat="49.5710594" lon="0.1963849"><ele>130</ele></trkpt>
<trkpt lat="49.57109210000001" lon="0.1964347"><ele>129</ele></trkpt>
<trkpt lat="49.5711294" lon="0.1964853"><ele>129</ele></trkpt>
<trkpt lat="49.571166" lon="0.1965268"><ele>127</ele></trkpt>
<trkpt lat="49.5711959" lon="0.1965812"><ele>126</ele></trkpt>
<trkpt lat="49.5712188" lon="0.196641"><ele>126</ele></trkpt>
<trkpt lat="49.5712543" lon="0.1966872"><ele>126</ele></trkpt>
<trkpt lat="49.571289" lon="0.1967431"><ele>126</ele></trkpt>
<trkpt lat="49.5713326" lon="0.1967753"><ele>125</ele></trkpt>
<trkpt lat="49.571377" lon="0.1967989"><ele>125</ele></trkpt>
<trkpt lat="49.5714225" lon="0.1968019"><ele>126</ele></trkpt>
<trkpt lat="49.5714707" lon="0.1967955"><ele>127</ele></trkpt>
<trkpt lat="49.5715183" lon="0.1967813"><ele>127</ele></trkpt>
<trkpt lat="49.5715631" lon="0.1967546"><ele>127</ele></trkpt>
<trkpt lat="49.5716119" lon="0.1967541"><ele>126</ele></trkpt>
<trkpt lat="49.5716572" lon="0.196759"><ele>127</ele></trkpt>
<trkpt lat="49.5716966" lon="0.1967996"><ele>127</ele></trkpt>
<trkpt lat="49.571737" lon="0.1968428"><ele>129</ele></trkpt>
<trkpt lat="49.5717673" lon="0.1969031"><ele>129</ele></trkpt>
<trkpt lat="49.57178890000001" lon="0.1969742"><ele>130</ele></trkpt>
<trkpt lat="49.571809" lon="0.1970411"><ele>131</ele></trkpt>
<trkpt lat="49.5718229" lon="0.1971086"><ele>131</ele></trkpt>
<trkpt lat="49.5718411" lon="0.1971781"><ele>131</ele></trkpt>
<trkpt lat="49.5718627" lon="0.1972395"><ele>131</ele></trkpt>
<trkpt lat="49.5718871" lon="0.1972997"><ele>132</ele></trkpt>
<trkpt lat="49.5719094" lon="0.1973621"><ele>132</ele></trkpt>
<trkpt lat="49.57193010000001" lon="0.1974246"><ele>133</ele></trkpt>
<trkpt lat="49.57195409999999" lon="0.1974842"><ele>133</ele></trkpt>
<trkpt lat="49.5719706" lon="0.197551"><ele>133</ele></trkpt>
<trkpt lat="49.5719879" lon="0.1976233"><ele>133</ele></trkpt>
<trkpt lat="49.572009" lon="0.1976931"><ele>133</ele></trkpt>
<trkpt lat="49.57203030000001" lon="0.1977564"><ele>134</ele></trkpt>
<trkpt lat="49.57205579999999" lon="0.1978202"><ele>134</ele></trkpt>
<trkpt lat="49.5720755" lon="0.1978899"><ele>134</ele></trkpt>
<trkpt lat="49.5720998" lon="0.1979545"><ele>133</ele></trkpt>
<trkpt lat="49.5721223" lon="0.1980226"><ele>134</ele></trkpt>
<trkpt lat="49.5721409" lon="0.1980894"><ele>134</ele></trkpt>
<trkpt lat="49.5721701" lon="0.1981508"><ele>136</ele></trkpt>
<trkpt lat="49.57218900000001" lon="0.1982148"><ele>136</ele></trkpt>
<trkpt lat="49.5722043" lon="0.1982857"><ele>137</ele></trkpt>
<trkpt lat="49.572236" lon="0.1983387"><ele>138</ele></trkpt>
<trkpt lat="49.5722649" lon="0.1984012"><ele>139</ele></trkpt>
<trkpt lat="49.57229450000001" lon="0.1984589"><ele>140</ele></trkpt>
<trkpt lat="49.5723232" lon="0.198515"><ele>140</ele></trkpt>
<trkpt lat="49.5723587" lon="0.1985654"><ele>140</ele></trkpt>
<trkpt lat="49.5723907" lon="0.1986178"><ele>140</ele></trkpt>
<trkpt lat="49.5724244" lon="0.1986662"><ele>140</ele></trkpt>
<trkpt lat="49.57246359999999" lon="0.1987009"><ele>140</ele></trkpt>
<trkpt lat="49.57250019999999" lon="0.1987421"><ele>139</ele></trkpt>
<trkpt lat="49.5725417" lon="0.1987862"><ele>138</ele></trkpt>
<trkpt lat="49.5725836" lon="0.1988262"><ele>137</ele></trkpt>
<trkpt lat="49.57261729999999" lon="0.1988747"><ele>138</ele></trkpt>
<trkpt lat="49.572651" lon="0.1989328"><ele>137</ele></trkpt>
<trkpt lat="49.572687" lon="0.1989755"><ele>138</ele></trkpt>
<trkpt lat="49.5727266" lon="0.1990239"><ele>138</ele></trkpt>
<trkpt lat="49.5727628" lon="0.1990685"><ele>139</ele></trkpt>
<trkpt lat="49.57279389999999" lon="0.199119"><ele>139</ele></trkpt>
<trkpt lat="49.57282359999999" lon="0.1991719"><ele>139</ele></trkpt>
<trkpt lat="49.57285509999999" lon="0.1992325"><ele>140</ele></trkpt>
<trkpt lat="49.5728885" lon="0.1992837"><ele>140</ele></trkpt>
<trkpt lat="49.5729189" lon="0.1993462"><ele>141</ele></trkpt>
<trkpt lat="49.5729477" lon="0.1993995"><ele>141</ele></trkpt>
<trkpt lat="49.5729793" lon="0.1994551"><ele>142</ele></trkpt>
<trkpt lat="49.5730131" lon="0.1995087"><ele>142</ele></trkpt>
<trkpt lat="49.5730515" lon="0.1995608"><ele>141</ele></trkpt>
<trkpt lat="49.5730815" lon="0.1996168"><ele>141</ele></trkpt>
<trkpt lat="49.5731103" lon="0.1996725"><ele>141</ele></trkpt>
<trkpt lat="49.5731342" lon="0.1997348"><ele>141</ele></trkpt>
<trkpt lat="49.5731632" lon="0.1997959"><ele>141</ele></trkpt>
<trkpt lat="49.573196" lon="0.1998503"><ele>141</ele></trkpt>
<trkpt lat="49.5732269" lon="0.1999075"><ele>141</ele></trkpt>
<trkpt lat="49.5732545" lon="0.1999652"><ele>141</ele></trkpt>
<trkpt lat="49.5732777" lon="0.200026"><ele>142</ele></trkpt>
<trkpt lat="49.5733047" lon="0.2000864"><ele>142</ele></trkpt>
<trkpt lat="49.57333879999999" lon="0.2001391"><ele>141</ele></trkpt>
<trkpt lat="49.5733678" lon="0.2001926"><ele>141</ele></trkpt>
<trkpt lat="49.5733934" lon="0.2002499"><ele>141</ele></trkpt>
<trkpt lat="49.57342" lon="0.2003135"><ele>142</ele></trkpt>
<trkpt lat="49.5734501" lon="0.200373"><ele>141</ele></trkpt>
<trkpt lat="49.5734885" lon="0.2004179"><ele>140</ele></trkpt>
<trkpt lat="49.5735188" lon="0.2004724"><ele>140</ele></trkpt>
<trkpt lat="49.5735462" lon="0.2005291"><ele>139</ele></trkpt>
<trkpt lat="49.5735685" lon="0.2005964"><ele>140</ele></trkpt>
<trkpt lat="49.57359090000001" lon="0.2006638"><ele>140</ele></trkpt>
<trkpt lat="49.5736071" lon="0.2007324"><ele>140</ele></trkpt>
<trkpt lat="49.5736265" lon="0.2008036"><ele>141</ele></trkpt>
<trkpt lat="49.5736572" lon="0.2008655"><ele>141</ele></trkpt>
<trkpt lat="49.5736685" lon="0.2009398"><ele>141</ele></trkpt>
<trkpt lat="49.57368510000001" lon="0.2010063"><ele>141</ele></trkpt>
<trkpt lat="49.57370770000001" lon="0.2010677"><ele>141</ele></trkpt>
<trkpt lat="49.5737235" lon="0.2011373"><ele>150</ele></trkpt>
<trkpt lat="49.57373860000001" lon="0.2012043"><ele>150</ele></trkpt>
<trkpt lat="49.5737498" lon="0.2012785"><ele>143</ele></trkpt>
<trkpt lat="49.5737661" lon="0.201351"><ele>144</ele></trkpt>
<trkpt lat="49.57376690000001" lon="0.2014257"><ele>143</ele></trkpt>
<trkpt lat="49.5737729" lon="0.2014966"><ele>150</ele></trkpt>
<trkpt lat="49.5737932" lon="0.201565"><ele>150</ele></trkpt>
<trkpt lat="49.5738166" lon="0.2016337"><ele>150</ele></trkpt>
<trkpt lat="49.5738298" lon="0.2017009"><ele>150</ele></trkpt>
<trkpt lat="49.5738518" lon="0.2017708"><ele>150</ele></trkpt>
<trkpt lat="49.5738744" lon="0.2018411"><ele>150</ele></trkpt>
<trkpt lat="49.5738966" lon="0.2019064"><ele>150</ele></trkpt>
<trkpt lat="49.5739277" lon="0.2019591"><ele>150</ele></trkpt>
<trkpt lat="49.5739581" lon="0.2020137"><ele>150</ele></trkpt>
<trkpt lat="49.5739889" lon="0.2020707"><ele>150</ele></trkpt>
<trkpt lat="49.57401990000001" lon="0.2021285"><ele>150</ele></trkpt>
<trkpt lat="49.5740461" lon="0.2021885"><ele>150</ele></trkpt>
<trkpt lat="49.57407629999999" lon="0.2022436"><ele>150</ele></trkpt>
<trkpt lat="49.57410960000001" lon="0.2023024"><ele>150</ele></trkpt>
<trkpt lat="49.5741392" lon="0.2023593"><ele>150</ele></trkpt>
<trkpt lat="49.5741699" lon="0.2024198"><ele>150</ele></trkpt>
<trkpt lat="49.5741996" lon="0.2024822"><ele>150</ele></trkpt>
<trkpt lat="49.5742278" lon="0.2025375"><ele>142</ele></trkpt>
<trkpt lat="49.57425909999999" lon="0.2025966"><ele>143</ele></trkpt>
<trkpt lat="49.5742828" lon="0.202659"><ele>144</ele></trkpt>
<trkpt lat="49.57431199999999" lon="0.2027151"><ele>144</ele></trkpt>
<trkpt lat="49.5743485" lon="0.2027688"><ele>144</ele></trkpt>
<trkpt lat="49.57438460000001" lon="0.2028128"><ele>144</ele></trkpt>
<trkpt lat="49.5744213" lon="0.2028568"><ele>143</ele></trkpt>
<trkpt lat="49.5744549" lon="0.2029217"><ele>143</ele></trkpt>
<trkpt lat="49.5744843" lon="0.2029804"><ele>143</ele></trkpt>
<trkpt lat="49.57451720000001" lon="0.2030387"><ele>143</ele></trkpt>
<trkpt lat="49.5745514" lon="0.2030857"><ele>143</ele></trkpt>
<trkpt lat="49.5745788" lon="0.2031448"><ele>143</ele></trkpt>
<trkpt lat="49.57463430000001" lon="0.203254"><ele>143</ele></trkpt>
<trkpt lat="49.5746666" lon="0.2033039"><ele>143</ele></trkpt>
<trkpt lat="49.5747002" lon="0.20336"><ele>143</ele></trkpt>
<trkpt lat="49.57473319999999" lon="0.2034087"><ele>143</ele></trkpt>
<trkpt lat="49.574766" lon="0.2034619"><ele>143</ele></trkpt>
<trkpt lat="49.5747964" lon="0.2035193"><ele>142</ele></trkpt>
<trkpt lat="49.5748306" lon="0.2035704"><ele>141</ele></trkpt>
<trkpt lat="49.5748565" lon="0.2036271"><ele>141</ele></trkpt>
<trkpt lat="49.5748909" lon="0.2036766"><ele>141</ele></trkpt>
<trkpt lat="49.5749266" lon="0.2037194"><ele>141</ele></trkpt>
<trkpt lat="49.5749917" lon="0.2038234"><ele>140</ele></trkpt>
<trkpt lat="49.57502" lon="0.2038896"><ele>140</ele></trkpt>
<trkpt lat="49.5750492" lon="0.2039435"><ele>140</ele></trkpt>
<trkpt lat="49.57508159999999" lon="0.2039958"><ele>140</ele></trkpt>
<trkpt lat="49.5751094" lon="0.2040504"><ele>140</ele></trkpt>
<trkpt lat="49.5751332" lon="0.2041098"><ele>140</ele></trkpt>
<trkpt lat="49.5751586" lon="0.2041682"><ele>139</ele></trkpt>
<trkpt lat="49.5751965" lon="0.2042147"><ele>138</ele></trkpt>
<trkpt lat="49.5752319" lon="0.2042724"><ele>138</ele></trkpt>
<trkpt lat="49.5752641" lon="0.2043229"><ele>137</ele></trkpt>
<trkpt lat="49.575295" lon="0.2043746"><ele>137</ele></trkpt>
<trkpt lat="49.57533159999999" lon="0.2044294"><ele>137</ele></trkpt>
<trkpt lat="49.57536489999999" lon="0.2044829"><ele>137</ele></trkpt>
<trkpt lat="49.575409" lon="0.2045074"><ele>136</ele></trkpt>
<trkpt lat="49.5754535" lon="0.2045267"><ele>135</ele></trkpt>
<trkpt lat="49.5754991" lon="0.2045568"><ele>133</ele></trkpt>
<trkpt lat="49.5755184" lon="0.204624"><ele>133</ele></trkpt>
<trkpt lat="49.5755523" lon="0.2046698"><ele>133</ele></trkpt>
<trkpt lat="49.57558989999999" lon="0.2047165"><ele>134</ele></trkpt>
<trkpt lat="49.5756152" lon="0.2047749"><ele>134</ele></trkpt>
<trkpt lat="49.5756537" lon="0.204827"><ele>134</ele></trkpt>
<trkpt lat="49.5756924" lon="0.2048729"><ele>134</ele></trkpt>
<trkpt lat="49.57573510000001" lon="0.2049192"><ele>134</ele></trkpt>
<trkpt lat="49.575775" lon="0.2049552"><ele>134</ele></trkpt>
<trkpt lat="49.57582179999999" lon="0.2049774"><ele>134</ele></trkpt>
<trkpt lat="49.5758666" lon="0.2050026"><ele>135</ele></trkpt>
<trkpt lat="49.57591249999999" lon="0.2050331"><ele>136</ele></trkpt>
<trkpt lat="49.5759583" lon="0.2050522"><ele>137</ele></trkpt>
<trkpt lat="49.57600290000001" lon="0.2050747"><ele>137</ele></trkpt>
<trkpt lat="49.5760438" lon="0.2051081"><ele>137</ele></trkpt>
<trkpt lat="49.5760885" lon="0.2051371"><ele>137</ele></trkpt>
<trkpt lat="49.5761342" lon="0.2051538"><ele>137</ele></trkpt>
<trkpt lat="49.57617380000001" lon="0.2051963"><ele>136</ele></trkpt>
<trkpt lat="49.5762227" lon="0.205204"><ele>135</ele></trkpt>
<trkpt lat="49.5762666" lon="0.2052289"><ele>135</ele></trkpt>
<trkpt lat="49.5763094" lon="0.2052577"><ele>135</ele></trkpt>
<trkpt lat="49.5763468" lon="0.2053085"><ele>134</ele></trkpt>
<trkpt lat="49.5763913" lon="0.205339"><ele>133</ele></trkpt>
<trkpt lat="49.57643239999999" lon="0.2053105"><ele>130</ele></trkpt>
<trkpt lat="49.5764851" lon="0.2053215"><ele>131</ele></trkpt>
<trkpt lat="49.5765304" lon="0.2053471"><ele>131</ele></trkpt>
<trkpt lat="49.5765719" lon="0.2053784"><ele>132</ele></trkpt>
<trkpt lat="49.5766148" lon="0.2054163"><ele>132</ele></trkpt>
<trkpt lat="49.5766537" lon="0.2054516"><ele>132</ele></trkpt>
<trkpt lat="49.5766926" lon="0.205492"><ele>133</ele></trkpt>
<trkpt lat="49.57673439999999" lon="0.205519"><ele>132</ele></trkpt>
<trkpt lat="49.5767778" lon="0.2055544"><ele>133</ele></trkpt>
<trkpt lat="49.5768201" lon="0.20559"><ele>133</ele></trkpt>
<trkpt lat="49.576866" lon="0.2056206"><ele>133</ele></trkpt>
<trkpt lat="49.5769073" lon="0.2056575"><ele>132</ele></trkpt>
<trkpt lat="49.5769486" lon="0.2056988"><ele>132</ele></trkpt>
<trkpt lat="49.5769871" lon="0.2057374"><ele>132</ele></trkpt>
<trkpt lat="49.5770291" lon="0.2057704"><ele>132</ele></trkpt>
<trkpt lat="49.5770701" lon="0.2058055"><ele>132</ele></trkpt>
<trkpt lat="49.57711230000001" lon="0.2058481"><ele>131</ele></trkpt>
<trkpt lat="49.5771573" lon="0.2058836"><ele>131</ele></trkpt>
<trkpt lat="49.57719929999999" lon="0.2059228"><ele>131</ele></trkpt>
<trkpt lat="49.577236" lon="0.2059684"><ele>130</ele></trkpt>
<trkpt lat="49.5772777" lon="0.2059961"><ele>129</ele></trkpt>
<trkpt lat="49.5773194" lon="0.2060362"><ele>130</ele></trkpt>
<trkpt lat="49.5773541" lon="0.2060822"><ele>129</ele></trkpt>
<trkpt lat="49.57739050000001" lon="0.2061308"><ele>129</ele></trkpt>
<trkpt lat="49.57742380000001" lon="0.2061872"><ele>128</ele></trkpt>
<trkpt lat="49.5774536" lon="0.2062397"><ele>129</ele></trkpt>
<trkpt lat="49.5774881" lon="0.2062993"><ele>128</ele></trkpt>
<trkpt lat="49.5775292" lon="0.2063454"><ele>128</ele></trkpt>
<trkpt lat="49.5775688" lon="0.2063915"><ele>127</ele></trkpt>
<trkpt lat="49.5776041" lon="0.2064359"><ele>127</ele></trkpt>
<trkpt lat="49.5776359" lon="0.2064864"><ele>126</ele></trkpt>
<trkpt lat="49.5776689" lon="0.2065427"><ele>125</ele></trkpt>
<trkpt lat="49.5777026" lon="0.2065946"><ele>124</ele></trkpt>
<trkpt lat="49.5777378" lon="0.2066481"><ele>124</ele></trkpt>
<trkpt lat="49.5777754" lon="0.2067001"><ele>124</ele></trkpt>
<trkpt lat="49.5778171" lon="0.2067429"><ele>124</ele></trkpt>
<trkpt lat="49.577854" lon="0.2067926"><ele>124</ele></trkpt>
<trkpt lat="49.5778892" lon="0.2068398"><ele>124</ele></trkpt>
<trkpt lat="49.5779255" lon="0.2068918"><ele>123</ele></trkpt>
<trkpt lat="49.5779576" lon="0.2069445"><ele>124</ele></trkpt>
<trkpt lat="49.5779906" lon="0.2069964"><ele>125</ele></trkpt>
<trkpt lat="49.57802449999999" lon="0.2070428"><ele>126</ele></trkpt>
<trkpt lat="49.5780633" lon="0.2070937"><ele>127</ele></trkpt>
<trkpt lat="49.57810299999999" lon="0.2071381"><ele>127</ele></trkpt>
<trkpt lat="49.5781407" lon="0.2071789"><ele>127</ele></trkpt>
<trkpt lat="49.5781779" lon="0.2072308"><ele>126</ele></trkpt>
<trkpt lat="49.57821280000001" lon="0.207277"><ele>126</ele></trkpt>
<trkpt lat="49.5782493" lon="0.2073195"><ele>124</ele></trkpt>
<trkpt lat="49.57828500000001" lon="0.207366"><ele>123</ele></trkpt>
<trkpt lat="49.5783152" lon="0.2074268"><ele>122</ele></trkpt>
<trkpt lat="49.57835780000001" lon="0.2074632"><ele>121</ele></trkpt>
<trkpt lat="49.57839320000001" lon="0.2075141"><ele>120</ele></trkpt>
<trkpt lat="49.5784232" lon="0.2075659"><ele>120</ele></trkpt>
<trkpt lat="49.5784627" lon="0.2076065"><ele>119</ele></trkpt>
<trkpt lat="49.5785408" lon="0.2076804"><ele>120</ele></trkpt>
<trkpt lat="49.5785731" lon="0.2077305"><ele>120</ele></trkpt>
<trkpt lat="49.5786093" lon="0.207776"><ele>121</ele></trkpt>
<trkpt lat="49.5786465" lon="0.2078217"><ele>121</ele></trkpt>
<trkpt lat="49.5786876" lon="0.2078556"><ele>121</ele></trkpt>
<trkpt lat="49.5787336" lon="0.2078874"><ele>120</ele></trkpt>
<trkpt lat="49.57878049999999" lon="0.2079197"><ele>120</ele></trkpt>
<trkpt lat="49.5788219" lon="0.2079471"><ele>120</ele></trkpt>
<trkpt lat="49.5788989" lon="0.2080246"><ele>118</ele></trkpt>
<trkpt lat="49.5789431" lon="0.2080658"><ele>118</ele></trkpt>
<trkpt lat="49.57898349999999" lon="0.208105"><ele>118</ele></trkpt>
<trkpt lat="49.5790242" lon="0.2081353"><ele>117</ele></trkpt>
<trkpt lat="49.5790672" lon="0.2081705"><ele>116</ele></trkpt>
<trkpt lat="49.5791118" lon="0.2082053"><ele>115</ele></trkpt>
<trkpt lat="49.5791554" lon="0.2082298"><ele>112</ele></trkpt>
<trkpt lat="49.57920319999999" lon="0.2082527"><ele>111</ele></trkpt>
<trkpt lat="49.5792447" lon="0.20828"><ele>110</ele></trkpt>
<trkpt lat="49.5792914" lon="0.2082949"><ele>111</ele></trkpt>
<trkpt lat="49.5793379" lon="0.2083356"><ele>111</ele></trkpt>
<trkpt lat="49.57937949999999" lon="0.2083655"><ele>112</ele></trkpt>
<trkpt lat="49.5794215" lon="0.208394"><ele>113</ele></trkpt>
<trkpt lat="49.5794628" lon="0.2084275"><ele>112</ele></trkpt>
<trkpt lat="49.57950579999999" lon="0.2084494"><ele>112</ele></trkpt>
<trkpt lat="49.5795539" lon="0.2084602"><ele>113</ele></trkpt>
<trkpt lat="49.5795975" lon="0.2084982"><ele>112</ele></trkpt>
<trkpt lat="49.5796489" lon="0.2084964"><ele>111</ele></trkpt>
<trkpt lat="49.5796968" lon="0.2085141"><ele>110</ele></trkpt>
<trkpt lat="49.5797404" lon="0.2085312"><ele>109</ele></trkpt>
<trkpt lat="49.5797898" lon="0.2085457"><ele>108</ele></trkpt>
<trkpt lat="49.57983970000001" lon="0.2085571"><ele>107</ele></trkpt>
<trkpt lat="49.57988310000001" lon="0.20859"><ele>107</ele></trkpt>
<trkpt lat="49.5799237" lon="0.2086294"><ele>107</ele></trkpt>
<trkpt lat="49.579968" lon="0.2086487"><ele>108</ele></trkpt>
<trkpt lat="49.5800144" lon="0.2086581"><ele>108</ele></trkpt>
<trkpt lat="49.5800624" lon="0.208686"><ele>99.00000000000001</ele></trkpt>
<trkpt lat="49.5801075" lon="0.2087163"><ele>99.00000000000001</ele></trkpt>
<trkpt lat="49.5801528" lon="0.2087425"><ele>99.00000000000001</ele></trkpt>
<trkpt lat="49.5801982" lon="0.2087708"><ele>99.00000000000001</ele></trkpt>
<trkpt lat="49.58024690000001" lon="0.2087884"><ele>99.00000000000001</ele></trkpt>
<trkpt lat="49.5802931" lon="0.20881"><ele>99.00000000000001</ele></trkpt>
<trkpt lat="49.5803359" lon="0.2088338"><ele>99.00000000000001</ele></trkpt>
<trkpt lat="49.5803773" lon="0.2088635"><ele>99.00000000000001</ele></trkpt>
<trkpt lat="49.58042759999999" lon="0.2089009"><ele>99.00000000000001</ele></trkpt>
<trkpt lat="49.5804705" lon="0.2089306"><ele>99.00000000000001</ele></trkpt>
<trkpt lat="49.58051300000001" lon="0.2089566"><ele>99.00000000000001</ele></trkpt>
<trkpt lat="49.58056019999999" lon="0.2089877"><ele>99.00000000000001</ele></trkpt>
<trkpt lat="49.5805984" lon="0.2090328"><ele>98.00000000000001</ele></trkpt>
<trkpt lat="49.5806379" lon="0.2090661"><ele>98.00000000000001</ele></trkpt>
<trkpt lat="49.5806803" lon="0.2090993"><ele>98.00000000000001</ele></trkpt>
<trkpt lat="49.5807384" lon="0.2092125"><ele>98.00000000000001</ele></trkpt>
<trkpt lat="49.5807827" lon="0.2093119"><ele>97</ele></trkpt>
<trkpt lat="49.5808187" lon="0.209358"><ele>98.00000000000001</ele></trkpt>
<trkpt lat="49.5808548" lon="0.2094058"><ele>96</ele></trkpt>
<trkpt lat="49.5808916" lon="0.2094481"><ele>95</ele></trkpt>
<trkpt lat="49.58092950000001" lon="0.2094982"><ele>98.00000000000001</ele></trkpt>
<trkpt lat="49.58096810000001" lon="0.2095452"><ele>98.00000000000001</ele></trkpt>
<trkpt lat="49.581005" lon="0.2095948"><ele>98.00000000000001</ele></trkpt>
<trkpt lat="49.58103879999999" lon="0.2096439"><ele>98.00000000000001</ele></trkpt>
<trkpt lat="49.5810762" lon="0.2096875"><ele>98.00000000000001</ele></trkpt>
<trkpt lat="49.5811084" lon="0.2097404"><ele>98.00000000000001</ele></trkpt>
<trkpt lat="49.5811411" lon="0.2097909"><ele>98.00000000000001</ele></trkpt>
<trkpt lat="49.5811806" lon="0.2098314"><ele>98.00000000000001</ele></trkpt>
<trkpt lat="49.58122460000001" lon="0.209864"><ele>98.00000000000001</ele></trkpt>
<trkpt lat="49.5812654" lon="0.2098985"><ele>98.00000000000001</ele></trkpt>
<trkpt lat="49.581298" lon="0.2099468"><ele>93</ele></trkpt>
<trkpt lat="49.5813433" lon="0.2099786"><ele>93</ele></trkpt>
<trkpt lat="49.5813871" lon="0.2100116"><ele>93</ele></trkpt>
<trkpt lat="49.5814232" lon="0.2100585"><ele>93</ele></trkpt>
<trkpt lat="49.5814623" lon="0.2101085"><ele>93</ele></trkpt>
<trkpt lat="49.58150140000001" lon="0.2101581"><ele>96</ele></trkpt>
<trkpt lat="49.5815401" lon="0.2102004"><ele>95</ele></trkpt>
<trkpt lat="49.5815785" lon="0.2102465"><ele>95</ele></trkpt>
<trkpt lat="49.58161550000001" lon="0.2102932"><ele>93</ele></trkpt>
<trkpt lat="49.5816502" lon="0.2103379"><ele>93</ele></trkpt>
<trkpt lat="49.58168570000001" lon="0.210383"><ele>93</ele></trkpt>
<trkpt lat="49.5817262" lon="0.2104299"><ele>92</ele></trkpt>
<trkpt lat="49.5817666" lon="0.2104739"><ele>92</ele></trkpt>
<trkpt lat="49.58180100000001" lon="0.2105257"><ele>92</ele></trkpt>
<trkpt lat="49.5818331" lon="0.2105765"><ele>92</ele></trkpt>
<trkpt lat="49.5818699" lon="0.2106277"><ele>92</ele></trkpt>
<trkpt lat="49.58190439999999" lon="0.2106759"><ele>92</ele></trkpt>
<trkpt lat="49.5819401" lon="0.2107249"><ele>93</ele></trkpt>
<trkpt lat="49.5819791" lon="0.2107609"><ele>92</ele></trkpt>
<trkpt lat="49.58204919999999" lon="0.2108549"><ele>92</ele></trkpt>
<trkpt lat="49.5821196" lon="0.2109487"><ele>92</ele></trkpt>
<trkpt lat="49.58215469999999" lon="0.2109977"><ele>91</ele></trkpt>
<trkpt lat="49.5821867" lon="0.2110488"><ele>91</ele></trkpt>
<trkpt lat="49.58222189999999" lon="0.2110938"><ele>91</ele></trkpt>
<trkpt lat="49.5822561" lon="0.2111482"><ele>90</ele></trkpt>
<trkpt lat="49.58228819999999" lon="0.211206"><ele>90</ele></trkpt>
<trkpt lat="49.5822958" lon="0.2112759"><ele>89</ele></trkpt>
<trkpt lat="49.5823219" lon="0.211336"><ele>92</ele></trkpt>
<trkpt lat="49.5823531" lon="0.2113909"><ele>92</ele></trkpt>
<trkpt lat="49.5823861" lon="0.2114406"><ele>89</ele></trkpt>
<trkpt lat="49.5824236" lon="0.2114981"><ele>88</ele></trkpt>
<trkpt lat="49.5824497" lon="0.211559"><ele>88</ele></trkpt>
<trkpt lat="49.5824881" lon="0.2116039"><ele>88</ele></trkpt>
<trkpt lat="49.58251060000001" lon="0.2116643"><ele>88</ele></trkpt>
<trkpt lat="49.5825434" lon="0.2117218"><ele>87</ele></trkpt>
<trkpt lat="49.5825824" lon="0.2117582"><ele>87</ele></trkpt>
<trkpt lat="49.5825955" lon="0.211828"><ele>87</ele></trkpt>
<trkpt lat="49.5826084" lon="0.211903"><ele>87</ele></trkpt>
<trkpt lat="49.5826294" lon="0.2119764"><ele>87</ele></trkpt>
<trkpt lat="49.5826596" lon="0.2120368"><ele>87</ele></trkpt>
<trkpt lat="49.5826912" lon="0.2120917"><ele>87</ele></trkpt>
<trkpt lat="49.5827268" lon="0.212138"><ele>86</ele></trkpt>
<trkpt lat="49.5827621" lon="0.2121908"><ele>86</ele></trkpt>
<trkpt lat="49.5827974" lon="0.212242"><ele>86</ele></trkpt>
<trkpt lat="49.5828202" lon="0.2123144"><ele>86</ele></trkpt>
<trkpt lat="49.5828451" lon="0.2124531"><ele>85</ele></trkpt>
<trkpt lat="49.5828697" lon="0.2125251"><ele>85</ele></trkpt>
<trkpt lat="49.5828901" lon="0.2125978"><ele>85</ele></trkpt>
<trkpt lat="49.5829087" lon="0.212666"><ele>84</ele></trkpt>
<trkpt lat="49.5829305" lon="0.2127296"><ele>84</ele></trkpt>
<trkpt lat="49.5829331" lon="0.2127991"><ele>85</ele></trkpt>
<trkpt lat="49.582937" lon="0.212873"><ele>85</ele></trkpt>
<trkpt lat="49.5829428" lon="0.2129522"><ele>84</ele></trkpt>
<trkpt lat="49.5829438" lon="0.213023"><ele>84</ele></trkpt>
<trkpt lat="49.5829388" lon="0.2130923"><ele>84</ele></trkpt>
<trkpt lat="49.58294779999999" lon="0.2131635"><ele>84</ele></trkpt>
<trkpt lat="49.5829438" lon="0.2132392"><ele>83</ele></trkpt>
<trkpt lat="49.5829299" lon="0.2133138"><ele>83</ele></trkpt>
<trkpt lat="49.5829151" lon="0.2133807"><ele>83</ele></trkpt>
<trkpt lat="49.58289039999999" lon="0.2134441"><ele>83</ele></trkpt>
<trkpt lat="49.5828654" lon="0.2135053"><ele>83</ele></trkpt>
<trkpt lat="49.5828443" lon="0.2135712"><ele>83</ele></trkpt>
<trkpt lat="49.5828272" lon="0.2136379"><ele>83</ele></trkpt>
<trkpt lat="49.5828139" lon="0.2137049"><ele>83</ele></trkpt>
<trkpt lat="49.5828126" lon="0.2137763"><ele>83</ele></trkpt>
<trkpt lat="49.5828022" lon="0.2138494"><ele>83</ele></trkpt>
<trkpt lat="49.5828038" lon="0.2139232"><ele>83</ele></trkpt>
<trkpt lat="49.5828062" lon="0.2140625"><ele>83</ele></trkpt>
<trkpt lat="49.58279600000001" lon="0.2141309"><ele>82</ele></trkpt>
<trkpt lat="49.5827876" lon="0.2142024"><ele>83</ele></trkpt>
<trkpt lat="49.58276060000001" lon="0.2142608"><ele>82</ele></trkpt>
<trkpt lat="49.58272279999999" lon="0.2143052"><ele>82</ele></trkpt>
<trkpt lat="49.5826799" lon="0.2143351"><ele>82</ele></trkpt>
</trkseg></trk>
</gpx>